# Created by FreeCAD <https://www.freecad.org>
v 0.000000 23.333334 0.000000
v 80.000000 23.333334 0.000000
v 80.000000 23.133713 3.045611
v 0.000000 23.133713 3.045611
v 0.000000 22.538269 6.039111
v 80.000000 22.538269 6.039111
v 80.000000 21.557190 8.929280
v 0.000000 21.557190 8.929280
v 0.000000 20.207260 11.666667
v 80.000000 20.207260 11.666667
v 80.000000 18.511578 14.204433
v 0.000000 18.511578 14.204433
v 0.000000 16.499159 16.499159
v 80.000000 16.499159 16.499159
v 0.000000 14.204433 18.511578
v 80.000000 14.204433 18.511578
v 0.000000 11.666667 20.207260
v 80.000000 11.666667 20.207260
v 80.000000 8.929280 21.557190
v 0.000000 8.929280 21.557190
v 0.000000 6.039111 22.538269
v 80.000000 6.039111 22.538269
v 0.000000 3.045611 23.133713
v 80.000000 3.045611 23.133713
v 80.000000 -0.000000 23.333334
v 0.000000 -0.000000 23.333334
v 0.000000 -3.045611 23.133713
v 80.000000 -3.045611 23.133713
v 0.000000 -6.039111 22.538269
v 80.000000 -6.039111 22.538269
v 0.000000 -8.929280 21.557190
v 80.000000 -8.929280 21.557190
v 0.000000 -11.666667 20.207260
v 80.000000 -11.666667 20.207260
v 80.000000 -14.204433 18.511578
v 0.000000 -14.204433 18.511578
v 0.000000 -16.499159 16.499159
v 80.000000 -16.499159 16.499159
v 0.000000 -18.511578 14.204433
v 80.000000 -18.511578 14.204433
v 0.000000 -20.207260 11.666667
v 80.000000 -20.207260 11.666667
v 0.000000 -21.557190 8.929280
v 80.000000 -21.557190 8.929280
v 80.000000 -22.538269 6.039111
v 0.000000 -22.538269 6.039111
v 0.000000 -23.133713 3.045611
v 80.000000 -23.133713 3.045611
v 0.000000 -23.333334 0.000000
v 80.000000 -23.333334 0.000000
v 80.000000 -23.133713 -3.045611
v 0.000000 -23.133713 -3.045611
v 0.000000 -22.538269 -6.039111
v 80.000000 -22.538269 -6.039111
v 0.000000 -21.557190 -8.929280
v 80.000000 -21.557190 -8.929280
v 0.000000 -20.207260 -11.666667
v 80.000000 -20.207260 -11.666667
v 80.000000 -18.511578 -14.204433
v 0.000000 -18.511578 -14.204433
v 80.000000 -16.499159 -16.499159
v 0.000000 -16.499159 -16.499159
v 0.000000 -14.204433 -18.511578
v 80.000000 -14.204433 -18.511578
v 0.000000 -11.666667 -20.207260
v 80.000000 -11.666667 -20.207260
v 0.000000 -8.929280 -21.557190
v 80.000000 -8.929280 -21.557190
v 0.000000 -6.039111 -22.538269
v 80.000000 -6.039111 -22.538269
v 80.000000 -3.045611 -23.133713
v 0.000000 -3.045611 -23.133713
v 80.000000 -0.000000 -23.333334
v 0.000000 -0.000000 -23.333334
v 0.000000 3.045611 -23.133713
v 80.000000 3.045611 -23.133713
v 0.000000 6.039111 -22.538269
v 80.000000 6.039111 -22.538269
v 80.000000 8.929280 -21.557190
v 0.000000 8.929280 -21.557190
v 0.000000 11.666667 -20.207260
v 80.000000 11.666667 -20.207260
v 80.000000 14.204433 -18.511578
v 0.000000 14.204433 -18.511578
v 0.000000 16.499159 -16.499159
v 80.000000 16.499159 -16.499159
v 0.000000 18.511578 -14.204433
v 80.000000 18.511578 -14.204433
v 80.000000 20.207260 -11.666667
v 0.000000 20.207260 -11.666667
v 0.000000 21.557190 -8.929280
v 80.000000 21.557190 -8.929280
v 0.000000 22.538269 -6.039111
v 80.000000 22.538269 -6.039111
v 0.000000 23.133713 -3.045611
v 80.000000 23.133713 -3.045611
v 80.000000 -36.508953 -34.162792
v 80.000000 -33.346775 -37.255772
v 80.000000 -29.923616 -40.057175
v 80.000000 -26.266262 -42.545074
v 80.000000 -41.953598 -27.201019
v 80.000000 -39.385399 -30.802441
v 80.000000 -22.403339 -44.700005
v 80.000000 -44.193455 -23.386713
v 80.000000 -18.365080 -46.505096
v 80.000000 -14.183089 -47.946220
v 80.000000 -47.620728 -15.240289
v 80.000000 -46.087440 -19.389376
v 80.000000 -9.890096 -49.012100
v 80.000000 -48.781315 -10.971926
v 80.000000 -5.519700 -49.694397
v 80.000000 -1.106104 -49.987762
v 80.000000 -49.951061 -2.211667
v 80.000000 -49.560127 -6.617693
v 80.000000 3.316148 -49.889912
v 80.000000 -49.951061 2.211667
v 80.000000 7.712447 -49.401600
v 80.000000 -48.781315 10.971926
v 80.000000 -49.560127 6.617693
v 80.000000 12.048385 -48.526657
v 80.000000 16.290030 -47.271927
v 80.000000 -47.620728 15.240289
v 80.000000 20.404181 -45.647228
v 80.000000 -44.193455 23.386713
v 80.000000 -46.087440 19.389376
v 80.000000 24.358643 -43.665279
v 80.000000 28.122465 -41.341591
v 80.000000 -41.953598 27.201019
v 80.000000 31.666191 -38.694347
v 80.000000 -39.385399 30.802441
v 80.000000 -36.508953 34.162792
v 80.000000 34.962086 -35.744267
v 80.000000 -33.346775 37.255772
v 80.000000 37.984356 -32.514439
v 80.000000 -29.923616 40.057175
v 80.000000 40.709343 -29.030144
v 80.000000 -26.266262 42.545074
v 80.000000 43.115730 -25.318647
v 80.000000 -22.403339 44.700005
v 80.000000 45.184673 -21.408998
v 80.000000 -18.365080 46.505096
v 80.000000 46.899986 -17.331797
v 80.000000 -14.183089 47.946220
v 80.000000 48.248245 -13.118948
v 80.000000 -9.890096 49.012100
v 80.000000 49.218895 -8.803426
v 80.000000 -5.519700 49.694397
v 80.000000 49.804340 -4.419005
v 80.000000 -1.106104 49.987762
v 80.000000 50.000000 0.000000
v 80.000000 3.316148 49.889912
v 80.000000 49.804340 4.419005
v 80.000000 7.712447 49.401600
v 80.000000 49.218895 8.803426
v 80.000000 12.048385 48.526657
v 80.000000 48.248245 13.118948
v 80.000000 16.290030 47.271927
v 80.000000 46.899986 17.331797
v 80.000000 20.404181 45.647228
v 80.000000 45.184673 21.408998
v 80.000000 24.358643 43.665279
v 80.000000 43.115730 25.318647
v 80.000000 28.122465 41.341591
v 80.000000 40.709343 29.030144
v 80.000000 31.666191 38.694347
v 80.000000 37.984356 32.514439
v 80.000000 34.962086 35.744267
v 51.000000 50.000000 0.000000
v 51.000000 49.804340 4.419005
v 51.000000 49.218895 8.803426
v 51.000000 48.248245 13.118948
v 51.000000 46.899986 17.331797
v 51.000000 45.184673 21.408998
v 51.000000 43.115730 25.318647
v 51.000000 40.709343 29.030144
v 51.000000 37.984356 32.514439
v 51.000000 34.962086 35.744267
v 51.000000 31.666191 38.694347
v 51.000000 28.122465 41.341591
v 51.000000 24.358643 43.665279
v 51.000000 20.404181 45.647228
v 51.000000 16.290030 47.271927
v 51.000000 12.048385 48.526657
v 51.000000 7.712447 49.401600
v 51.000000 3.316148 49.889912
v 51.000000 -1.106104 49.987762
v 51.000000 -5.519700 49.694397
v 51.000000 -9.890096 49.012100
v 51.000000 -14.183089 47.946220
v 51.000000 -18.365080 46.505096
v 51.000000 -22.403339 44.700005
v 51.000000 -26.266262 42.545074
v 51.000000 -29.923616 40.057175
v 51.000000 -33.346775 37.255772
v 51.000000 -36.508953 34.162792
v 51.000000 -39.385399 30.802441
v 51.000000 -41.953598 27.201019
v 51.000000 -44.193455 23.386713
v 51.000000 -46.087440 19.389376
v 51.000000 -47.620728 15.240289
v 51.000000 -48.781315 10.971926
v 51.000000 -49.560127 6.617693
v 51.000000 -49.951061 2.211667
v 51.000000 -49.951061 -2.211667
v 51.000000 -49.560127 -6.617693
v 51.000000 -48.781315 -10.971926
v 51.000000 -47.620728 -15.240289
v 51.000000 -46.087440 -19.389376
v 51.000000 -44.193455 -23.386713
v 51.000000 -41.953598 -27.201019
v 51.000000 -39.385399 -30.802441
v 51.000000 -36.508953 -34.162792
v 51.000000 -33.346775 -37.255772
v 51.000000 -29.923616 -40.057175
v 51.000000 -26.266262 -42.545074
v 51.000000 -22.403339 -44.700005
v 51.000000 -18.365080 -46.505096
v 51.000000 -14.183089 -47.946220
v 51.000000 -9.890096 -49.012100
v 51.000000 -5.519700 -49.694397
v 51.000000 -1.106104 -49.987762
v 51.000000 3.316148 -49.889912
v 51.000000 7.712447 -49.401600
v 51.000000 12.048385 -48.526657
v 51.000000 16.290030 -47.271927
v 51.000000 20.404181 -45.647228
v 51.000000 24.358643 -43.665279
v 51.000000 28.122465 -41.341591
v 51.000000 31.666191 -38.694347
v 51.000000 34.962086 -35.744267
v 51.000000 37.984356 -32.514439
v 51.000000 40.709343 -29.030144
v 51.000000 43.115730 -25.318647
v 51.000000 45.184673 -21.408998
v 51.000000 46.899986 -17.331797
v 51.000000 48.248245 -13.118948
v 51.000000 49.218895 -8.803426
v 51.000000 49.804340 -4.419005
v 51.000000 -52.461266 -43.264484
v 51.000000 -48.995468 -47.153412
v 51.000000 -45.242149 -50.765617
v 51.000000 -41.223328 -54.079914
v 51.000000 -55.619198 -39.121670
v 51.000000 -36.962593 -57.076847
v 51.000000 -58.450733 -34.749271
v 51.000000 -32.484947 -59.738834
v 51.000000 -60.939259 -30.172949
v 51.000000 -27.816668 -62.050247
v 51.000000 -63.070168 -25.419561
v 51.000000 -22.985147 -63.997524
v 51.000000 -66.211288 -15.494039
v 51.000000 -64.830956 -20.517000
v 51.000000 -18.018742 -65.569237
v 51.000000 -67.203072 -10.380152
v 51.000000 -12.946595 -66.756165
v 51.000000 -67.800476 -5.205349
v 51.000000 -7.798473 -67.551346
v 51.000000 -2.604586 -67.950104
v 51.000000 -68.000000 -0.000000
v 51.000000 2.604586 -67.950104
v 51.000000 -67.800476 5.205349
v 51.000000 7.798473 -67.551346
v 51.000000 -67.203072 10.380152
v 51.000000 12.946595 -66.756165
v 51.000000 -66.211288 15.494039
v 51.000000 18.018742 -65.569237
v 51.000000 -63.070168 25.419561
v 51.000000 -64.830956 20.517000
v 51.000000 22.985147 -63.997524
v 51.000000 -60.939259 30.172949
v 51.000000 27.816668 -62.050247
v 51.000000 32.484947 -59.738834
v 51.000000 -58.450733 34.749271
v 51.000000 36.962593 -57.076847
v 51.000000 -55.619198 39.121670
v 51.000000 41.223328 -54.079914
v 51.000000 -52.461266 43.264484
v 51.000000 45.242149 -50.765617
v 51.000000 -48.995468 47.153412
v 51.000000 48.995468 -47.153412
v 51.000000 -45.242149 50.765617
v 51.000000 52.461266 -43.264484
v 51.000000 -41.223328 54.079914
v 51.000000 55.619198 -39.121670
v 51.000000 -36.962593 57.076847
v 51.000000 58.450733 -34.749271
v 51.000000 -32.484947 59.738834
v 51.000000 60.939259 -30.172949
v 51.000000 -27.816668 62.050247
v 51.000000 63.070168 -25.419561
v 51.000000 -22.985147 63.997524
v 51.000000 64.830956 -20.517000
v 51.000000 -18.018742 65.569237
v 51.000000 66.211288 -15.494039
v 51.000000 -12.946595 66.756165
v 51.000000 67.203072 -10.380152
v 51.000000 -7.798473 67.551346
v 51.000000 67.800476 -5.205349
v 51.000000 -2.604586 67.950104
v 51.000000 68.000000 0.000000
v 51.000000 2.604586 67.950104
v 51.000000 67.800476 5.205349
v 51.000000 7.798473 67.551346
v 51.000000 67.203072 10.380152
v 51.000000 12.946595 66.756165
v 51.000000 66.211288 15.494039
v 51.000000 18.018742 65.569237
v 51.000000 64.830956 20.517000
v 51.000000 22.985147 63.997524
v 51.000000 63.070168 25.419561
v 51.000000 27.816668 62.050247
v 51.000000 60.939259 30.172949
v 51.000000 32.484947 59.738834
v 51.000000 58.450733 34.749271
v 51.000000 36.962593 57.076847
v 51.000000 55.619198 39.121670
v 51.000000 41.223328 54.079914
v 51.000000 52.461266 43.264484
v 51.000000 45.242149 50.765617
v 51.000000 48.995468 47.153412
v 50.000000 68.000000 0.000000
v 50.000000 67.800476 5.205349
v 50.000000 67.203072 10.380152
v 50.000000 66.211288 15.494039
v 50.000000 64.830956 20.517000
v 50.000000 63.070168 25.419561
v 50.000000 60.939259 30.172949
v 50.000000 58.450733 34.749271
v 50.000000 55.619198 39.121670
v 50.000000 52.461266 43.264484
v 50.000000 48.995468 47.153412
v 50.000000 45.242149 50.765617
v 50.000000 41.223328 54.079914
v 50.000000 36.962593 57.076847
v 50.000000 32.484947 59.738834
v 50.000000 27.816668 62.050247
v 50.000000 22.985147 63.997524
v 50.000000 18.018742 65.569237
v 50.000000 12.946595 66.756165
v 50.000000 7.798473 67.551346
v 50.000000 2.604586 67.950104
v 50.000000 -2.604586 67.950104
v 50.000000 -7.798473 67.551346
v 50.000000 -12.946595 66.756165
v 50.000000 -18.018742 65.569237
v 50.000000 -22.985147 63.997524
v 50.000000 -27.816668 62.050247
v 50.000000 -32.484947 59.738834
v 50.000000 -36.962593 57.076847
v 50.000000 -41.223328 54.079914
v 50.000000 -45.242149 50.765617
v 50.000000 -48.995468 47.153412
v 50.000000 -52.461266 43.264484
v 50.000000 -55.619198 39.121670
v 50.000000 -58.450733 34.749271
v 50.000000 -60.939259 30.172949
v 50.000000 -63.070168 25.419561
v 50.000000 -64.830956 20.517000
v 50.000000 -66.211288 15.494039
v 50.000000 -67.203072 10.380152
v 50.000000 -67.800476 5.205349
v 50.000000 -68.000000 -0.000000
v 50.000000 -67.800476 -5.205349
v 50.000000 -67.203072 -10.380152
v 50.000000 -66.211288 -15.494039
v 50.000000 -64.830956 -20.517000
v 50.000000 -63.070168 -25.419561
v 50.000000 -60.939259 -30.172949
v 50.000000 -58.450733 -34.749271
v 50.000000 -55.619198 -39.121670
v 50.000000 -52.461266 -43.264484
v 50.000000 -48.995468 -47.153412
v 50.000000 -45.242149 -50.765617
v 50.000000 -41.223328 -54.079914
v 50.000000 -36.962593 -57.076847
v 50.000000 -32.484947 -59.738834
v 50.000000 -27.816668 -62.050247
v 50.000000 -22.985147 -63.997524
v 50.000000 -18.018742 -65.569237
v 50.000000 -12.946595 -66.756165
v 50.000000 -7.798473 -67.551346
v 50.000000 -2.604586 -67.950104
v 50.000000 2.604586 -67.950104
v 50.000000 7.798473 -67.551346
v 50.000000 12.946595 -66.756165
v 50.000000 18.018742 -65.569237
v 50.000000 22.985147 -63.997524
v 50.000000 27.816668 -62.050247
v 50.000000 32.484947 -59.738834
v 50.000000 36.962593 -57.076847
v 50.000000 41.223328 -54.079914
v 50.000000 45.242149 -50.765617
v 50.000000 48.995468 -47.153412
v 50.000000 52.461266 -43.264484
v 50.000000 55.619198 -39.121670
v 50.000000 58.450733 -34.749271
v 50.000000 60.939259 -30.172949
v 50.000000 63.070168 -25.419561
v 50.000000 64.830956 -20.517000
v 50.000000 66.211288 -15.494039
v 50.000000 67.203072 -10.380152
v 50.000000 67.800476 -5.205349
v 50.000000 -51.313629 -47.612091
v 50.000000 -47.612091 -51.313629
v 50.000000 -43.644287 -54.728203
v 50.000000 -54.728203 -43.644287
v 50.000000 -39.432404 -57.836716
v 50.000000 -57.836716 -39.432404
v 50.000000 -35.000000 -60.621777
v 50.000000 -60.621777 -35.000000
v 50.000000 -30.371862 -63.067822
v 50.000000 -63.067822 -30.371862
v 50.000000 -25.573872 -65.161163
v 50.000000 -65.161163 -25.573872
v 50.000000 -20.632862 -66.890099
v 50.000000 -66.890099 -20.632862
v 50.000000 -15.576466 -68.244957
v 50.000000 -68.244957 -15.576466
v 50.000000 -10.432959 -69.218155
v 50.000000 -69.218155 -10.432959
v 50.000000 -5.231107 -69.804268
v 50.000000 -69.804268 -5.231107
v 50.000000 -0.000000 -70.000000
v 50.000000 -70.000000 0.000000
v 50.000000 5.231107 -69.804268
v 50.000000 -69.804268 5.231107
v 50.000000 10.432959 -69.218155
v 50.000000 -69.218155 10.432959
v 50.000000 15.576466 -68.244957
v 50.000000 -68.244957 15.576466
v 50.000000 20.632862 -66.890099
v 50.000000 -66.890099 20.632862
v 50.000000 -65.161163 25.573872
v 50.000000 25.573872 -65.161163
v 50.000000 -63.067822 30.371862
v 50.000000 30.371862 -63.067822
v 50.000000 -60.621777 35.000000
v 50.000000 35.000000 -60.621777
v 50.000000 -57.836716 39.432404
v 50.000000 39.432404 -57.836716
v 50.000000 -54.728203 43.644287
v 50.000000 43.644287 -54.728203
v 50.000000 -51.313629 47.612091
v 50.000000 47.612091 -51.313629
v 50.000000 -47.612091 51.313629
v 50.000000 51.313629 -47.612091
v 50.000000 -43.644287 54.728203
v 50.000000 54.728203 -43.644287
v 50.000000 -39.432404 57.836716
v 50.000000 57.836716 -39.432404
v 50.000000 -35.000000 60.621777
v 50.000000 60.621777 -35.000000
v 50.000000 -30.371862 63.067822
v 50.000000 63.067822 -30.371862
v 50.000000 -25.573872 65.161163
v 50.000000 65.161163 -25.573872
v 50.000000 -20.632862 66.890099
v 50.000000 66.890099 -20.632862
v 50.000000 -15.576466 68.244957
v 50.000000 68.244957 -15.576466
v 50.000000 -10.432959 69.218155
v 50.000000 69.218155 -10.432959
v 50.000000 -5.231107 69.804268
v 50.000000 69.804268 -5.231107
v 50.000000 -0.000000 70.000000
v 50.000000 70.000000 0.000000
v 50.000000 5.231107 69.804268
v 50.000000 69.804268 5.231107
v 50.000000 10.432959 69.218155
v 50.000000 69.218155 10.432959
v 50.000000 68.244957 15.576466
v 50.000000 15.576466 68.244957
v 50.000000 20.632862 66.890099
v 50.000000 66.890099 20.632862
v 50.000000 25.573872 65.161163
v 50.000000 65.161163 25.573872
v 50.000000 30.371862 63.067822
v 50.000000 63.067822 30.371862
v 50.000000 60.621777 35.000000
v 50.000000 35.000000 60.621777
v 50.000000 39.432404 57.836716
v 50.000000 57.836716 39.432404
v 50.000000 54.728203 43.644287
v 50.000000 43.644287 54.728203
v 50.000000 51.313629 47.612091
v 50.000000 47.612091 51.313629
v 30.000000 70.000000 0.000000
v 30.000000 69.804268 5.231107
v 30.000000 69.218155 10.432959
v 30.000000 68.244957 15.576466
v 30.000000 66.890099 20.632862
v 30.000000 65.161163 25.573872
v 30.000000 63.067822 30.371862
v 30.000000 60.621777 35.000000
v 30.000000 57.836716 39.432404
v 30.000000 54.728203 43.644287
v 30.000000 51.313629 47.612091
v 30.000000 47.612091 51.313629
v 30.000000 43.644287 54.728203
v 30.000000 39.432404 57.836716
v 30.000000 35.000000 60.621777
v 30.000000 30.371862 63.067822
v 30.000000 25.573872 65.161163
v 30.000000 20.632862 66.890099
v 30.000000 15.576466 68.244957
v 30.000000 10.432959 69.218155
v 30.000000 5.231107 69.804268
v 30.000000 -0.000000 70.000000
v 30.000000 -5.231107 69.804268
v 30.000000 -10.432959 69.218155
v 30.000000 -15.576466 68.244957
v 30.000000 -20.632862 66.890099
v 30.000000 -25.573872 65.161163
v 30.000000 -30.371862 63.067822
v 30.000000 -35.000000 60.621777
v 30.000000 -39.432404 57.836716
v 30.000000 -43.644287 54.728203
v 30.000000 -47.612091 51.313629
v 30.000000 -51.313629 47.612091
v 30.000000 -54.728203 43.644287
v 30.000000 -57.836716 39.432404
v 30.000000 -60.621777 35.000000
v 30.000000 -63.067822 30.371862
v 30.000000 -65.161163 25.573872
v 30.000000 -66.890099 20.632862
v 30.000000 -68.244957 15.576466
v 30.000000 -69.218155 10.432959
v 30.000000 -69.804268 5.231107
v 30.000000 -70.000000 0.000000
v 30.000000 -69.804268 -5.231107
v 30.000000 -69.218155 -10.432959
v 30.000000 -68.244957 -15.576466
v 30.000000 -66.890099 -20.632862
v 30.000000 -65.161163 -25.573872
v 30.000000 -63.067822 -30.371862
v 30.000000 -60.621777 -35.000000
v 30.000000 -57.836716 -39.432404
v 30.000000 -54.728203 -43.644287
v 30.000000 -51.313629 -47.612091
v 30.000000 -47.612091 -51.313629
v 30.000000 -43.644287 -54.728203
v 30.000000 -39.432404 -57.836716
v 30.000000 -35.000000 -60.621777
v 30.000000 -30.371862 -63.067822
v 30.000000 -25.573872 -65.161163
v 30.000000 -20.632862 -66.890099
v 30.000000 -15.576466 -68.244957
v 30.000000 -10.432959 -69.218155
v 30.000000 -5.231107 -69.804268
v 30.000000 -0.000000 -70.000000
v 30.000000 5.231107 -69.804268
v 30.000000 10.432959 -69.218155
v 30.000000 15.576466 -68.244957
v 30.000000 20.632862 -66.890099
v 30.000000 25.573872 -65.161163
v 30.000000 30.371862 -63.067822
v 30.000000 35.000000 -60.621777
v 30.000000 39.432404 -57.836716
v 30.000000 43.644287 -54.728203
v 30.000000 47.612091 -51.313629
v 30.000000 51.313629 -47.612091
v 30.000000 54.728203 -43.644287
v 30.000000 57.836716 -39.432404
v 30.000000 60.621777 -35.000000
v 30.000000 63.067822 -30.371862
v 30.000000 65.161163 -25.573872
v 30.000000 66.890099 -20.632862
v 30.000000 68.244957 -15.576466
v 30.000000 69.218155 -10.432959
v 30.000000 69.804268 -5.231107
v 30.000000 25.717094 -23.740913
v 30.000000 23.047897 -26.339977
v 30.000000 28.094908 -20.872858
v 30.000000 20.117559 -28.640596
v 30.000000 30.154392 -17.768303
v 30.000000 16.959280 -30.616709
v 30.000000 31.872217 -14.462426
v 30.000000 13.608846 -32.245918
v 30.000000 33.228916 -10.992685
v 30.000000 10.104218 -33.509769
v 30.000000 34.209118 -7.398392
v 30.000000 6.485106 -34.393944
v 30.000000 34.801720 -3.720272
v 30.000000 2.792514 -34.888420
v 30.000000 35.000000 0.000000
v 30.000000 -0.931718 -34.987595
v 30.000000 34.801720 3.720272
v 30.000000 -4.645393 -34.690350
v 30.000000 34.209118 7.398392
v 30.000000 -8.306435 -34.000046
v 30.000000 33.228916 10.992685
v 30.000000 -11.873361 -32.924511
v 30.000000 31.872217 14.462426
v 30.000000 -15.305757 -31.475925
v 30.000000 30.154392 17.768303
v 30.000000 -18.564732 -29.670706
v 30.000000 28.094908 20.872858
v 30.000000 -21.613361 -27.529305
v 30.000000 25.717094 23.740913
v 30.000000 -24.417103 -25.075987
v 30.000000 23.047897 26.339977
v 30.000000 -26.944189 -22.338547
v 30.000000 20.117559 28.640596
v 30.000000 -29.165987 -19.348001
v 30.000000 16.959280 30.616709
v 30.000000 -31.057323 -16.138237
v 30.000000 13.608846 32.245918
v 30.000000 -32.596767 -12.745620
v 30.000000 10.104218 33.509769
v 30.000000 -33.766876 -9.208590
v 30.000000 6.485106 34.393944
v 30.000000 -34.554394 -5.567223
v 30.000000 2.792514 34.888420
v 30.000000 -34.950394 -1.862776
v 30.000000 -0.931718 34.987595
v 30.000000 -34.950394 1.862776
v 30.000000 -4.645393 34.690350
v 30.000000 -34.554394 5.567223
v 30.000000 -8.306435 34.000046
v 30.000000 -33.766876 9.208590
v 30.000000 -32.596767 12.745620
v 30.000000 -11.873361 32.924511
v 30.000000 -15.305757 31.475925
v 30.000000 -31.057323 16.138237
v 30.000000 -29.165987 19.348001
v 30.000000 -18.564732 29.670706
v 30.000000 -21.613361 27.529305
v 30.000000 -26.944189 22.338547
v 30.000000 -24.417103 25.075987
v 0.000000 35.000000 0.000000
v 0.000000 34.801720 3.720272
v 0.000000 34.209118 7.398392
v 0.000000 33.228916 10.992685
v 0.000000 31.872217 14.462426
v 0.000000 30.154392 17.768303
v 0.000000 28.094908 20.872858
v 0.000000 25.717094 23.740913
v 0.000000 23.047897 26.339977
v 0.000000 20.117559 28.640596
v 0.000000 16.959280 30.616709
v 0.000000 13.608846 32.245918
v 0.000000 10.104218 33.509769
v 0.000000 6.485106 34.393944
v 0.000000 2.792514 34.888420
v 0.000000 -0.931718 34.987595
v 0.000000 -4.645393 34.690350
v 0.000000 -8.306435 34.000046
v 0.000000 -11.873361 32.924511
v 0.000000 -15.305757 31.475925
v 0.000000 -18.564732 29.670706
v 0.000000 -21.613361 27.529305
v 0.000000 -24.417103 25.075987
v 0.000000 -26.944189 22.338547
v 0.000000 -29.165987 19.348001
v 0.000000 -31.057323 16.138237
v 0.000000 -32.596767 12.745620
v 0.000000 -33.766876 9.208590
v 0.000000 -34.554394 5.567223
v 0.000000 -34.950394 1.862776
v 0.000000 -34.950394 -1.862776
v 0.000000 -34.554394 -5.567223
v 0.000000 -33.766876 -9.208590
v 0.000000 -32.596767 -12.745620
v 0.000000 -31.057323 -16.138237
v 0.000000 -29.165987 -19.348001
v 0.000000 -26.944189 -22.338547
v 0.000000 -24.417103 -25.075987
v 0.000000 -21.613361 -27.529305
v 0.000000 -18.564732 -29.670706
v 0.000000 -15.305757 -31.475925
v 0.000000 -11.873361 -32.924511
v 0.000000 -8.306435 -34.000046
v 0.000000 -4.645393 -34.690350
v 0.000000 -0.931718 -34.987595
v 0.000000 2.792514 -34.888420
v 0.000000 6.485106 -34.393944
v 0.000000 10.104218 -33.509769
v 0.000000 13.608846 -32.245918
v 0.000000 16.959280 -30.616709
v 0.000000 20.117559 -28.640596
v 0.000000 23.047897 -26.339977
v 0.000000 25.717094 -23.740913
v 0.000000 28.094908 -20.872858
v 0.000000 30.154392 -17.768303
v 0.000000 31.872217 -14.462426
v 0.000000 33.228916 -10.992685
v 0.000000 34.209118 -7.398392
v 0.000000 34.801720 -3.720272
vn 0.000000 -0.997859 -0.065404
vn 0.000000 -0.997859 -0.065404
vn 0.000000 -0.980785 -0.195090
vn 0.000000 -0.980785 -0.195090
vn 0.000000 -0.946930 -0.321439
vn 0.000000 -0.946930 -0.321439
vn 0.000000 -0.896873 -0.442289
vn 0.000000 -0.896873 -0.442289
vn 0.000000 -0.831469 -0.555570
vn 0.000000 -0.831469 -0.555570
vn 0.000000 -0.751840 -0.659346
vn 0.000000 -0.751840 -0.659346
vn 0.000000 -0.659346 -0.751840
vn 0.000000 -0.659346 -0.751840
vn 0.000000 -0.555570 -0.831469
vn 0.000000 -0.555570 -0.831469
vn 0.000000 -0.442289 -0.896873
vn 0.000000 -0.442289 -0.896873
vn 0.000000 -0.321439 -0.946930
vn 0.000000 -0.321439 -0.946930
vn 0.000000 -0.195090 -0.980785
vn 0.000000 -0.195090 -0.980785
vn 0.000000 -0.065404 -0.997859
vn 0.000000 -0.065404 -0.997859
vn 0.000000 0.065404 -0.997859
vn 0.000000 0.065404 -0.997859
vn 0.000000 0.195090 -0.980785
vn 0.000000 0.195090 -0.980785
vn 0.000000 0.321439 -0.946930
vn 0.000000 0.321439 -0.946930
vn 0.000000 0.442289 -0.896873
vn 0.000000 0.555570 -0.831469
vn 0.000000 0.442289 -0.896873
vn 0.000000 0.555570 -0.831469
vn 0.000000 0.659346 -0.751840
vn 0.000000 0.659346 -0.751840
vn 0.000000 0.751840 -0.659346
vn 0.000000 0.751840 -0.659346
vn 0.000000 0.831469 -0.555570
vn 0.000000 0.831469 -0.555570
vn 0.000000 0.896873 -0.442289
vn 0.000000 0.946930 -0.321439
vn 0.000000 0.896873 -0.442289
vn 0.000000 0.946930 -0.321439
vn 0.000000 0.980785 -0.195090
vn 0.000000 0.980785 -0.195090
vn 0.000000 0.997859 -0.065404
vn -0.000000 0.997859 0.065404
vn 0.000000 0.997859 -0.065404
vn -0.000000 0.997859 0.065404
vn 0.000000 0.980785 0.195090
vn -0.000000 0.980785 0.195090
vn 0.000000 0.946930 0.321439
vn -0.000000 0.946930 0.321439
vn 0.000000 0.896873 0.442289
vn -0.000000 0.896873 0.442289
vn -0.000000 0.831469 0.555570
vn -0.000000 0.831469 0.555570
vn -0.000000 0.751840 0.659346
vn -0.000000 0.751840 0.659346
vn 0.000000 0.659346 0.751840
vn -0.000000 0.659346 0.751840
vn 0.000000 0.555570 0.831469
vn -0.000000 0.555570 0.831469
vn 0.000000 0.442289 0.896873
vn -0.000000 0.442289 0.896873
vn 0.000000 0.321439 0.946930
vn -0.000000 0.321439 0.946930
vn -0.000000 0.195090 0.980785
vn -0.000000 0.195090 0.980785
vn -0.000000 0.065404 0.997859
vn -0.000000 0.065404 0.997859
vn 0.000000 -0.065404 0.997859
vn 0.000000 -0.065404 0.997859
vn 0.000000 -0.195090 0.980785
vn 0.000000 -0.195090 0.980785
vn 0.000000 -0.321439 0.946930
vn 0.000000 -0.321439 0.946930
vn 0.000000 -0.442289 0.896873
vn 0.000000 -0.442289 0.896873
vn 0.000000 -0.555570 0.831469
vn 0.000000 -0.555570 0.831469
vn 0.000000 -0.659346 0.751840
vn 0.000000 -0.659346 0.751840
vn 0.000000 -0.751840 0.659346
vn 0.000000 -0.751840 0.659346
vn 0.000000 -0.831469 0.555570
vn 0.000000 -0.831469 0.555570
vn 0.000000 -0.896873 0.442289
vn 0.000000 -0.896873 0.442289
vn 0.000000 -0.946930 0.321439
vn 0.000000 -0.946930 0.321439
vn 0.000000 -0.980785 0.195090
vn 0.000000 -0.980785 0.195090
vn 0.000000 -0.997859 0.065404
vn 0.000000 -0.997859 0.065404
vn 1.000000 0.000000 0.000000
vn 1.000000 0.000000 0.000000
vn 1.000000 0.000000 0.000000
vn 1.000000 0.000000 0.000000
vn 1.000000 0.000000 0.000000
vn 1.000000 0.000000 0.000000
vn 1.000000 0.000000 0.000000
vn 1.000000 0.000000 0.000000
vn 1.000000 0.000000 0.000000
vn 1.000000 0.000000 0.000000
vn 1.000000 0.000000 0.000000
vn 1.000000 0.000000 0.000000
vn 1.000000 0.000000 0.000000
vn 1.000000 0.000000 0.000000
vn 1.000000 0.000000 0.000000
vn 1.000000 0.000000 0.000000
vn 1.000000 0.000000 0.000000
vn 1.000000 0.000000 0.000000
vn 1.000000 0.000000 0.000000
vn 1.000000 0.000000 0.000000
vn 1.000000 0.000000 0.000000
vn 1.000000 0.000000 0.000000
vn 1.000000 0.000000 0.000000
vn 1.000000 0.000000 0.000000
vn 1.000000 0.000000 0.000000
vn 1.000000 0.000000 0.000000
vn 1.000000 0.000000 0.000000
vn 1.000000 0.000000 0.000000
vn 1.000000 0.000000 0.000000
vn 1.000000 0.000000 0.000000
vn 1.000000 0.000000 0.000000
vn 1.000000 0.000000 0.000000
vn 1.000000 0.000000 0.000000
vn 1.000000 0.000000 0.000000
vn 1.000000 0.000000 0.000000
vn 1.000000 0.000000 0.000000
vn 1.000000 0.000000 0.000000
vn 1.000000 0.000000 0.000000
vn 1.000000 0.000000 0.000000
vn 1.000000 0.000000 0.000000
vn 1.000000 0.000000 0.000000
vn 1.000000 0.000000 0.000000
vn 1.000000 0.000000 0.000000
vn 1.000000 0.000000 0.000000
vn 1.000000 0.000000 0.000000
vn 1.000000 0.000000 0.000000
vn 1.000000 0.000000 0.000000
vn 1.000000 0.000000 0.000000
vn 1.000000 0.000000 0.000000
vn 1.000000 0.000000 0.000000
vn 1.000000 0.000000 0.000000
vn 1.000000 0.000000 0.000000
vn 1.000000 0.000000 0.000000
vn 1.000000 0.000000 0.000000
vn 1.000000 0.000000 0.000000
vn 1.000000 0.000000 0.000000
vn 1.000000 0.000000 0.000000
vn 1.000000 0.000000 0.000000
vn 1.000000 0.000000 0.000000
vn 1.000000 0.000000 0.000000
vn 1.000000 0.000000 0.000000
vn 1.000000 0.000000 0.000000
vn 1.000000 0.000000 0.000000
vn 1.000000 0.000000 0.000000
vn 1.000000 0.000000 0.000000
vn 1.000000 0.000000 0.000000
vn 1.000000 0.000000 0.000000
vn 1.000000 0.000000 0.000000
vn 1.000000 0.000000 0.000000
vn 1.000000 0.000000 0.000000
vn 1.000000 0.000000 0.000000
vn 1.000000 0.000000 0.000000
vn 1.000000 0.000000 0.000000
vn 1.000000 0.000000 0.000000
vn 1.000000 0.000000 0.000000
vn 1.000000 0.000000 0.000000
vn 1.000000 0.000000 0.000000
vn 1.000000 0.000000 0.000000
vn 1.000000 0.000000 0.000000
vn 1.000000 0.000000 0.000000
vn 1.000000 0.000000 0.000000
vn 1.000000 0.000000 0.000000
vn 1.000000 0.000000 0.000000
vn 1.000000 0.000000 0.000000
vn 1.000000 0.000000 0.000000
vn 1.000000 0.000000 0.000000
vn 1.000000 0.000000 0.000000
vn 1.000000 0.000000 0.000000
vn 1.000000 0.000000 0.000000
vn 1.000000 0.000000 0.000000
vn 1.000000 0.000000 0.000000
vn 1.000000 0.000000 0.000000
vn 1.000000 0.000000 0.000000
vn 1.000000 0.000000 0.000000
vn 1.000000 0.000000 0.000000
vn 1.000000 0.000000 0.000000
vn 1.000000 0.000000 0.000000
vn 1.000000 0.000000 0.000000
vn 1.000000 0.000000 0.000000
vn 1.000000 0.000000 0.000000
vn 1.000000 0.000000 0.000000
vn 1.000000 0.000000 0.000000
vn 1.000000 0.000000 0.000000
vn 1.000000 0.000000 0.000000
vn 1.000000 0.000000 0.000000
vn 1.000000 0.000000 0.000000
vn 1.000000 0.000000 0.000000
vn 1.000000 0.000000 0.000000
vn 1.000000 0.000000 0.000000
vn 1.000000 0.000000 0.000000
vn 1.000000 0.000000 0.000000
vn 1.000000 0.000000 0.000000
vn 1.000000 0.000000 0.000000
vn 1.000000 0.000000 0.000000
vn 1.000000 0.000000 0.000000
vn 1.000000 0.000000 0.000000
vn 1.000000 0.000000 0.000000
vn 1.000000 0.000000 0.000000
vn 1.000000 0.000000 0.000000
vn 0.000000 0.999021 0.044234
vn 0.000000 0.999021 0.044234
vn 0.000000 0.991203 0.132354
vn 0.000000 0.991203 0.132354
vn 0.000000 0.975626 0.219438
vn 0.000000 0.975626 0.219438
vn 0.000000 0.952415 0.304806
vn 0.000000 0.952415 0.304806
vn 0.000000 0.921749 0.387787
vn 0.000000 0.921749 0.387787
vn 0.000000 0.883869 0.467734
vn 0.000000 0.883869 0.467734
vn 0.000000 0.839072 0.544021
vn 0.000000 0.839072 0.544021
vn 0.000000 0.787708 0.616049
vn 0.000000 0.787708 0.616049
vn 0.000000 0.730179 0.683256
vn 0.000000 0.730179 0.683256
vn 0.000000 0.666936 0.745115
vn 0.000000 0.666936 0.745115
vn 0.000000 0.598472 0.801143
vn 0.000000 0.598472 0.801143
vn 0.000000 0.525325 0.850902
vn 0.000000 0.448067 0.894000
vn 0.000000 0.525325 0.850902
vn 0.000000 0.448067 0.894000
vn 0.000000 0.367302 0.930102
vn 0.000000 0.367302 0.930102
vn 0.000000 0.283662 0.958924
vn 0.000000 0.283662 0.958924
vn 0.000000 0.197802 0.980242
vn 0.000000 0.197802 0.980242
vn 0.000000 0.110394 0.993888
vn 0.000000 0.110394 0.993888
vn 0.000000 0.022122 0.999755
vn 0.000000 0.022122 0.999755
vn 0.000000 -0.066322 0.997798
vn 0.000000 -0.066322 0.997798
vn 0.000000 -0.154249 0.988032
vn 0.000000 -0.154249 0.988032
vn 0.000000 -0.240967 0.970533
vn 0.000000 -0.325800 0.945439
vn 0.000000 -0.240967 0.970533
vn 0.000000 -0.325800 0.945439
vn 0.000000 -0.408084 0.912944
vn 0.000000 -0.408084 0.912944
vn 0.000000 -0.487173 0.873305
vn 0.000000 -0.562449 0.826832
vn 0.000000 -0.487173 0.873305
vn 0.000000 -0.633324 0.773887
vn 0.000000 -0.562449 0.826832
vn 0.000000 -0.633324 0.773887
vn 0.000000 -0.699242 0.714886
vn 0.000000 -0.699242 0.714886
vn 0.000000 -0.759687 0.650289
vn 0.000000 -0.814187 0.580603
vn 0.000000 -0.759687 0.650289
vn 0.000000 -0.814187 0.580603
vn 0.000000 -0.862315 0.506373
vn 0.000000 -0.903693 0.428181
vn 0.000000 -0.862315 0.506373
vn 0.000000 -0.903693 0.428181
vn 0.000000 -0.938000 0.346636
vn 0.000000 -0.964965 0.262378
vn 0.000000 -0.938000 0.346636
vn 0.000000 -0.964965 0.262378
vn 0.000000 -0.984378 0.176069
vn 0.000000 -0.996087 0.088380
vn 0.000000 -0.984378 0.176069
vn -0.000000 -1.000000 0.000000
vn 0.000000 -0.996087 0.088380
vn 0.000000 -1.000000 0.000000
vn -0.000000 -0.996087 -0.088380
vn 0.000000 -0.996087 -0.088380
vn -0.000000 -0.984378 -0.176069
vn 0.000000 -0.984378 -0.176069
vn 0.000000 -0.964965 -0.262378
vn -0.000000 -0.964965 -0.262378
vn 0.000000 -0.938000 -0.346636
vn -0.000000 -0.938000 -0.346636
vn 0.000000 -0.903693 -0.428181
vn -0.000000 -0.903693 -0.428181
vn -0.000000 -0.862315 -0.506373
vn -0.000000 -0.862315 -0.506373
vn 0.000000 -0.814187 -0.580603
vn -0.000000 -0.814187 -0.580603
vn 0.000000 -0.759687 -0.650289
vn -0.000000 -0.759687 -0.650289
vn -0.000000 -0.699242 -0.714886
vn -0.000000 -0.699242 -0.714886
vn 0.000000 -0.633324 -0.773887
vn -0.000000 -0.633324 -0.773887
vn 0.000000 -0.562449 -0.826832
vn -0.000000 -0.562449 -0.826832
vn 0.000000 -0.487173 -0.873305
vn -0.000000 -0.487173 -0.873305
vn 0.000000 -0.408084 -0.912944
vn -0.000000 -0.408084 -0.912944
vn 0.000000 -0.325800 -0.945439
vn -0.000000 -0.325800 -0.945439
vn -0.000000 -0.240967 -0.970533
vn 0.000000 -0.240967 -0.970533
vn -0.000000 -0.154249 -0.988032
vn 0.000000 -0.154249 -0.988032
vn -0.000000 -0.066322 -0.997798
vn 0.000000 -0.066322 -0.997798
vn 0.000000 0.022122 -0.999755
vn 0.000000 0.022122 -0.999755
vn 0.000000 0.110394 -0.993888
vn 0.000000 0.110394 -0.993888
vn 0.000000 0.197802 -0.980242
vn 0.000000 0.197802 -0.980242
vn 0.000000 0.283662 -0.958924
vn 0.000000 0.367302 -0.930102
vn 0.000000 0.283662 -0.958924
vn 0.000000 0.367302 -0.930102
vn 0.000000 0.448067 -0.894000
vn 0.000000 0.448067 -0.894000
vn 0.000000 0.525325 -0.850902
vn 0.000000 0.598472 -0.801143
vn 0.000000 0.525325 -0.850902
vn 0.000000 0.598472 -0.801143
vn 0.000000 0.666936 -0.745115
vn 0.000000 0.666936 -0.745115
vn 0.000000 0.730179 -0.683256
vn 0.000000 0.730179 -0.683256
vn 0.000000 0.787708 -0.616049
vn 0.000000 0.787708 -0.616049
vn 0.000000 0.839072 -0.544021
vn 0.000000 0.839072 -0.544021
vn 0.000000 0.883869 -0.467734
vn 0.000000 0.883869 -0.467734
vn 0.000000 0.921749 -0.387787
vn 0.000000 0.921749 -0.387787
vn 0.000000 0.952415 -0.304806
vn 0.000000 0.952415 -0.304806
vn 0.000000 0.975626 -0.219438
vn 0.000000 0.975626 -0.219438
vn 0.000000 0.991203 -0.132354
vn 0.000000 0.991203 -0.132354
vn 0.000000 0.999021 -0.044234
vn 0.000000 0.999021 -0.044234
vn 1.000000 0.000000 0.000000
vn 1.000000 0.000000 0.000000
vn 1.000000 0.000000 0.000000
vn 1.000000 0.000000 0.000000
vn 1.000000 0.000000 0.000000
vn 1.000000 0.000000 0.000000
vn 1.000000 0.000000 0.000000
vn 1.000000 0.000000 0.000000
vn 1.000000 0.000000 0.000000
vn 1.000000 0.000000 0.000000
vn 1.000000 0.000000 0.000000
vn 1.000000 0.000000 0.000000
vn 1.000000 0.000000 0.000000
vn 1.000000 0.000000 0.000000
vn 1.000000 0.000000 0.000000
vn 1.000000 0.000000 0.000000
vn 1.000000 0.000000 0.000000
vn 1.000000 0.000000 0.000000
vn 1.000000 0.000000 0.000000
vn 1.000000 0.000000 0.000000
vn 1.000000 0.000000 0.000000
vn 1.000000 0.000000 0.000000
vn 1.000000 0.000000 0.000000
vn 1.000000 0.000000 0.000000
vn 1.000000 0.000000 0.000000
vn 1.000000 0.000000 0.000000
vn 1.000000 0.000000 0.000000
vn 1.000000 0.000000 0.000000
vn 1.000000 0.000000 0.000000
vn 1.000000 0.000000 0.000000
vn 1.000000 0.000000 0.000000
vn 1.000000 0.000000 0.000000
vn 1.000000 0.000000 0.000000
vn 1.000000 0.000000 0.000000
vn 1.000000 0.000000 0.000000
vn 1.000000 0.000000 0.000000
vn 1.000000 0.000000 0.000000
vn 1.000000 0.000000 0.000000
vn 1.000000 0.000000 0.000000
vn 1.000000 0.000000 0.000000
vn 1.000000 0.000000 0.000000
vn 1.000000 0.000000 0.000000
vn 1.000000 0.000000 0.000000
vn 1.000000 0.000000 0.000000
vn 1.000000 0.000000 0.000000
vn 1.000000 0.000000 0.000000
vn 1.000000 0.000000 0.000000
vn 1.000000 0.000000 0.000000
vn 1.000000 0.000000 0.000000
vn 1.000000 0.000000 0.000000
vn 1.000000 0.000000 0.000000
vn 1.000000 0.000000 0.000000
vn 1.000000 0.000000 0.000000
vn 1.000000 0.000000 0.000000
vn 1.000000 0.000000 0.000000
vn 1.000000 0.000000 0.000000
vn 1.000000 0.000000 0.000000
vn 1.000000 0.000000 0.000000
vn 1.000000 0.000000 0.000000
vn 1.000000 0.000000 0.000000
vn 1.000000 0.000000 0.000000
vn 1.000000 0.000000 0.000000
vn 1.000000 0.000000 0.000000
vn 1.000000 0.000000 0.000000
vn 1.000000 0.000000 0.000000
vn 1.000000 0.000000 0.000000
vn 1.000000 0.000000 0.000000
vn 1.000000 0.000000 0.000000
vn 1.000000 0.000000 0.000000
vn 1.000000 0.000000 0.000000
vn 1.000000 0.000000 0.000000
vn 1.000000 0.000000 0.000000
vn 1.000000 0.000000 0.000000
vn 1.000000 0.000000 0.000000
vn 1.000000 0.000000 0.000000
vn 1.000000 0.000000 0.000000
vn 1.000000 0.000000 0.000000
vn 1.000000 0.000000 0.000000
vn 1.000000 0.000000 0.000000
vn 1.000000 0.000000 0.000000
vn 1.000000 0.000000 0.000000
vn 1.000000 0.000000 0.000000
vn 1.000000 0.000000 0.000000
vn 1.000000 0.000000 0.000000
vn 1.000000 0.000000 0.000000
vn 1.000000 0.000000 0.000000
vn 1.000000 0.000000 0.000000
vn 1.000000 0.000000 0.000000
vn 1.000000 0.000000 0.000000
vn 1.000000 0.000000 0.000000
vn 1.000000 0.000000 0.000000
vn 1.000000 0.000000 0.000000
vn 1.000000 0.000000 0.000000
vn 1.000000 0.000000 0.000000
vn 1.000000 0.000000 0.000000
vn 1.000000 0.000000 0.000000
vn 1.000000 0.000000 0.000000
vn 1.000000 0.000000 0.000000
vn 1.000000 0.000000 0.000000
vn 1.000000 0.000000 0.000000
vn 1.000000 0.000000 0.000000
vn 1.000000 0.000000 0.000000
vn 1.000000 0.000000 0.000000
vn 1.000000 0.000000 0.000000
vn 1.000000 0.000000 0.000000
vn 1.000000 0.000000 0.000000
vn 1.000000 0.000000 0.000000
vn 1.000000 0.000000 0.000000
vn 1.000000 0.000000 0.000000
vn 1.000000 0.000000 0.000000
vn 1.000000 0.000000 0.000000
vn 1.000000 0.000000 0.000000
vn 1.000000 0.000000 0.000000
vn 1.000000 0.000000 0.000000
vn 1.000000 0.000000 0.000000
vn 1.000000 0.000000 0.000000
vn 1.000000 0.000000 0.000000
vn 1.000000 0.000000 0.000000
vn 1.000000 0.000000 0.000000
vn 1.000000 0.000000 0.000000
vn 1.000000 0.000000 0.000000
vn 1.000000 0.000000 0.000000
vn 1.000000 0.000000 0.000000
vn 1.000000 0.000000 0.000000
vn 1.000000 0.000000 0.000000
vn 1.000000 0.000000 0.000000
vn 1.000000 0.000000 0.000000
vn 1.000000 0.000000 0.000000
vn 1.000000 0.000000 0.000000
vn 1.000000 0.000000 0.000000
vn 1.000000 0.000000 0.000000
vn 1.000000 0.000000 0.000000
vn 1.000000 0.000000 0.000000
vn 1.000000 0.000000 0.000000
vn 1.000000 0.000000 0.000000
vn 1.000000 0.000000 0.000000
vn 1.000000 0.000000 0.000000
vn 1.000000 0.000000 0.000000
vn 1.000000 0.000000 0.000000
vn 1.000000 0.000000 0.000000
vn 1.000000 0.000000 0.000000
vn 1.000000 0.000000 0.000000
vn 1.000000 0.000000 0.000000
vn 1.000000 0.000000 0.000000
vn 1.000000 0.000000 0.000000
vn 1.000000 0.000000 0.000000
vn 1.000000 0.000000 0.000000
vn 1.000000 0.000000 0.000000
vn 1.000000 0.000000 0.000000
vn 1.000000 0.000000 0.000000
vn 1.000000 0.000000 0.000000
vn 1.000000 0.000000 0.000000
vn 1.000000 0.000000 0.000000
vn 0.000000 0.999266 0.038302
vn 0.000000 0.999266 0.038302
vn 0.000000 0.993402 0.114683
vn 0.000000 0.993402 0.114683
vn 0.000000 0.981708 0.190392
vn 0.000000 0.981708 0.190392
vn 0.000000 0.964254 0.264981
vn 0.000000 0.964254 0.264981
vn 0.000000 0.941140 0.338017
vn 0.000000 0.941140 0.338017
vn 0.000000 0.912504 0.409069
vn 0.000000 0.912504 0.409069
vn 0.000000 0.878512 0.477720
vn 0.000000 0.878512 0.477720
vn 0.000000 0.839366 0.543567
vn 0.000000 0.839366 0.543567
vn 0.000000 0.795293 0.606226
vn 0.000000 0.795293 0.606226
vn 0.000000 0.746553 0.665326
vn 0.000000 0.746553 0.665326
vn 0.000000 0.693432 0.720522
vn 0.000000 0.636242 0.771489
vn 0.000000 0.693432 0.720522
vn 0.000000 0.636242 0.771489
vn 0.000000 0.575319 0.817929
vn 0.000000 0.575319 0.817929
vn 0.000000 0.511019 0.859569
vn 0.000000 0.511019 0.859569
vn 0.000000 0.443720 0.896165
vn 0.000000 0.443720 0.896165
vn 0.000000 0.373817 0.927502
vn 0.000000 0.373817 0.927502
vn 0.000000 0.301720 0.953397
vn 0.000000 0.227853 0.973695
vn 0.000000 0.301720 0.953397
vn 0.000000 0.152650 0.988280
vn 0.000000 0.227853 0.973695
vn 0.000000 0.076549 0.997066
vn 0.000000 0.152650 0.988280
vn 0.000000 0.076549 0.997066
vn 0.000000 0.000000 1.000000
vn 0.000000 -0.000000 1.000000
vn 0.000000 -0.076549 0.997066
vn 0.000000 -0.076549 0.997066
vn 0.000000 -0.152650 0.988280
vn 0.000000 -0.227853 0.973695
vn 0.000000 -0.152650 0.988280
vn 0.000000 -0.227853 0.973695
vn 0.000000 -0.301720 0.953397
vn 0.000000 -0.301720 0.953397
vn 0.000000 -0.373817 0.927502
vn 0.000000 -0.373817 0.927502
vn 0.000000 -0.443720 0.896165
vn 0.000000 -0.511019 0.859569
vn 0.000000 -0.443720 0.896165
vn 0.000000 -0.511019 0.859569
vn 0.000000 -0.575319 0.817929
vn 0.000000 -0.636242 0.771489
vn 0.000000 -0.575319 0.817929
vn 0.000000 -0.636242 0.771489
vn 0.000000 -0.693432 0.720522
vn 0.000000 -0.746553 0.665326
vn 0.000000 -0.693432 0.720522
vn 0.000000 -0.795293 0.606226
vn 0.000000 -0.746553 0.665326
vn 0.000000 -0.795293 0.606226
vn 0.000000 -0.839366 0.543567
vn 0.000000 -0.839366 0.543567
vn 0.000000 -0.878512 0.477720
vn 0.000000 -0.878512 0.477720
vn 0.000000 -0.912504 0.409069
vn 0.000000 -0.912504 0.409069
vn 0.000000 -0.941140 0.338017
vn 0.000000 -0.941140 0.338017
vn 0.000000 -0.964254 0.264981
vn 0.000000 -0.964254 0.264981
vn 0.000000 -0.981708 0.190392
vn 0.000000 -0.981708 0.190392
vn 0.000000 -0.993402 0.114683
vn 0.000000 -0.993402 0.114683
vn 0.000000 -0.999266 0.038302
vn 0.000000 -0.999266 0.038302
vn -0.000000 -0.999266 -0.038302
vn -0.000000 -0.999266 -0.038302
vn 0.000000 -0.993402 -0.114683
vn -0.000000 -0.993402 -0.114683
vn -0.000000 -0.981708 -0.190392
vn -0.000000 -0.981708 -0.190392
vn -0.000000 -0.964254 -0.264981
vn -0.000000 -0.941140 -0.338017
vn 0.000000 -0.964254 -0.264981
vn -0.000000 -0.941140 -0.338017
vn -0.000000 -0.912504 -0.409069
vn 0.000000 -0.912504 -0.409069
vn -0.000000 -0.878512 -0.477720
vn 0.000000 -0.878512 -0.477720
vn -0.000000 -0.839366 -0.543567
vn -0.000000 -0.795293 -0.606226
vn 0.000000 -0.839366 -0.543567
vn -0.000000 -0.795293 -0.606226
vn -0.000000 -0.746553 -0.665326
vn 0.000000 -0.746553 -0.665326
vn -0.000000 -0.693432 -0.720522
vn 0.000000 -0.693432 -0.720522
vn -0.000000 -0.636242 -0.771489
vn -0.000000 -0.575319 -0.817929
vn 0.000000 -0.636242 -0.771489
vn -0.000000 -0.575319 -0.817929
vn -0.000000 -0.511019 -0.859569
vn -0.000000 -0.443720 -0.896165
vn 0.000000 -0.511019 -0.859569
vn -0.000000 -0.443720 -0.896165
vn -0.000000 -0.373817 -0.927502
vn 0.000000 -0.373817 -0.927502
vn -0.000000 -0.301720 -0.953397
vn 0.000000 -0.301720 -0.953397
vn 0.000000 -0.227853 -0.973695
vn -0.000000 -0.227853 -0.973695
vn -0.000000 -0.152650 -0.988280
vn -0.000000 -0.152650 -0.988280
vn 0.000000 -0.076549 -0.997066
vn -0.000000 -0.076549 -0.997066
vn 0.000000 -0.000000 -1.000000
vn -0.000000 0.000000 -1.000000
vn 0.000000 0.076549 -0.997066
vn 0.000000 0.076549 -0.997066
vn 0.000000 0.152650 -0.988280
vn 0.000000 0.152650 -0.988280
vn 0.000000 0.227853 -0.973695
vn 0.000000 0.227853 -0.973695
vn 0.000000 0.301720 -0.953397
vn 0.000000 0.301720 -0.953397
vn 0.000000 0.373817 -0.927502
vn 0.000000 0.373817 -0.927502
vn 0.000000 0.443720 -0.896165
vn 0.000000 0.443720 -0.896165
vn 0.000000 0.511019 -0.859569
vn 0.000000 0.511019 -0.859569
vn 0.000000 0.575319 -0.817929
vn 0.000000 0.575319 -0.817929
vn 0.000000 0.636242 -0.771489
vn 0.000000 0.636242 -0.771489
vn 0.000000 0.693432 -0.720522
vn 0.000000 0.693432 -0.720522
vn 0.000000 0.746553 -0.665326
vn 0.000000 0.746553 -0.665326
vn 0.000000 0.795293 -0.606226
vn 0.000000 0.795293 -0.606226
vn 0.000000 0.839366 -0.543567
vn 0.000000 0.839366 -0.543567
vn 0.000000 0.878512 -0.477720
vn 0.000000 0.878512 -0.477720
vn 0.000000 0.912504 -0.409069
vn 0.000000 0.912504 -0.409069
vn 0.000000 0.941140 -0.338017
vn 0.000000 0.941140 -0.338017
vn 0.000000 0.964254 -0.264981
vn 0.000000 0.964254 -0.264981
vn 0.000000 0.981708 -0.190392
vn 0.000000 0.981708 -0.190392
vn 0.000000 0.993402 -0.114683
vn 0.000000 0.999266 -0.038302
vn 0.000000 0.993402 -0.114683
vn 0.000000 0.999266 -0.038302
vn 1.000000 0.000000 0.000000
vn 1.000000 0.000000 0.000000
vn 1.000000 0.000000 0.000000
vn 1.000000 0.000000 0.000000
vn 1.000000 0.000000 0.000000
vn 1.000000 0.000000 0.000000
vn 1.000000 0.000000 0.000000
vn 1.000000 0.000000 0.000000
vn 1.000000 0.000000 0.000000
vn 1.000000 0.000000 0.000000
vn 1.000000 0.000000 0.000000
vn 1.000000 0.000000 0.000000
vn 1.000000 0.000000 0.000000
vn 1.000000 0.000000 0.000000
vn 1.000000 0.000000 0.000000
vn 1.000000 0.000000 0.000000
vn 1.000000 0.000000 0.000000
vn 1.000000 0.000000 0.000000
vn 1.000000 0.000000 0.000000
vn 1.000000 0.000000 0.000000
vn 1.000000 0.000000 0.000000
vn 1.000000 0.000000 0.000000
vn 1.000000 0.000000 0.000000
vn 1.000000 0.000000 0.000000
vn 1.000000 0.000000 0.000000
vn 1.000000 0.000000 0.000000
vn 1.000000 0.000000 0.000000
vn 1.000000 0.000000 0.000000
vn 1.000000 0.000000 0.000000
vn 1.000000 0.000000 0.000000
vn 1.000000 0.000000 0.000000
vn 1.000000 0.000000 0.000000
vn 1.000000 0.000000 0.000000
vn 1.000000 0.000000 0.000000
vn 1.000000 0.000000 0.000000
vn 1.000000 0.000000 0.000000
vn 1.000000 0.000000 0.000000
vn 1.000000 0.000000 0.000000
vn 1.000000 0.000000 0.000000
vn 1.000000 0.000000 0.000000
vn 1.000000 0.000000 0.000000
vn 1.000000 0.000000 0.000000
vn 1.000000 0.000000 0.000000
vn 1.000000 0.000000 0.000000
vn 1.000000 0.000000 0.000000
vn 1.000000 0.000000 0.000000
vn 1.000000 0.000000 0.000000
vn 1.000000 0.000000 0.000000
vn 1.000000 0.000000 0.000000
vn 1.000000 0.000000 0.000000
vn 1.000000 0.000000 0.000000
vn 1.000000 0.000000 0.000000
vn 1.000000 0.000000 0.000000
vn 1.000000 0.000000 0.000000
vn 1.000000 0.000000 0.000000
vn 1.000000 0.000000 0.000000
vn 1.000000 0.000000 0.000000
vn 1.000000 0.000000 0.000000
vn 1.000000 0.000000 0.000000
vn 1.000000 0.000000 0.000000
vn 1.000000 0.000000 0.000000
vn 1.000000 0.000000 0.000000
vn 1.000000 0.000000 0.000000
vn 1.000000 0.000000 0.000000
vn 1.000000 0.000000 0.000000
vn 1.000000 0.000000 0.000000
vn 1.000000 0.000000 0.000000
vn 1.000000 0.000000 0.000000
vn 1.000000 0.000000 0.000000
vn 1.000000 0.000000 0.000000
vn 1.000000 0.000000 0.000000
vn 1.000000 0.000000 0.000000
vn 1.000000 0.000000 0.000000
vn 1.000000 0.000000 0.000000
vn 1.000000 0.000000 0.000000
vn 1.000000 0.000000 0.000000
vn 1.000000 0.000000 0.000000
vn 1.000000 0.000000 0.000000
vn 1.000000 0.000000 0.000000
vn 1.000000 0.000000 0.000000
vn 1.000000 0.000000 0.000000
vn 1.000000 0.000000 0.000000
vn 1.000000 0.000000 0.000000
vn 1.000000 0.000000 0.000000
vn 1.000000 0.000000 0.000000
vn 1.000000 0.000000 0.000000
vn 1.000000 0.000000 0.000000
vn 1.000000 0.000000 0.000000
vn 1.000000 0.000000 0.000000
vn 1.000000 0.000000 0.000000
vn 1.000000 0.000000 0.000000
vn 1.000000 0.000000 0.000000
vn 1.000000 0.000000 0.000000
vn 1.000000 0.000000 0.000000
vn 1.000000 0.000000 0.000000
vn 1.000000 0.000000 0.000000
vn 1.000000 0.000000 0.000000
vn 1.000000 0.000000 0.000000
vn 1.000000 0.000000 0.000000
vn 1.000000 0.000000 0.000000
vn 1.000000 0.000000 0.000000
vn 1.000000 0.000000 0.000000
vn 1.000000 0.000000 0.000000
vn 1.000000 0.000000 0.000000
vn 1.000000 0.000000 0.000000
vn 1.000000 0.000000 0.000000
vn 1.000000 0.000000 0.000000
vn 1.000000 0.000000 0.000000
vn 1.000000 0.000000 0.000000
vn 1.000000 0.000000 0.000000
vn 1.000000 0.000000 0.000000
vn 1.000000 0.000000 0.000000
vn 1.000000 0.000000 0.000000
vn 1.000000 0.000000 0.000000
vn 1.000000 0.000000 0.000000
vn 1.000000 0.000000 0.000000
vn 1.000000 0.000000 0.000000
vn 1.000000 0.000000 0.000000
vn 1.000000 0.000000 0.000000
vn 1.000000 0.000000 0.000000
vn 1.000000 0.000000 0.000000
vn 1.000000 0.000000 0.000000
vn 1.000000 0.000000 0.000000
vn 1.000000 0.000000 0.000000
vn 1.000000 0.000000 0.000000
vn 1.000000 0.000000 0.000000
vn 1.000000 0.000000 0.000000
vn 1.000000 0.000000 0.000000
vn 1.000000 0.000000 0.000000
vn 1.000000 0.000000 0.000000
vn 1.000000 0.000000 0.000000
vn 1.000000 0.000000 0.000000
vn 1.000000 0.000000 0.000000
vn 1.000000 0.000000 0.000000
vn 1.000000 0.000000 0.000000
vn 1.000000 0.000000 0.000000
vn 1.000000 0.000000 0.000000
vn 1.000000 0.000000 0.000000
vn 1.000000 0.000000 0.000000
vn 1.000000 0.000000 0.000000
vn 1.000000 0.000000 0.000000
vn 1.000000 0.000000 0.000000
vn 1.000000 0.000000 0.000000
vn 1.000000 0.000000 0.000000
vn 1.000000 0.000000 0.000000
vn 1.000000 0.000000 0.000000
vn 1.000000 0.000000 0.000000
vn 1.000000 0.000000 0.000000
vn 1.000000 0.000000 0.000000
vn 1.000000 0.000000 0.000000
vn 1.000000 0.000000 0.000000
vn 1.000000 0.000000 0.000000
vn 1.000000 0.000000 0.000000
vn 1.000000 0.000000 0.000000
vn 1.000000 0.000000 0.000000
vn 1.000000 0.000000 0.000000
vn 1.000000 0.000000 0.000000
vn 1.000000 0.000000 0.000000
vn 1.000000 0.000000 0.000000
vn 1.000000 0.000000 0.000000
vn 1.000000 0.000000 0.000000
vn 1.000000 0.000000 0.000000
vn 1.000000 0.000000 0.000000
vn 1.000000 0.000000 0.000000
vn 1.000000 0.000000 0.000000
vn 1.000000 0.000000 0.000000
vn 0.000000 0.999301 0.037391
vn 0.000000 0.999301 0.037391
vn 0.000000 0.993712 0.111965
vn 0.000000 0.993712 0.111965
vn 0.000000 0.982567 0.185910
vn 0.000000 0.982567 0.185910
vn 0.000000 0.965926 0.258819
vn 0.000000 0.965926 0.258819
vn 0.000000 0.943883 0.330279
vn 0.000000 0.943883 0.330279
vn 0.000000 0.916562 0.399892
vn 0.000000 0.916562 0.399892
vn 0.000000 0.884115 0.467269
vn 0.000000 0.846724 0.532032
vn 0.000000 0.884115 0.467269
vn 0.000000 0.846724 0.532032
vn 0.000000 0.804598 0.593820
vn 0.000000 0.804598 0.593820
vn 0.000000 0.757972 0.652288
vn 0.000000 0.757972 0.652288
vn 0.000000 0.707107 0.707107
vn 0.000000 0.707107 0.707107
vn 0.000000 0.652288 0.757972
vn 0.000000 0.652288 0.757972
vn 0.000000 0.593820 0.804598
vn 0.000000 0.593820 0.804598
vn 0.000000 0.532032 0.846724
vn 0.000000 0.467269 0.884115
vn 0.000000 0.532032 0.846724
vn 0.000000 0.467269 0.884115
vn 0.000000 0.399892 0.916562
vn 0.000000 0.399892 0.916562
vn 0.000000 0.330279 0.943883
vn 0.000000 0.258819 0.965926
vn 0.000000 0.330279 0.943883
vn 0.000000 0.258819 0.965926
vn 0.000000 0.185910 0.982567
vn 0.000000 0.185910 0.982567
vn 0.000000 0.111965 0.993712
vn 0.000000 0.037391 0.999301
vn 0.000000 0.111965 0.993712
vn 0.000000 0.037391 0.999301
vn 0.000000 -0.037391 0.999301
vn 0.000000 -0.037391 0.999301
vn 0.000000 -0.111965 0.993712
vn 0.000000 -0.185910 0.982567
vn 0.000000 -0.111965 0.993712
vn 0.000000 -0.185910 0.982567
vn 0.000000 -0.258819 0.965926
vn 0.000000 -0.330279 0.943883
vn 0.000000 -0.258819 0.965926
vn 0.000000 -0.399892 0.916562
vn 0.000000 -0.330279 0.943883
vn 0.000000 -0.399892 0.916562
vn 0.000000 -0.467269 0.884115
vn 0.000000 -0.467269 0.884115
vn 0.000000 -0.532032 0.846724
vn 0.000000 -0.532032 0.846724
vn 0.000000 -0.593820 0.804598
vn 0.000000 -0.652288 0.757972
vn 0.000000 -0.593820 0.804598
vn 0.000000 -0.707107 0.707107
vn 0.000000 -0.652288 0.757972
vn 0.000000 -0.707107 0.707107
vn 0.000000 -0.757972 0.652288
vn 0.000000 -0.757972 0.652288
vn 0.000000 -0.804598 0.593820
vn 0.000000 -0.804598 0.593820
vn 0.000000 -0.846724 0.532032
vn 0.000000 -0.846724 0.532032
vn 0.000000 -0.884115 0.467269
vn 0.000000 -0.884115 0.467269
vn 0.000000 -0.916562 0.399892
vn 0.000000 -0.916562 0.399892
vn 0.000000 -0.943883 0.330279
vn 0.000000 -0.943883 0.330279
vn 0.000000 -0.965926 0.258819
vn 0.000000 -0.965926 0.258819
vn 0.000000 -0.982567 0.185910
vn 0.000000 -0.982567 0.185910
vn 0.000000 -0.993712 0.111965
vn 0.000000 -0.993712 0.111965
vn 0.000000 -0.999301 0.037391
vn 0.000000 -0.999301 0.037391
vn -0.000000 -0.999301 -0.037391
vn 0.000000 -0.999301 -0.037391
vn -0.000000 -0.993712 -0.111965
vn 0.000000 -0.993712 -0.111965
vn -0.000000 -0.982567 -0.185910
vn 0.000000 -0.982567 -0.185910
vn -0.000000 -0.965926 -0.258819
vn 0.000000 -0.965926 -0.258819
vn -0.000000 -0.943883 -0.330279
vn 0.000000 -0.943883 -0.330279
vn -0.000000 -0.916562 -0.399892
vn 0.000000 -0.916562 -0.399892
vn -0.000000 -0.884115 -0.467269
vn 0.000000 -0.884115 -0.467269
vn -0.000000 -0.846724 -0.532032
vn -0.000000 -0.804598 -0.593820
vn 0.000000 -0.846724 -0.532032
vn -0.000000 -0.804598 -0.593820
vn -0.000000 -0.757972 -0.652288
vn -0.000000 -0.707107 -0.707107
vn 0.000000 -0.757972 -0.652288
vn -0.000000 -0.707107 -0.707107
vn -0.000000 -0.652288 -0.757972
vn 0.000000 -0.652288 -0.757972
vn -0.000000 -0.593820 -0.804598
vn 0.000000 -0.593820 -0.804598
vn -0.000000 -0.532032 -0.846724
vn 0.000000 -0.532032 -0.846724
vn -0.000000 -0.467269 -0.884115
vn 0.000000 -0.467269 -0.884115
vn 0.000000 -0.399892 -0.916562
vn -0.000000 -0.399892 -0.916562
vn 0.000000 -0.330279 -0.943883
vn -0.000000 -0.330279 -0.943883
vn 0.000000 -0.258819 -0.965926
vn -0.000000 -0.258819 -0.965926
vn 0.000000 -0.185910 -0.982567
vn -0.000000 -0.185910 -0.982567
vn 0.000000 -0.111965 -0.993712
vn -0.000000 -0.111965 -0.993712
vn 0.000000 -0.037391 -0.999301
vn -0.000000 -0.037391 -0.999301
vn 0.000000 0.037391 -0.999301
vn 0.000000 0.037391 -0.999301
vn 0.000000 0.111965 -0.993712
vn 0.000000 0.111965 -0.993712
vn 0.000000 0.185910 -0.982567
vn 0.000000 0.185910 -0.982567
vn 0.000000 0.258819 -0.965926
vn 0.000000 0.258819 -0.965926
vn 0.000000 0.330279 -0.943883
vn 0.000000 0.330279 -0.943883
vn 0.000000 0.399892 -0.916562
vn 0.000000 0.399892 -0.916562
vn 0.000000 0.467269 -0.884115
vn 0.000000 0.467269 -0.884115
vn 0.000000 0.532032 -0.846724
vn 0.000000 0.532032 -0.846724
vn 0.000000 0.593820 -0.804598
vn 0.000000 0.593820 -0.804598
vn 0.000000 0.652288 -0.757972
vn 0.000000 0.652288 -0.757972
vn 0.000000 0.707107 -0.707107
vn 0.000000 0.707107 -0.707107
vn 0.000000 0.757972 -0.652288
vn 0.000000 0.757972 -0.652288
vn 0.000000 0.804598 -0.593820
vn 0.000000 0.804598 -0.593820
vn 0.000000 0.846724 -0.532032
vn 0.000000 0.846724 -0.532032
vn 0.000000 0.884115 -0.467269
vn 0.000000 0.884115 -0.467269
vn 0.000000 0.916562 -0.399892
vn 0.000000 0.916562 -0.399892
vn 0.000000 0.943883 -0.330279
vn 0.000000 0.943883 -0.330279
vn 0.000000 0.965926 -0.258819
vn 0.000000 0.965926 -0.258819
vn 0.000000 0.982567 -0.185910
vn 0.000000 0.982567 -0.185910
vn 0.000000 0.993712 -0.111965
vn 0.000000 0.993712 -0.111965
vn 0.000000 0.999301 -0.037391
vn 0.000000 0.999301 -0.037391
vn -1.000000 0.000000 0.000000
vn -1.000000 0.000000 0.000000
vn -1.000000 0.000000 0.000000
vn -1.000000 0.000000 0.000000
vn -1.000000 0.000000 -0.000000
vn -1.000000 0.000000 0.000000
vn -1.000000 0.000000 0.000000
vn -1.000000 0.000000 0.000000
vn -1.000000 0.000000 0.000000
vn -1.000000 0.000000 -0.000000
vn -1.000000 0.000000 0.000000
vn -1.000000 0.000000 0.000000
vn -1.000000 0.000000 0.000000
vn -1.000000 0.000000 0.000000
vn -1.000000 0.000000 -0.000000
vn -1.000000 0.000000 0.000000
vn -1.000000 0.000000 0.000000
vn -1.000000 0.000000 0.000000
vn -1.000000 0.000000 -0.000000
vn -1.000000 0.000000 0.000000
vn -1.000000 0.000000 0.000000
vn -1.000000 0.000000 0.000000
vn -1.000000 0.000000 0.000000
vn -1.000000 0.000000 -0.000000
vn -1.000000 0.000000 0.000000
vn -1.000000 0.000000 0.000000
vn -1.000000 0.000000 0.000000
vn -1.000000 0.000000 0.000000
vn -1.000000 0.000000 -0.000000
vn -1.000000 0.000000 0.000000
vn -1.000000 0.000000 0.000000
vn -1.000000 0.000000 -0.000000
vn -1.000000 0.000000 0.000000
vn -1.000000 0.000000 0.000000
vn -1.000000 0.000000 -0.000000
vn -1.000000 0.000000 0.000000
vn -1.000000 0.000000 0.000000
vn -1.000000 0.000000 -0.000000
vn -1.000000 0.000000 0.000000
vn -1.000000 0.000000 0.000000
vn -1.000000 0.000000 -0.000000
vn -1.000000 0.000000 0.000000
vn -1.000000 0.000000 0.000000
vn -1.000000 0.000000 0.000000
vn -1.000000 0.000000 0.000000
vn -1.000000 0.000000 -0.000000
vn -1.000000 0.000000 0.000000
vn -1.000000 0.000000 0.000000
vn -1.000000 0.000000 0.000000
vn -1.000000 0.000000 0.000000
vn -1.000000 0.000000 -0.000000
vn -1.000000 0.000000 0.000000
vn -1.000000 0.000000 0.000000
vn -1.000000 0.000000 0.000000
vn -1.000000 0.000000 -0.000000
vn -1.000000 0.000000 0.000000
vn -1.000000 0.000000 0.000000
vn -1.000000 0.000000 0.000000
vn -1.000000 0.000000 0.000000
vn -1.000000 0.000000 0.000000
vn -1.000000 0.000000 0.000000
vn -1.000000 0.000000 -0.000000
vn -1.000000 0.000000 0.000000
vn -1.000000 0.000000 0.000000
vn -1.000000 0.000000 0.000000
vn -1.000000 0.000000 -0.000000
vn -1.000000 0.000000 0.000000
vn -1.000000 0.000000 0.000000
vn -1.000000 0.000000 0.000000
vn -1.000000 0.000000 -0.000000
vn -1.000000 0.000000 -0.000000
vn -1.000000 0.000000 0.000000
vn -1.000000 0.000000 0.000000
vn -1.000000 0.000000 -0.000000
vn -1.000000 0.000000 0.000000
vn -1.000000 0.000000 -0.000000
vn -1.000000 0.000000 0.000000
vn -1.000000 0.000000 0.000000
vn -1.000000 0.000000 -0.000000
vn -1.000000 0.000000 0.000000
vn -1.000000 0.000000 -0.000000
vn -1.000000 0.000000 0.000000
vn -1.000000 0.000000 0.000000
vn -1.000000 0.000000 0.000000
vn -1.000000 0.000000 -0.000000
vn -1.000000 0.000000 0.000000
vn -1.000000 0.000000 0.000000
vn -1.000000 0.000000 0.000000
vn -1.000000 0.000000 -0.000000
vn -1.000000 0.000000 0.000000
vn -1.000000 0.000000 0.000000
vn -1.000000 0.000000 -0.000000
vn -1.000000 0.000000 0.000000
vn -1.000000 0.000000 0.000000
vn -1.000000 0.000000 -0.000000
vn -1.000000 0.000000 0.000000
vn -1.000000 0.000000 0.000000
vn -1.000000 0.000000 0.000000
vn -1.000000 0.000000 -0.000000
vn -1.000000 0.000000 0.000000
vn -1.000000 0.000000 0.000000
vn -1.000000 0.000000 -0.000000
vn -1.000000 0.000000 0.000000
vn -1.000000 0.000000 0.000000
vn -1.000000 0.000000 0.000000
vn -1.000000 0.000000 -0.000000
vn -1.000000 0.000000 0.000000
vn -1.000000 0.000000 0.000000
vn -1.000000 0.000000 0.000000
vn -1.000000 0.000000 0.000000
vn -1.000000 0.000000 0.000000
vn -1.000000 0.000000 -0.000000
vn -1.000000 0.000000 0.000000
vn -1.000000 0.000000 0.000000
vn -1.000000 0.000000 -0.000000
vn -1.000000 0.000000 0.000000
vn -1.000000 0.000000 0.000000
vn -1.000000 0.000000 -0.000000
vn -1.000000 0.000000 0.000000
vn -1.000000 0.000000 -0.000000
vn -1.000000 0.000000 0.000000
vn -1.000000 0.000000 0.000000
vn -1.000000 0.000000 -0.000000
vn -1.000000 0.000000 0.000000
vn -1.000000 0.000000 0.000000
vn -1.000000 0.000000 0.000000
vn -1.000000 0.000000 -0.000000
vn -1.000000 0.000000 0.000000
vn -1.000000 0.000000 -0.000000
vn -1.000000 0.000000 0.000000
vn -1.000000 0.000000 0.000000
vn -1.000000 0.000000 0.000000
vn -1.000000 0.000000 -0.000000
vn -1.000000 0.000000 0.000000
vn -1.000000 0.000000 0.000000
vn -1.000000 0.000000 0.000000
vn -1.000000 0.000000 -0.000000
vn -1.000000 0.000000 0.000000
vn -1.000000 0.000000 0.000000
vn -1.000000 0.000000 0.000000
vn -1.000000 0.000000 0.000000
vn -1.000000 0.000000 0.000000
vn -1.000000 0.000000 -0.000000
vn 0.000000 0.998583 0.053222
vn 0.000000 0.998583 0.053222
vn 0.000000 0.987268 0.159064
vn 0.000000 0.987268 0.159064
vn 0.000000 0.964768 0.263102
vn 0.000000 0.931336 0.364161
vn 0.000000 0.964768 0.263102
vn 0.000000 0.931336 0.364161
vn 0.000000 0.887352 0.461093
vn 0.000000 0.887352 0.461093
vn 0.000000 0.833314 0.552800
vn 0.000000 0.833314 0.552800
vn 0.000000 0.769834 0.638245
vn 0.000000 0.697632 0.716457
vn 0.000000 0.769834 0.638245
vn 0.000000 0.617525 0.786552
vn 0.000000 0.697632 0.716457
vn 0.000000 0.617525 0.786552
vn 0.000000 0.530421 0.847734
vn 0.000000 0.437307 0.899312
vn 0.000000 0.530421 0.847734
vn 0.000000 0.437307 0.899312
vn 0.000000 0.339239 0.940700
vn 0.000000 0.237327 0.971430
vn 0.000000 0.339239 0.940700
vn 0.000000 0.237327 0.971430
vn 0.000000 0.132726 0.991153
vn 0.000000 0.132726 0.991153
vn 0.000000 0.026620 0.999646
vn 0.000000 -0.079786 0.996812
vn 0.000000 0.026620 0.999646
vn 0.000000 -0.185289 0.982684
vn 0.000000 -0.079786 0.996812
vn 0.000000 -0.288691 0.957422
vn 0.000000 -0.185289 0.982684
vn 0.000000 -0.288691 0.957422
vn 0.000000 -0.388824 0.921312
vn 0.000000 -0.484551 0.874763
vn 0.000000 -0.388824 0.921312
vn 0.000000 -0.484551 0.874763
vn 0.000000 -0.574787 0.818303
vn 0.000000 -0.574787 0.818303
vn 0.000000 -0.658511 0.752571
vn 0.000000 -0.658511 0.752571
vn 0.000000 -0.734774 0.678312
vn 0.000000 -0.734774 0.678312
vn 0.000000 -0.802712 0.596367
vn 0.000000 -0.802712 0.596367
vn 0.000000 -0.861554 0.507666
vn 0.000000 -0.861554 0.507666
vn 0.000000 -0.910635 0.413212
vn 0.000000 -0.910635 0.413212
vn 0.000000 -0.949398 0.314077
vn 0.000000 -0.949398 0.314077
vn 0.000000 -0.977403 0.211383
vn 0.000000 -0.977403 0.211383
vn 0.000000 -0.994335 0.106293
vn 0.000000 -0.994335 0.106293
vn 0.000000 -1.000000 0.000000
vn 0.000000 -1.000000 0.000000
vn -0.000000 -0.994335 -0.106293
vn 0.000000 -0.994335 -0.106293
vn -0.000000 -0.977403 -0.211383
vn 0.000000 -0.977403 -0.211383
vn -0.000000 -0.949398 -0.314077
vn -0.000000 -0.910635 -0.413212
vn 0.000000 -0.949398 -0.314077
vn -0.000000 -0.910635 -0.413212
vn -0.000000 -0.861554 -0.507666
vn 0.000000 -0.861554 -0.507666
vn -0.000000 -0.802712 -0.596367
vn 0.000000 -0.802712 -0.596367
vn -0.000000 -0.734774 -0.678312
vn -0.000000 -0.658511 -0.752571
vn 0.000000 -0.734774 -0.678312
vn -0.000000 -0.658511 -0.752571
vn -0.000000 -0.574787 -0.818303
vn -0.000000 -0.484551 -0.874763
vn 0.000000 -0.574787 -0.818303
vn -0.000000 -0.484551 -0.874763
vn -0.000000 -0.388824 -0.921312
vn -0.000000 -0.288691 -0.957422
vn 0.000000 -0.388824 -0.921312
vn -0.000000 -0.288691 -0.957422
vn -0.000000 -0.185289 -0.982684
vn 0.000000 -0.185289 -0.982684
vn -0.000000 -0.079786 -0.996812
vn 0.000000 -0.079786 -0.996812
vn 0.000000 0.026620 -0.999646
vn 0.000000 0.026620 -0.999646
vn 0.000000 0.132726 -0.991153
vn 0.000000 0.132726 -0.991153
vn 0.000000 0.237327 -0.971430
vn 0.000000 0.237327 -0.971430
vn 0.000000 0.339239 -0.940700
vn 0.000000 0.339239 -0.940700
vn 0.000000 0.437307 -0.899312
vn 0.000000 0.437307 -0.899312
vn 0.000000 0.530421 -0.847734
vn 0.000000 0.530421 -0.847734
vn 0.000000 0.617525 -0.786552
vn 0.000000 0.617525 -0.786552
vn 0.000000 0.697632 -0.716457
vn 0.000000 0.697632 -0.716457
vn 0.000000 0.769834 -0.638245
vn 0.000000 0.769834 -0.638245
vn 0.000000 0.833314 -0.552800
vn 0.000000 0.833314 -0.552800
vn 0.000000 0.887352 -0.461093
vn 0.000000 0.887352 -0.461093
vn 0.000000 0.931336 -0.364161
vn 0.000000 0.931336 -0.364161
vn 0.000000 0.964768 -0.263102
vn 0.000000 0.964768 -0.263102
vn 0.000000 0.987268 -0.159064
vn 0.000000 0.987268 -0.159064
vn 0.000000 0.998583 -0.053222
vn 0.000000 0.998583 -0.053222
vn -1.000000 0.000000 0.000000
vn -1.000000 0.000000 -0.000000
vn -1.000000 0.000000 0.000000
vn -1.000000 0.000000 0.000000
vn -1.000000 0.000000 0.000000
vn -1.000000 0.000000 -0.000000
vn -1.000000 0.000000 0.000000
vn -1.000000 0.000000 0.000000
vn -1.000000 0.000000 0.000000
vn -1.000000 0.000000 0.000000
vn -1.000000 0.000000 -0.000000
vn -1.000000 0.000000 0.000000
vn -1.000000 0.000000 0.000000
vn -1.000000 0.000000 0.000000
vn -1.000000 0.000000 0.000000
vn -1.000000 0.000000 -0.000000
vn -1.000000 0.000000 0.000000
vn -1.000000 0.000000 0.000000
vn -1.000000 0.000000 0.000000
vn -1.000000 0.000000 0.000000
vn -1.000000 0.000000 -0.000000
vn -1.000000 0.000000 -0.000000
vn -1.000000 0.000000 0.000000
vn -1.000000 0.000000 0.000000
vn -1.000000 0.000000 0.000000
vn -1.000000 0.000000 -0.000000
vn -1.000000 0.000000 -0.000000
vn -1.000000 0.000000 0.000000
vn -1.000000 0.000000 0.000000
vn -1.000000 0.000000 0.000000
vn -1.000000 0.000000 0.000000
vn -1.000000 0.000000 0.000000
vn -1.000000 0.000000 -0.000000
vn -1.000000 0.000000 0.000000
vn -1.000000 0.000000 0.000000
vn -1.000000 0.000000 0.000000
vn -1.000000 0.000000 -0.000000
vn -1.000000 0.000000 0.000000
vn -1.000000 0.000000 0.000000
vn -1.000000 0.000000 0.000000
vn -1.000000 0.000000 -0.000000
vn -1.000000 0.000000 0.000000
vn -1.000000 0.000000 0.000000
vn -1.000000 0.000000 0.000000
vn -1.000000 0.000000 -0.000000
vn -1.000000 0.000000 -0.000000
vn -1.000000 0.000000 0.000000
vn -1.000000 0.000000 -0.000000
vn -1.000000 0.000000 0.000000
vn -1.000000 0.000000 -0.000000
vn -1.000000 0.000000 0.000000
vn -1.000000 0.000000 0.000000
vn -1.000000 0.000000 -0.000000
vn -1.000000 0.000000 -0.000000
vn -1.000000 0.000000 0.000000
vn -1.000000 0.000000 0.000000
vn -1.000000 0.000000 0.000000
vn -1.000000 0.000000 -0.000000
vn -1.000000 0.000000 0.000000
vn -1.000000 0.000000 0.000000
vn -1.000000 0.000000 0.000000
vn -1.000000 0.000000 -0.000000
vn -1.000000 0.000000 0.000000
vn -1.000000 0.000000 0.000000
vn -1.000000 0.000000 0.000000
vn -1.000000 0.000000 -0.000000
vn -1.000000 0.000000 0.000000
vn -1.000000 0.000000 0.000000
vn -1.000000 0.000000 -0.000000
vn -1.000000 0.000000 0.000000
vn -1.000000 0.000000 0.000000
vn -1.000000 0.000000 -0.000000
vn -1.000000 0.000000 0.000000
vn -1.000000 0.000000 0.000000
vn -1.000000 0.000000 0.000000
vn -1.000000 0.000000 0.000000
vn -1.000000 0.000000 -0.000000
vn -1.000000 0.000000 0.000000
vn -1.000000 0.000000 0.000000
vn -1.000000 0.000000 0.000000
vn -1.000000 0.000000 -0.000000
vn -1.000000 0.000000 0.000000
vn -1.000000 0.000000 0.000000
vn -1.000000 0.000000 0.000000
vn -1.000000 0.000000 0.000000
vn -1.000000 0.000000 -0.000000
vn -1.000000 0.000000 0.000000
vn -1.000000 0.000000 0.000000
vn -1.000000 0.000000 -0.000000
vn -1.000000 0.000000 0.000000
vn -1.000000 0.000000 0.000000
vn -1.000000 0.000000 -0.000000
vn -1.000000 0.000000 0.000000
vn -1.000000 0.000000 0.000000
vn -1.000000 0.000000 0.000000
vn -1.000000 0.000000 -0.000000
vn -1.000000 0.000000 0.000000
vn -1.000000 0.000000 0.000000
vn -1.000000 0.000000 0.000000
vn -1.000000 0.000000 -0.000000
vn -1.000000 0.000000 0.000000
vn -1.000000 0.000000 0.000000
vn -1.000000 0.000000 -0.000000
vn -1.000000 0.000000 0.000000
vn -1.000000 0.000000 0.000000
vn -1.000000 0.000000 -0.000000
vn -1.000000 0.000000 0.000000
f 1//1 2//1 3//1
f 4//2 1//2 3//2
f 5//3 4//3 3//3
f 5//4 3//4 6//4
f 5//5 6//5 7//5
f 8//6 5//6 7//6
f 9//7 8//7 7//7
f 9//8 7//8 10//8
f 9//9 10//9 11//9
f 12//10 9//10 11//10
f 13//11 12//11 11//11
f 13//12 11//12 14//12
f 15//13 13//13 14//13
f 15//14 14//14 16//14
f 17//15 15//15 16//15
f 17//16 16//16 18//16
f 17//17 18//17 19//17
f 20//18 17//18 19//18
f 21//19 20//19 19//19
f 21//20 19//20 22//20
f 23//21 21//21 22//21
f 23//22 22//22 24//22
f 23//23 24//23 25//23
f 26//24 23//24 25//24
f 27//25 26//25 25//25
f 27//26 25//26 28//26
f 29//27 27//27 28//27
f 29//28 28//28 30//28
f 31//29 29//29 30//29
f 31//30 30//30 32//30
f 33//31 32//31 34//31
f 33//32 34//32 35//32
f 33//33 31//33 32//33
f 36//34 33//34 35//34
f 37//35 35//35 38//35
f 37//36 36//36 35//36
f 39//37 38//37 40//37
f 39//38 37//38 38//38
f 41//39 40//39 42//39
f 41//40 39//40 40//40
f 43//41 42//41 44//41
f 43//42 44//42 45//42
f 43//43 41//43 42//43
f 46//44 43//44 45//44
f 47//45 45//45 48//45
f 47//46 46//46 45//46
f 49//47 48//47 50//47
f 49//48 50//48 51//48
f 49//49 47//49 48//49
f 52//50 49//50 51//50
f 53//51 52//51 51//51
f 53//52 51//52 54//52
f 55//53 53//53 54//53
f 55//54 54//54 56//54
f 57//55 55//55 56//55
f 57//56 56//56 58//56
f 57//57 58//57 59//57
f 60//58 57//58 59//58
f 60//59 59//59 61//59
f 62//60 60//60 61//60
f 63//61 62//61 61//61
f 63//62 61//62 64//62
f 65//63 63//63 64//63
f 65//64 64//64 66//64
f 67//65 65//65 66//65
f 67//66 66//66 68//66
f 69//67 67//67 68//67
f 69//68 68//68 70//68
f 69//69 70//69 71//69
f 72//70 69//70 71//70
f 72//71 71//71 73//71
f 74//72 72//72 73//72
f 75//73 74//73 73//73
f 75//74 73//74 76//74
f 77//75 75//75 76//75
f 77//76 76//76 78//76
f 77//77 78//77 79//77
f 80//78 77//78 79//78
f 81//79 80//79 79//79
f 81//80 79//80 82//80
f 81//81 82//81 83//81
f 84//82 81//82 83//82
f 85//83 84//83 83//83
f 85//84 83//84 86//84
f 87//85 85//85 86//85
f 87//86 86//86 88//86
f 87//87 88//87 89//87
f 90//88 87//88 89//88
f 91//89 90//89 89//89
f 91//90 89//90 92//90
f 93//91 91//91 92//91
f 93//92 92//92 94//92
f 95//93 93//93 94//93
f 95//94 94//94 96//94
f 1//95 95//95 96//95
f 1//96 96//96 2//96
f 61//97 97//97 98//97
f 64//98 61//98 98//98
f 64//99 98//99 99//99
f 64//100 99//100 100//100
f 59//101 101//101 102//101
f 59//102 102//102 97//102
f 59//103 97//103 61//103
f 66//104 100//104 103//104
f 66//105 64//105 100//105
f 58//106 104//106 101//106
f 58//107 101//107 59//107
f 68//108 103//108 105//108
f 68//109 105//109 106//109
f 68//110 66//110 103//110
f 56//111 107//111 108//111
f 56//112 108//112 104//112
f 56//113 104//113 58//113
f 70//114 106//114 109//114
f 70//115 68//115 106//115
f 54//116 110//116 107//116
f 54//117 107//117 56//117
f 71//118 70//118 109//118
f 71//119 109//119 111//119
f 71//120 111//120 112//120
f 51//121 113//121 114//121
f 51//122 114//122 110//122
f 51//123 110//123 54//123
f 73//124 71//124 112//124
f 73//125 112//125 115//125
f 50//126 116//126 113//126
f 50//127 113//127 51//127
f 76//128 115//128 117//128
f 76//129 73//129 115//129
f 48//130 118//130 119//130
f 48//131 119//131 116//131
f 48//132 116//132 50//132
f 78//133 76//133 117//133
f 78//134 117//134 120//134
f 78//135 120//135 121//135
f 45//136 122//136 118//136
f 45//137 118//137 48//137
f 79//138 78//138 121//138
f 79//139 121//139 123//139
f 44//140 122//140 45//140
f 44//141 124//141 125//141
f 44//142 125//142 122//142
f 82//143 79//143 123//143
f 82//144 123//144 126//144
f 82//145 126//145 127//145
f 42//146 124//146 44//146
f 42//147 128//147 124//147
f 83//148 82//148 127//148
f 83//149 127//149 129//149
f 40//150 130//150 128//150
f 40//151 128//151 42//151
f 131//152 130//152 40//152
f 86//153 83//153 129//153
f 86//154 129//154 132//154
f 38//155 131//155 40//155
f 133//156 131//156 38//156
f 35//157 133//157 38//157
f 134//158 88//158 86//158
f 134//159 86//159 132//159
f 135//160 133//160 35//160
f 136//161 89//161 88//161
f 136//162 88//162 134//162
f 137//163 135//163 35//163
f 137//164 35//164 34//164
f 138//165 89//165 136//165
f 139//166 137//166 34//166
f 139//167 34//167 32//167
f 140//168 92//168 89//168
f 140//169 89//169 138//169
f 141//170 139//170 32//170
f 142//171 94//171 92//171
f 142//172 92//172 140//172
f 143//173 141//173 32//173
f 143//174 32//174 30//174
f 144//175 94//175 142//175
f 145//176 143//176 30//176
f 145//177 30//177 28//177
f 146//178 94//178 144//178
f 146//179 96//179 94//179
f 147//180 145//180 28//180
f 148//181 2//181 96//181
f 148//182 96//182 146//182
f 149//183 28//183 25//183
f 149//184 147//184 28//184
f 150//185 2//185 148//185
f 151//186 149//186 25//186
f 151//187 25//187 24//187
f 152//188 2//188 150//188
f 152//189 3//189 2//189
f 153//190 151//190 24//190
f 153//191 24//191 22//191
f 154//192 3//192 152//192
f 154//193 6//193 3//193
f 155//194 153//194 22//194
f 156//195 6//195 154//195
f 157//196 155//196 22//196
f 157//197 22//197 19//197
f 158//198 7//198 6//198
f 158//199 6//199 156//199
f 159//200 157//200 19//200
f 159//201 19//201 18//201
f 160//202 7//202 158//202
f 160//203 10//203 7//203
f 161//204 159//204 18//204
f 162//205 10//205 160//205
f 163//206 161//206 18//206
f 163//207 18//207 16//207
f 164//208 10//208 162//208
f 164//209 11//209 10//209
f 165//210 163//210 16//210
f 165//211 16//211 14//211
f 166//212 11//212 164//212
f 166//213 14//213 11//213
f 167//214 165//214 14//214
f 167//215 14//215 166//215
f 152//216 168//216 169//216
f 152//217 150//217 168//217
f 154//218 169//218 170//218
f 154//219 152//219 169//219
f 156//220 170//220 171//220
f 156//221 154//221 170//221
f 158//222 171//222 172//222
f 158//223 156//223 171//223
f 160//224 172//224 173//224
f 160//225 158//225 172//225
f 162//226 173//226 174//226
f 162//227 160//227 173//227
f 164//228 174//228 175//228
f 164//229 162//229 174//229
f 166//230 175//230 176//230
f 166//231 164//231 175//231
f 167//232 176//232 177//232
f 167//233 166//233 176//233
f 165//234 177//234 178//234
f 165//235 167//235 177//235
f 163//236 178//236 179//236
f 163//237 165//237 178//237
f 161//238 179//238 180//238
f 161//239 180//239 181//239
f 161//240 163//240 179//240
f 159//241 161//241 181//241
f 157//242 159//242 181//242
f 157//243 181//243 182//243
f 155//244 157//244 182//244
f 155//245 182//245 183//245
f 153//246 155//246 183//246
f 153//247 183//247 184//247
f 151//248 153//248 184//248
f 151//249 184//249 185//249
f 149//250 185//250 186//250
f 149//251 151//251 185//251
f 147//252 186//252 187//252
f 147//253 149//253 186//253
f 145//254 187//254 188//254
f 145//255 147//255 187//255
f 143//256 188//256 189//256
f 143//257 189//257 190//257
f 143//258 145//258 188//258
f 141//259 143//259 190//259
f 139//260 190//260 191//260
f 139//261 141//261 190//261
f 137//262 191//262 192//262
f 137//263 192//263 193//263
f 137//264 139//264 191//264
f 135//265 193//265 194//265
f 135//266 137//266 193//266
f 133//267 135//267 194//267
f 131//268 194//268 195//268
f 131//269 133//269 194//269
f 130//270 195//270 196//270
f 130//271 196//271 197//271
f 130//272 131//272 195//272
f 128//273 130//273 197//273
f 124//274 197//274 198//274
f 124//275 198//275 199//275
f 124//276 128//276 197//276
f 125//277 124//277 199//277
f 122//278 199//278 200//278
f 122//279 200//279 201//279
f 122//280 125//280 199//280
f 118//281 122//281 201//281
f 119//282 201//282 202//282
f 119//283 202//283 203//283
f 119//284 118//284 201//284
f 116//285 203//285 204//285
f 116//286 119//286 203//286
f 113//287 116//287 204//287
f 114//288 204//288 205//288
f 114//289 113//289 204//289
f 110//290 205//290 206//290
f 110//291 114//291 205//291
f 107//292 110//292 206//292
f 107//293 206//293 207//293
f 108//294 107//294 207//294
f 108//295 207//295 208//295
f 104//296 108//296 208//296
f 104//297 208//297 209//297
f 104//298 209//298 210//298
f 101//299 104//299 210//299
f 102//300 101//300 210//300
f 102//301 210//301 211//301
f 97//302 102//302 211//302
f 97//303 211//303 212//303
f 97//304 212//304 213//304
f 98//305 97//305 213//305
f 99//306 98//306 213//306
f 99//307 213//307 214//307
f 100//308 99//308 214//308
f 100//309 214//309 215//309
f 103//310 100//310 215//310
f 103//311 215//311 216//311
f 105//312 103//312 216//312
f 105//313 216//313 217//313
f 106//314 105//314 217//314
f 106//315 217//315 218//315
f 109//316 218//316 219//316
f 109//317 106//317 218//317
f 111//318 219//318 220//318
f 111//319 109//319 219//319
f 112//320 220//320 221//320
f 112//321 111//321 220//321
f 115//322 221//322 222//322
f 115//323 112//323 221//323
f 117//324 222//324 223//324
f 117//325 115//325 222//325
f 120//326 223//326 224//326
f 120//327 117//327 223//327
f 121//328 224//328 225//328
f 121//329 225//329 226//329
f 121//330 120//330 224//330
f 123//331 121//331 226//331
f 126//332 226//332 227//332
f 126//333 123//333 226//333
f 127//334 227//334 228//334
f 127//335 228//335 229//335
f 127//336 126//336 227//336
f 129//337 127//337 229//337
f 132//338 229//338 230//338
f 132//339 129//339 229//339
f 134//340 230//340 231//340
f 134//341 132//341 230//341
f 136//342 134//342 231//342
f 136//343 231//343 232//343
f 138//344 136//344 232//344
f 138//345 232//345 233//345
f 140//346 138//346 233//346
f 140//347 233//347 234//347
f 142//348 140//348 234//348
f 142//349 234//349 235//349
f 144//350 142//350 235//350
f 144//351 235//351 236//351
f 146//352 144//352 236//352
f 146//353 236//353 237//353
f 148//354 146//354 237//354
f 148//355 237//355 238//355
f 150//356 148//356 238//356
f 150//357 238//357 168//357
f 212//358 239//358 240//358
f 213//359 240//359 241//359
f 213//360 241//360 242//360
f 213//361 212//361 240//361
f 211//362 243//362 239//362
f 211//363 239//363 212//363
f 214//364 242//364 244//364
f 214//365 213//365 242//365
f 210//366 245//366 243//366
f 210//367 243//367 211//367
f 215//368 244//368 246//368
f 215//369 214//369 244//369
f 209//370 247//370 245//370
f 209//371 245//371 210//371
f 216//372 246//372 248//372
f 216//373 215//373 246//373
f 208//374 247//374 209//374
f 208//375 249//375 247//375
f 217//376 248//376 250//376
f 217//377 216//377 248//377
f 207//378 249//378 208//378
f 207//379 251//379 252//379
f 207//380 252//380 249//380
f 218//381 217//381 250//381
f 218//382 250//382 253//382
f 206//383 251//383 207//383
f 206//384 254//384 251//384
f 219//385 253//385 255//385
f 219//386 218//386 253//386
f 205//387 254//387 206//387
f 205//388 256//388 254//388
f 220//389 219//389 255//389
f 220//390 255//390 257//390
f 220//391 257//391 258//391
f 204//392 256//392 205//392
f 204//393 259//393 256//393
f 221//394 220//394 258//394
f 221//395 258//395 260//395
f 203//396 261//396 259//396
f 203//397 259//397 204//397
f 222//398 221//398 260//398
f 222//399 260//399 262//399
f 202//400 263//400 261//400
f 202//401 261//401 203//401
f 223//402 222//402 262//402
f 223//403 262//403 264//403
f 201//404 265//404 263//404
f 201//405 263//405 202//405
f 224//406 223//406 264//406
f 224//407 264//407 266//407
f 200//408 265//408 201//408
f 200//409 267//409 268//409
f 200//410 268//410 265//410
f 225//411 266//411 269//411
f 225//412 224//412 266//412
f 199//413 270//413 267//413
f 199//414 267//414 200//414
f 226//415 269//415 271//415
f 226//416 271//416 272//416
f 226//417 225//417 269//417
f 198//418 273//418 270//418
f 198//419 270//419 199//419
f 227//420 272//420 274//420
f 227//421 226//421 272//421
f 197//422 275//422 273//422
f 197//423 273//423 198//423
f 228//424 227//424 274//424
f 276//425 228//425 274//425
f 196//426 277//426 275//426
f 196//427 275//427 197//427
f 229//428 228//428 276//428
f 278//429 229//429 276//429
f 195//430 277//430 196//430
f 279//431 277//431 195//431
f 230//432 229//432 278//432
f 280//433 230//433 278//433
f 194//434 279//434 195//434
f 231//435 230//435 280//435
f 281//436 279//436 194//436
f 282//437 231//437 280//437
f 232//438 231//438 282//438
f 283//439 194//439 193//439
f 283//440 281//440 194//440
f 284//441 232//441 282//441
f 233//442 232//442 284//442
f 285//443 193//443 192//443
f 285//444 283//444 193//444
f 286//445 233//445 284//445
f 287//446 192//446 191//446
f 287//447 285//447 192//447
f 288//448 233//448 286//448
f 288//449 234//449 233//449
f 289//450 191//450 190//450
f 289//451 287//451 191//451
f 290//452 234//452 288//452
f 290//453 235//453 234//453
f 291//454 190//454 189//454
f 291//455 289//455 190//455
f 292//456 236//456 235//456
f 292//457 235//457 290//457
f 293//458 189//458 188//458
f 293//459 291//459 189//459
f 294//460 237//460 236//460
f 294//461 236//461 292//461
f 295//462 188//462 187//462
f 295//463 293//463 188//463
f 296//464 238//464 237//464
f 296//465 237//465 294//465
f 297//466 295//466 187//466
f 298//467 168//467 238//467
f 298//468 238//468 296//468
f 299//469 187//469 186//469
f 299//470 297//470 187//470
f 300//471 168//471 298//471
f 301//472 299//472 186//472
f 301//473 186//473 185//473
f 302//474 169//474 168//474
f 302//475 168//475 300//475
f 303//476 301//476 185//476
f 303//477 185//477 184//477
f 304//478 170//478 169//478
f 304//479 169//479 302//479
f 305//480 303//480 184//480
f 305//481 184//481 183//481
f 306//482 170//482 304//482
f 306//483 171//483 170//483
f 307//484 305//484 183//484
f 307//485 183//485 182//485
f 308//486 171//486 306//486
f 308//487 172//487 171//487
f 309//488 307//488 182//488
f 309//489 182//489 181//489
f 310//490 172//490 308//490
f 310//491 173//491 172//491
f 311//492 309//492 181//492
f 312//493 173//493 310//493
f 312//494 174//494 173//494
f 313//495 311//495 181//495
f 313//496 181//496 180//496
f 314//497 174//497 312//497
f 315//498 313//498 180//498
f 315//499 180//499 179//499
f 316//500 174//500 314//500
f 316//501 175//501 174//501
f 317//502 315//502 179//502
f 317//503 179//503 178//503
f 318//504 175//504 316//504
f 318//505 176//505 175//505
f 319//506 317//506 178//506
f 319//507 178//507 177//507
f 320//508 176//508 318//508
f 320//509 319//509 177//509
f 320//510 177//510 176//510
f 302//511 321//511 322//511
f 302//512 300//512 321//512
f 304//513 322//513 323//513
f 304//514 302//514 322//514
f 306//515 323//515 324//515
f 306//516 304//516 323//516
f 308//517 324//517 325//517
f 308//518 306//518 324//518
f 310//519 325//519 326//519
f 310//520 308//520 325//520
f 312//521 326//521 327//521
f 312//522 310//522 326//522
f 314//523 327//523 328//523
f 314//524 312//524 327//524
f 316//525 328//525 329//525
f 316//526 314//526 328//526
f 318//527 316//527 329//527
f 318//528 329//528 330//528
f 320//529 330//529 331//529
f 320//530 318//530 330//530
f 319//531 331//531 332//531
f 319//532 332//532 333//532
f 319//533 320//533 331//533
f 317//534 319//534 333//534
f 315//535 317//535 333//535
f 315//536 333//536 334//536
f 315//537 334//537 335//537
f 313//538 315//538 335//538
f 311//539 335//539 336//539
f 311//540 313//540 335//540
f 309//541 336//541 337//541
f 309//542 311//542 336//542
f 307//543 337//543 338//543
f 307//544 338//544 339//544
f 307//545 309//545 337//545
f 305//546 339//546 340//546
f 305//547 307//547 339//547
f 303//548 340//548 341//548
f 303//549 305//549 340//549
f 301//550 303//550 341//550
f 299//551 341//551 342//551
f 299//552 301//552 341//552
f 297//553 342//553 343//553
f 297//554 299//554 342//554
f 295//555 343//555 344//555
f 295//556 344//556 345//556
f 295//557 297//557 343//557
f 293//558 295//558 345//558
f 291//559 345//559 346//559
f 291//560 293//560 345//560
f 289//561 346//561 347//561
f 289//562 291//562 346//562
f 287//563 347//563 348//563
f 287//564 348//564 349//564
f 287//565 289//565 347//565
f 285//566 287//566 349//566
f 283//567 349//567 350//567
f 283//568 350//568 351//568
f 283//569 285//569 349//569
f 281//570 283//570 351//570
f 279//571 351//571 352//571
f 279//572 352//572 353//572
f 279//573 281//573 351//573
f 277//574 353//574 354//574
f 277//575 279//575 353//575
f 275//576 277//576 354//576
f 273//577 354//577 355//577
f 273//578 275//578 354//578
f 270//579 273//579 355//579
f 270//580 355//580 356//580
f 267//581 270//581 356//581
f 267//582 356//582 357//582
f 268//583 267//583 357//583
f 268//584 357//584 358//584
f 268//585 358//585 359//585
f 265//586 268//586 359//586
f 263//587 265//587 359//587
f 263//588 359//588 360//588
f 263//589 360//589 361//589
f 261//590 263//590 361//590
f 261//591 361//591 362//591
f 259//592 261//592 362//592
f 259//593 362//593 363//593
f 256//594 259//594 363//594
f 254//595 256//595 363//595
f 254//596 363//596 364//596
f 254//597 364//597 365//597
f 251//598 254//598 365//598
f 252//599 365//599 366//599
f 252//600 366//600 367//600
f 252//601 251//601 365//601
f 249//602 252//602 367//602
f 247//603 367//603 368//603
f 247//604 249//604 367//604
f 245//605 368//605 369//605
f 245//606 247//606 368//606
f 243//607 369//607 370//607
f 243//608 370//608 371//608
f 243//609 245//609 369//609
f 239//610 243//610 371//610
f 240//611 371//611 372//611
f 240//612 239//612 371//612
f 241//613 372//613 373//613
f 241//614 240//614 372//614
f 242//615 373//615 374//615
f 242//616 374//616 375//616
f 242//617 241//617 373//617
f 244//618 242//618 375//618
f 246//619 375//619 376//619
f 246//620 376//620 377//620
f 246//621 244//621 375//621
f 248//622 246//622 377//622
f 250//623 377//623 378//623
f 250//624 248//624 377//624
f 253//625 378//625 379//625
f 253//626 250//626 378//626
f 255//627 253//627 379//627
f 255//628 379//628 380//628
f 255//629 380//629 381//629
f 257//630 255//630 381//630
f 258//631 257//631 381//631
f 258//632 381//632 382//632
f 260//633 258//633 382//633
f 260//634 382//634 383//634
f 260//635 383//635 384//635
f 262//636 260//636 384//636
f 264//637 262//637 384//637
f 264//638 384//638 385//638
f 266//639 264//639 385//639
f 266//640 385//640 386//640
f 269//641 266//641 386//641
f 269//642 386//642 387//642
f 269//643 387//643 388//643
f 271//644 269//644 388//644
f 272//645 271//645 388//645
f 272//646 388//646 389//646
f 272//647 389//647 390//647
f 274//648 272//648 390//648
f 276//649 274//649 390//649
f 276//650 390//650 391//650
f 278//651 276//651 391//651
f 278//652 391//652 392//652
f 280//653 278//653 392//653
f 280//654 392//654 393//654
f 282//655 280//655 393//655
f 282//656 393//656 394//656
f 284//657 282//657 394//657
f 284//658 394//658 395//658
f 286//659 284//659 395//659
f 286//660 395//660 396//660
f 288//661 286//661 396//661
f 288//662 396//662 397//662
f 290//663 288//663 397//663
f 290//664 397//664 398//664
f 292//665 398//665 399//665
f 292//666 290//666 398//666
f 294//667 399//667 400//667
f 294//668 292//668 399//668
f 296//669 400//669 401//669
f 296//670 294//670 400//670
f 298//671 401//671 402//671
f 298//672 402//672 321//672
f 298//673 296//673 401//673
f 300//674 298//674 321//674
f 372//675 403//675 404//675
f 373//676 404//676 405//676
f 373//677 372//677 404//677
f 371//678 406//678 403//678
f 371//679 403//679 372//679
f 374//680 405//680 407//680
f 374//681 373//681 405//681
f 370//682 408//682 406//682
f 370//683 406//683 371//683
f 375//684 407//684 409//684
f 375//685 374//685 407//685
f 369//686 410//686 408//686
f 369//687 408//687 370//687
f 376//688 409//688 411//688
f 376//689 375//689 409//689
f 368//690 412//690 410//690
f 368//691 410//691 369//691
f 377//692 376//692 411//692
f 377//693 411//693 413//693
f 367//694 412//694 368//694
f 367//695 414//695 412//695
f 378//696 377//696 413//696
f 378//697 413//697 415//697
f 366//698 414//698 367//698
f 366//699 416//699 414//699
f 379//700 378//700 415//700
f 379//701 415//701 417//701
f 365//702 416//702 366//702
f 365//703 418//703 416//703
f 380//704 379//704 417//704
f 419//705 380//705 417//705
f 364//706 418//706 365//706
f 364//707 420//707 418//707
f 381//708 380//708 419//708
f 421//709 381//709 419//709
f 363//710 420//710 364//710
f 363//711 422//711 420//711
f 382//712 381//712 421//712
f 423//713 382//713 421//713
f 362//714 424//714 422//714
f 362//715 422//715 363//715
f 383//716 382//716 423//716
f 425//717 383//717 423//717
f 426//718 424//718 362//718
f 361//719 426//719 362//719
f 384//720 383//720 425//720
f 427//721 384//721 425//721
f 428//722 426//722 361//722
f 360//723 428//723 361//723
f 385//724 384//724 427//724
f 429//725 385//725 427//725
f 430//726 428//726 360//726
f 359//727 430//727 360//727
f 386//728 385//728 429//728
f 431//729 386//729 429//729
f 432//730 430//730 359//730
f 358//731 432//731 359//731
f 387//732 386//732 431//732
f 433//733 432//733 358//733
f 434//734 387//734 431//734
f 357//735 433//735 358//735
f 388//736 387//736 434//736
f 435//737 433//737 357//737
f 436//738 388//738 434//738
f 356//739 435//739 357//739
f 389//740 388//740 436//740
f 437//741 435//741 356//741
f 438//742 389//742 436//742
f 355//743 437//743 356//743
f 390//744 389//744 438//744
f 439//745 437//745 355//745
f 440//746 390//746 438//746
f 354//747 439//747 355//747
f 391//748 390//748 440//748
f 441//749 439//749 354//749
f 442//750 391//750 440//750
f 353//751 441//751 354//751
f 392//752 391//752 442//752
f 443//753 441//753 353//753
f 444//754 392//754 442//754
f 352//755 443//755 353//755
f 393//756 392//756 444//756
f 445//757 443//757 352//757
f 446//758 393//758 444//758
f 351//759 445//759 352//759
f 394//760 393//760 446//760
f 447//761 445//761 351//761
f 448//762 394//762 446//762
f 350//763 447//763 351//763
f 395//764 394//764 448//764
f 449//765 447//765 350//765
f 450//766 395//766 448//766
f 349//767 449//767 350//767
f 396//768 395//768 450//768
f 451//769 449//769 349//769
f 452//770 396//770 450//770
f 348//771 451//771 349//771
f 397//772 396//772 452//772
f 453//773 451//773 348//773
f 454//774 397//774 452//774
f 347//775 453//775 348//775
f 398//776 397//776 454//776
f 455//777 453//777 347//777
f 456//778 398//778 454//778
f 346//779 455//779 347//779
f 399//780 398//780 456//780
f 457//781 455//781 346//781
f 458//782 399//782 456//782
f 345//783 457//783 346//783
f 400//784 399//784 458//784
f 459//785 457//785 345//785
f 460//786 400//786 458//786
f 344//787 459//787 345//787
f 401//788 400//788 460//788
f 461//789 459//789 344//789
f 462//790 401//790 460//790
f 343//791 461//791 344//791
f 402//792 401//792 462//792
f 463//793 461//793 343//793
f 464//794 402//794 462//794
f 342//795 463//795 343//795
f 321//796 402//796 464//796
f 465//797 463//797 342//797
f 466//798 321//798 464//798
f 341//799 465//799 342//799
f 467//800 465//800 341//800
f 468//801 321//801 466//801
f 468//802 322//802 321//802
f 340//803 467//803 341//803
f 469//804 467//804 340//804
f 470//805 322//805 468//805
f 470//806 323//806 322//806
f 339//807 469//807 340//807
f 471//808 323//808 470//808
f 471//809 324//809 323//809
f 472//810 339//810 338//810
f 472//811 469//811 339//811
f 473//812 338//812 337//812
f 473//813 472//813 338//813
f 474//814 324//814 471//814
f 474//815 325//815 324//815
f 475//816 473//816 337//816
f 475//817 337//817 336//817
f 476//818 325//818 474//818
f 476//819 326//819 325//819
f 477//820 475//820 336//820
f 477//821 336//821 335//821
f 478//822 326//822 476//822
f 478//823 327//823 326//823
f 479//824 327//824 478//824
f 479//825 328//825 327//825
f 480//826 477//826 335//826
f 480//827 335//827 334//827
f 481//828 480//828 334//828
f 481//829 334//829 333//829
f 482//830 328//830 479//830
f 482//831 329//831 328//831
f 483//832 329//832 482//832
f 483//833 330//833 329//833
f 484//834 481//834 333//834
f 484//835 333//835 332//835
f 485//836 330//836 483//836
f 485//837 331//837 330//837
f 486//838 484//838 332//838
f 486//839 331//839 485//839
f 486//840 332//840 331//840
f 468//841 487//841 488//841
f 468//842 466//842 487//842
f 470//843 488//843 489//843
f 470//844 468//844 488//844
f 471//845 489//845 490//845
f 471//846 470//846 489//846
f 474//847 490//847 491//847
f 474//848 471//848 490//848
f 476//849 491//849 492//849
f 476//850 474//850 491//850
f 478//851 492//851 493//851
f 478//852 476//852 492//852
f 479//853 493//853 494//853
f 479//854 494//854 495//854
f 479//855 478//855 493//855
f 482//856 479//856 495//856
f 483//857 482//857 495//857
f 483//858 495//858 496//858
f 483//859 496//859 497//859
f 485//860 483//860 497//860
f 486//861 485//861 497//861
f 486//862 497//862 498//862
f 486//863 498//863 499//863
f 484//864 486//864 499//864
f 481//865 499//865 500//865
f 481//866 484//866 499//866
f 480//867 500//867 501//867
f 480//868 501//868 502//868
f 480//869 481//869 500//869
f 477//870 480//870 502//870
f 475//871 502//871 503//871
f 475//872 477//872 502//872
f 473//873 503//873 504//873
f 473//874 504//874 505//874
f 473//875 475//875 503//875
f 472//876 473//876 505//876
f 469//877 505//877 506//877
f 469//878 472//878 505//878
f 467//879 506//879 507//879
f 467//880 507//880 508//880
f 467//881 469//881 506//881
f 465//882 467//882 508//882
f 463//883 508//883 509//883
f 463//884 465//884 508//884
f 461//885 509//885 510//885
f 461//886 510//886 511//886
f 461//887 463//887 509//887
f 459//888 461//888 511//888
f 457//889 511//889 512//889
f 457//890 512//890 513//890
f 457//891 459//891 511//891
f 455//892 513//892 514//892
f 455//893 457//893 513//893
f 453//894 455//894 514//894
f 451//895 514//895 515//895
f 451//896 453//896 514//896
f 449//897 515//897 516//897
f 449//898 451//898 515//898
f 447//899 516//899 517//899
f 447//900 517//900 518//900
f 447//901 449//901 516//901
f 445//902 518//902 519//902
f 445//903 447//903 518//903
f 443//904 445//904 519//904
f 441//905 519//905 520//905
f 441//906 443//906 519//906
f 439//907 441//907 520//907
f 439//908 520//908 521//908
f 437//909 439//909 521//909
f 437//910 521//910 522//910
f 437//911 522//911 523//911
f 435//912 437//912 523//912
f 433//913 435//913 523//913
f 433//914 523//914 524//914
f 432//915 433//915 524//915
f 432//916 524//916 525//916
f 432//917 525//917 526//917
f 430//918 432//918 526//918
f 428//919 430//919 526//919
f 428//920 526//920 527//920
f 426//921 428//921 527//921
f 426//922 527//922 528//922
f 424//923 426//923 528//923
f 424//924 528//924 529//924
f 422//925 529//925 530//925
f 422//926 424//926 529//926
f 420//927 530//927 531//927
f 420//928 422//928 530//928
f 418//929 531//929 532//929
f 418//930 420//930 531//930
f 416//931 532//931 533//931
f 416//932 418//932 532//932
f 414//933 533//933 534//933
f 414//934 416//934 533//934
f 412//935 534//935 535//935
f 412//936 414//936 534//936
f 410//937 535//937 536//937
f 410//938 412//938 535//938
f 408//939 536//939 537//939
f 408//940 537//940 538//940
f 408//941 410//941 536//941
f 406//942 408//942 538//942
f 403//943 538//943 539//943
f 403//944 539//944 540//944
f 403//945 406//945 538//945
f 404//946 403//946 540//946
f 405//947 540//947 541//947
f 405//948 404//948 540//948
f 407//949 541//949 542//949
f 407//950 405//950 541//950
f 409//951 542//951 543//951
f 409//952 407//952 542//952
f 411//953 543//953 544//953
f 411//954 409//954 543//954
f 413//955 411//955 544//955
f 413//956 544//956 545//956
f 415//957 413//957 545//957
f 415//958 545//958 546//958
f 417//959 415//959 546//959
f 417//960 546//960 547//960
f 419//961 417//961 547//961
f 419//962 547//962 548//962
f 421//963 419//963 548//963
f 421//964 548//964 549//964
f 423//965 421//965 549//965
f 423//966 549//966 550//966
f 425//967 423//967 550//967
f 425//968 550//968 551//968
f 427//969 425//969 551//969
f 427//970 551//970 552//970
f 429//971 427//971 552//971
f 429//972 552//972 553//972
f 431//973 429//973 553//973
f 431//974 553//974 554//974
f 434//975 431//975 554//975
f 434//976 554//976 555//976
f 436//977 434//977 555//977
f 436//978 555//978 556//978
f 438//979 436//979 556//979
f 438//980 556//980 557//980
f 440//981 438//981 557//981
f 440//982 557//982 558//982
f 442//983 440//983 558//983
f 442//984 558//984 559//984
f 444//985 442//985 559//985
f 444//986 559//986 560//986
f 446//987 444//987 560//987
f 446//988 560//988 561//988
f 448//989 446//989 561//989
f 448//990 561//990 562//990
f 450//991 562//991 563//991
f 450//992 448//992 562//992
f 450//993 563//993 564//993
f 452//994 450//994 564//994
f 454//995 564//995 565//995
f 454//996 452//996 564//996
f 456//997 565//997 566//997
f 456//998 454//998 565//998
f 458//999 566//999 567//999
f 458//1000 456//1000 566//1000
f 460//1001 567//1001 568//1001
f 460//1002 458//1002 567//1002
f 462//1003 568//1003 569//1003
f 462//1004 460//1004 568//1004
f 464//1005 462//1005 569//1005
f 464//1006 569//1006 570//1006
f 466//1007 464//1007 570//1007
f 466//1008 570//1008 487//1008
f 571//1009 561//1009 560//1009
f 571//1010 562//1010 561//1010
f 572//1011 571//1011 560//1011
f 572//1012 560//1012 559//1012
f 573//1013 562//1013 571//1013
f 573//1014 563//1014 562//1014
f 574//1015 572//1015 559//1015
f 574//1016 558//1016 557//1016
f 574//1017 559//1017 558//1017
f 575//1018 563//1018 573//1018
f 575//1019 564//1019 563//1019
f 575//1020 565//1020 564//1020
f 576//1021 574//1021 557//1021
f 576//1022 557//1022 556//1022
f 577//1023 565//1023 575//1023
f 577//1024 566//1024 565//1024
f 578//1025 576//1025 556//1025
f 578//1026 556//1026 555//1026
f 579//1027 566//1027 577//1027
f 579//1028 567//1028 566//1028
f 580//1029 578//1029 555//1029
f 580//1030 554//1030 553//1030
f 580//1031 555//1031 554//1031
f 581//1032 567//1032 579//1032
f 581//1033 568//1033 567//1033
f 581//1034 569//1034 568//1034
f 582//1035 580//1035 553//1035
f 582//1036 553//1036 552//1036
f 583//1037 569//1037 581//1037
f 583//1038 570//1038 569//1038
f 584//1039 582//1039 552//1039
f 584//1040 551//1040 550//1040
f 584//1041 552//1041 551//1041
f 585//1042 488//1042 487//1042
f 585//1043 570//1043 583//1043
f 585//1044 487//1044 570//1044
f 586//1045 584//1045 550//1045
f 586//1046 550//1046 549//1046
f 587//1047 489//1047 488//1047
f 587//1048 488//1048 585//1048
f 588//1049 586//1049 549//1049
f 588//1050 549//1050 548//1050
f 589//1051 490//1051 489//1051
f 589//1052 491//1052 490//1052
f 589//1053 489//1053 587//1053
f 590//1054 588//1054 548//1054
f 590//1055 547//1055 546//1055
f 590//1056 548//1056 547//1056
f 591//1057 492//1057 491//1057
f 591//1058 491//1058 589//1058
f 592//1059 590//1059 546//1059
f 592//1060 546//1060 545//1060
f 593//1061 493//1061 492//1061
f 593//1062 492//1062 591//1062
f 594//1063 592//1063 545//1063
f 594//1064 544//1064 543//1064
f 594//1065 545//1065 544//1065
f 595//1066 494//1066 493//1066
f 595//1067 495//1067 494//1067
f 595//1068 493//1068 593//1068
f 596//1069 543//1069 542//1069
f 596//1070 594//1070 543//1070
f 597//1071 496//1071 495//1071
f 597//1072 495//1072 595//1072
f 598//1073 542//1073 541//1073
f 598//1074 596//1074 542//1074
f 540//1075 598//1075 541//1075
f 599//1076 497//1076 496//1076
f 599//1077 496//1077 597//1077
f 600//1078 598//1078 540//1078
f 498//1079 497//1079 599//1079
f 498//1080 599//1080 601//1080
f 539//1081 600//1081 540//1081
f 602//1082 600//1082 539//1082
f 499//1083 601//1083 603//1083
f 499//1084 498//1084 601//1084
f 538//1085 604//1085 602//1085
f 538//1086 602//1086 539//1086
f 500//1087 499//1087 603//1087
f 537//1088 604//1088 538//1088
f 501//1089 500//1089 603//1089
f 501//1090 603//1090 605//1090
f 536//1091 606//1091 604//1091
f 536//1092 604//1092 537//1092
f 502//1093 501//1093 605//1093
f 502//1094 605//1094 607//1094
f 535//1095 606//1095 536//1095
f 535//1096 608//1096 606//1096
f 503//1097 502//1097 607//1097
f 503//1098 607//1098 609//1098
f 534//1099 608//1099 535//1099
f 504//1100 503//1100 609//1100
f 533//1101 608//1101 534//1101
f 533//1102 610//1102 608//1102
f 505//1103 504//1103 609//1103
f 505//1104 609//1104 611//1104
f 532//1105 612//1105 610//1105
f 532//1106 610//1106 533//1106
f 506//1107 505//1107 611//1107
f 506//1108 611//1108 613//1108
f 531//1109 612//1109 532//1109
f 507//1110 506//1110 613//1110
f 530//1111 614//1111 612//1111
f 530//1112 612//1112 531//1112
f 508//1113 507//1113 613//1113
f 508//1114 613//1114 615//1114
f 529//1115 616//1115 614//1115
f 529//1116 614//1116 530//1116
f 509//1117 508//1117 615//1117
f 509//1118 615//1118 617//1118
f 528//1119 618//1119 616//1119
f 528//1120 616//1120 529//1120
f 510//1121 617//1121 619//1121
f 510//1122 509//1122 617//1122
f 527//1123 618//1123 528//1123
f 511//1124 510//1124 619//1124
f 526//1125 620//1125 618//1125
f 526//1126 618//1126 527//1126
f 525//1127 621//1127 620//1127
f 525//1128 620//1128 526//1128
f 512//1129 619//1129 622//1129
f 512//1130 511//1130 619//1130
f 524//1131 621//1131 525//1131
f 513//1132 622//1132 623//1132
f 513//1133 512//1133 622//1133
f 523//1134 624//1134 621//1134
f 523//1135 621//1135 524//1135
f 514//1136 513//1136 623//1136
f 522//1137 624//1137 523//1137
f 522//1138 625//1138 624//1138
f 515//1139 623//1139 626//1139
f 515//1140 514//1140 623//1140
f 521//1141 625//1141 522//1141
f 516//1142 626//1142 627//1142
f 516//1143 515//1143 626//1143
f 520//1144 628//1144 625//1144
f 520//1145 625//1145 521//1145
f 517//1146 516//1146 627//1146
f 518//1147 627//1147 629//1147
f 518//1148 517//1148 627//1148
f 519//1149 518//1149 629//1149
f 519//1150 629//1150 628//1150
f 519//1151 628//1151 520//1151
f 587//1152 630//1152 631//1152
f 587//1153 585//1153 630//1153
f 589//1154 631//1154 632//1154
f 589//1155 587//1155 631//1155
f 591//1156 632//1156 633//1156
f 591//1157 633//1157 634//1157
f 591//1158 589//1158 632//1158
f 593//1159 591//1159 634//1159
f 595//1160 634//1160 635//1160
f 595//1161 593//1161 634//1161
f 597//1162 635//1162 636//1162
f 597//1163 595//1163 635//1163
f 599//1164 636//1164 637//1164
f 599//1165 637//1165 638//1165
f 599//1166 597//1166 636//1166
f 601//1167 638//1167 639//1167
f 601//1168 599//1168 638//1168
f 603//1169 601//1169 639//1169
f 605//1170 639//1170 640//1170
f 605//1171 640//1171 641//1171
f 605//1172 603//1172 639//1172
f 607//1173 605//1173 641//1173
f 609//1174 641//1174 642//1174
f 609//1175 642//1175 643//1175
f 609//1176 607//1176 641//1176
f 611//1177 609//1177 643//1177
f 613//1178 643//1178 644//1178
f 613//1179 611//1179 643//1179
f 615//1180 644//1180 645//1180
f 615//1181 645//1181 646//1181
f 615//1182 613//1182 644//1182
f 617//1183 646//1183 647//1183
f 617//1184 615//1184 646//1184
f 619//1185 647//1185 648//1185
f 619//1186 617//1186 647//1186
f 622//1187 619//1187 648//1187
f 623//1188 648//1188 649//1188
f 623//1189 649//1189 650//1189
f 623//1190 622//1190 648//1190
f 626//1191 623//1191 650//1191
f 626//1192 650//1192 651//1192
f 627//1193 626//1193 651//1193
f 629//1194 627//1194 651//1194
f 629//1195 651//1195 652//1195
f 628//1196 629//1196 652//1196
f 628//1197 652//1197 653//1197
f 625//1198 628//1198 653//1198
f 625//1199 653//1199 654//1199
f 624//1200 625//1200 654//1200
f 624//1201 654//1201 655//1201
f 624//1202 655//1202 656//1202
f 621//1203 624//1203 656//1203
f 620//1204 656//1204 657//1204
f 620//1205 621//1205 656//1205
f 618//1206 620//1206 657//1206
f 618//1207 657//1207 658//1207
f 618//1208 658//1208 659//1208
f 616//1209 618//1209 659//1209
f 614//1210 659//1210 660//1210
f 614//1211 616//1211 659//1211
f 612//1212 660//1212 661//1212
f 612//1213 614//1213 660//1213
f 610//1214 661//1214 662//1214
f 610//1215 612//1215 661//1215
f 608//1216 662//1216 663//1216
f 608//1217 663//1217 664//1217
f 608//1218 610//1218 662//1218
f 606//1219 608//1219 664//1219
f 604//1220 664//1220 665//1220
f 604//1221 606//1221 664//1221
f 602//1222 665//1222 666//1222
f 602//1223 604//1223 665//1223
f 600//1224 666//1224 667//1224
f 600//1225 667//1225 668//1225
f 600//1226 602//1226 666//1226
f 598//1227 600//1227 668//1227
f 596//1228 668//1228 669//1228
f 596//1229 669//1229 670//1229
f 596//1230 598//1230 668//1230
f 594//1231 596//1231 670//1231
f 592//1232 670//1232 671//1232
f 592//1233 671//1233 672//1233
f 592//1234 594//1234 670//1234
f 590//1235 592//1235 672//1235
f 588//1236 672//1236 673//1236
f 588//1237 590//1237 672//1237
f 586//1238 673//1238 674//1238
f 586//1239 588//1239 673//1239
f 584//1240 586//1240 674//1240
f 584//1241 674//1241 675//1241
f 582//1242 584//1242 675//1242
f 582//1243 675//1243 676//1243
f 582//1244 676//1244 677//1244
f 580//1245 582//1245 677//1245
f 578//1246 580//1246 677//1246
f 578//1247 677//1247 678//1247
f 576//1248 578//1248 678//1248
f 576//1249 678//1249 679//1249
f 574//1250 576//1250 679//1250
f 574//1251 679//1251 680//1251
f 574//1252 680//1252 681//1252
f 572//1253 574//1253 681//1253
f 571//1254 572//1254 681//1254
f 571//1255 681//1255 682//1255
f 573//1256 571//1256 682//1256
f 573//1257 682//1257 683//1257
f 575//1258 573//1258 683//1258
f 575//1259 683//1259 684//1259
f 577//1260 575//1260 684//1260
f 577//1261 684//1261 685//1261
f 579//1262 577//1262 685//1262
f 579//1263 685//1263 686//1263
f 581//1264 579//1264 686//1264
f 581//1265 686//1265 687//1265
f 583//1266 581//1266 687//1266
f 583//1267 687//1267 688//1267
f 585//1268 688//1268 630//1268
f 585//1269 583//1269 688//1269
f 85//1270 682//1270 681//1270
f 87//1271 682//1271 85//1271
f 87//1272 683//1272 682//1272
f 84//1273 85//1273 681//1273
f 84//1274 681//1274 680//1274
f 90//1275 683//1275 87//1275
f 90//1276 684//1276 683//1276
f 90//1277 685//1277 684//1277
f 81//1278 84//1278 680//1278
f 81//1279 680//1279 679//1279
f 91//1280 685//1280 90//1280
f 91//1281 686//1281 685//1281
f 80//1282 678//1282 677//1282
f 80//1283 679//1283 678//1283
f 80//1284 81//1284 679//1284
f 93//1285 686//1285 91//1285
f 93//1286 687//1286 686//1286
f 77//1287 80//1287 677//1287
f 77//1288 677//1288 676//1288
f 95//1289 688//1289 687//1289
f 95//1290 687//1290 93//1290
f 75//1291 676//1291 675//1291
f 75//1292 77//1292 676//1292
f 1//1293 631//1293 630//1293
f 1//1294 630//1294 688//1294
f 1//1295 688//1295 95//1295
f 74//1296 675//1296 674//1296
f 74//1297 75//1297 675//1297
f 4//1298 632//1298 631//1298
f 4//1299 631//1299 1//1299
f 72//1300 74//1300 674//1300
f 72//1301 673//1301 672//1301
f 72//1302 674//1302 673//1302
f 5//1303 633//1303 632//1303
f 5//1304 632//1304 4//1304
f 69//1305 672//1305 671//1305
f 69//1306 72//1306 672//1306
f 8//1307 634//1307 633//1307
f 8//1308 633//1308 5//1308
f 67//1309 671//1309 670//1309
f 67//1310 69//1310 671//1310
f 9//1311 635//1311 634//1311
f 9//1312 634//1312 8//1312
f 65//1313 670//1313 669//1313
f 65//1314 67//1314 670//1314
f 636//1315 635//1315 9//1315
f 12//1316 636//1316 9//1316
f 63//1317 65//1317 669//1317
f 63//1318 669//1318 668//1318
f 637//1319 636//1319 12//1319
f 667//1320 63//1320 668//1320
f 13//1321 637//1321 12//1321
f 62//1322 63//1322 667//1322
f 638//1323 637//1323 13//1323
f 15//1324 638//1324 13//1324
f 666//1325 62//1325 667//1325
f 666//1326 60//1326 62//1326
f 639//1327 638//1327 15//1327
f 17//1328 639//1328 15//1328
f 665//1329 60//1329 666//1329
f 665//1330 57//1330 60//1330
f 640//1331 639//1331 17//1331
f 640//1332 17//1332 20//1332
f 664//1333 57//1333 665//1333
f 664//1334 55//1334 57//1334
f 641//1335 640//1335 20//1335
f 663//1336 55//1336 664//1336
f 663//1337 53//1337 55//1337
f 642//1338 641//1338 20//1338
f 642//1339 20//1339 21//1339
f 662//1340 53//1340 663//1340
f 643//1341 642//1341 21//1341
f 643//1342 21//1342 23//1342
f 661//1343 53//1343 662//1343
f 661//1344 52//1344 53//1344
f 644//1345 643//1345 23//1345
f 644//1346 23//1346 26//1346
f 660//1347 52//1347 661//1347
f 660//1348 49//1348 52//1348
f 645//1349 644//1349 26//1349
f 645//1350 26//1350 27//1350
f 659//1351 47//1351 49//1351
f 659//1352 49//1352 660//1352
f 646//1353 645//1353 27//1353
f 658//1354 46//1354 47//1354
f 658//1355 47//1355 659//1355
f 647//1356 27//1356 29//1356
f 647//1357 646//1357 27//1357
f 657//1358 46//1358 658//1358
f 648//1359 29//1359 31//1359
f 648//1360 647//1360 29//1360
f 656//1361 46//1361 657//1361
f 656//1362 43//1362 46//1362
f 649//1363 648//1363 31//1363
f 649//1364 31//1364 33//1364
f 655//1365 43//1365 656//1365
f 655//1366 41//1366 43//1366
f 650//1367 649//1367 33//1367
f 650//1368 33//1368 36//1368
f 654//1369 41//1369 655//1369
f 654//1370 39//1370 41//1370
f 651//1371 650//1371 36//1371
f 653//1372 39//1372 654//1372
f 653//1373 37//1373 39//1373
f 652//1374 651//1374 36//1374
f 652//1375 37//1375 653//1375
f 652//1376 36//1376 37//1376
