# Created by FreeCAD <https://www.freecad.org>
v 0.000000 33.137932 3.603967
v 0.000000 33.333332 0.000000
v 100.000000 33.333332 0.000000
v 100.000000 33.137932 3.603967
v 0.000000 32.554020 7.165681
v 100.000000 32.554020 7.165681
v 100.000000 31.588440 10.643384
v 0.000000 31.588440 10.643384
v 0.000000 30.252514 13.996304
v 100.000000 30.252514 13.996304
v 0.000000 28.561907 17.185129
v 100.000000 28.561907 17.185129
v 100.000000 26.536436 20.172474
v 0.000000 26.536436 20.172474
v 0.000000 24.199850 22.923315
v 100.000000 24.199850 22.923315
v 0.000000 21.579542 25.405401
v 100.000000 21.579542 25.405401
v 0.000000 18.706236 27.589634
v 100.000000 18.706236 27.589634
v 0.000000 15.613615 29.450401
v 100.000000 15.613615 29.450401
v 0.000000 12.337938 30.965891
v 100.000000 12.337938 30.965891
v 0.000000 8.917611 32.118332
v 100.000000 8.917611 32.118332
v 0.000000 5.392733 32.894218
v 100.000000 5.392733 32.894218
v 0.000000 1.804630 33.284447
v 100.000000 1.804630 33.284447
v 100.000000 -1.804630 33.284447
v 0.000000 -1.804630 33.284447
v 100.000000 -5.392733 32.894218
v 0.000000 -5.392733 32.894218
v 0.000000 -8.917611 32.118332
v 100.000000 -8.917611 32.118332
v 0.000000 -12.337938 30.965891
v 100.000000 -12.337938 30.965891
v 0.000000 -15.613615 29.450401
v 100.000000 -15.613615 29.450401
v 0.000000 -18.706236 27.589634
v 100.000000 -18.706236 27.589634
v 0.000000 -21.579542 25.405401
v 100.000000 -21.579542 25.405401
v 100.000000 -24.199850 22.923315
v 0.000000 -24.199850 22.923315
v 0.000000 -26.536436 20.172474
v 100.000000 -26.536436 20.172474
v 100.000000 -28.561907 17.185129
v 0.000000 -28.561907 17.185129
v 0.000000 -30.252514 13.996304
v 100.000000 -30.252514 13.996304
v 0.000000 -31.588440 10.643384
v 100.000000 -31.588440 10.643384
v 0.000000 -32.554020 7.165681
v 100.000000 -32.554020 7.165681
v 100.000000 -33.137932 3.603967
v 0.000000 -33.137932 3.603967
v 0.000000 -33.333332 -0.000000
v 100.000000 -33.333332 -0.000000
v 0.000000 -33.137932 -3.603967
v 100.000000 -33.137932 -3.603967
v 0.000000 -32.554020 -7.165681
v 100.000000 -32.554020 -7.165681
v 0.000000 -31.588440 -10.643384
v 100.000000 -31.588440 -10.643384
v 0.000000 -30.252514 -13.996304
v 100.000000 -30.252514 -13.996304
v 0.000000 -28.561907 -17.185129
v 100.000000 -28.561907 -17.185129
v 0.000000 -26.536436 -20.172474
v 100.000000 -26.536436 -20.172474
v 0.000000 -24.199850 -22.923315
v 100.000000 -24.199850 -22.923315
v 0.000000 -21.579542 -25.405401
v 100.000000 -21.579542 -25.405401
v 0.000000 -18.706236 -27.589634
v 100.000000 -18.706236 -27.589634
v 0.000000 -15.613615 -29.450401
v 100.000000 -15.613615 -29.450401
v 0.000000 -12.337938 -30.965891
v 100.000000 -12.337938 -30.965891
v 0.000000 -8.917611 -32.118332
v 100.000000 -8.917611 -32.118332
v 0.000000 -5.392733 -32.894218
v 100.000000 -5.392733 -32.894218
v 0.000000 -1.804630 -33.284447
v 100.000000 -1.804630 -33.284447
v 0.000000 1.804630 -33.284447
v 100.000000 1.804630 -33.284447
v 0.000000 5.392733 -32.894218
v 100.000000 5.392733 -32.894218
v 100.000000 8.917611 -32.118332
v 0.000000 8.917611 -32.118332
v 0.000000 12.337938 -30.965891
v 100.000000 12.337938 -30.965891
v 0.000000 15.613615 -29.450401
v 100.000000 15.613615 -29.450401
v 0.000000 18.706236 -27.589634
v 100.000000 18.706236 -27.589634
v 0.000000 21.579542 -25.405401
v 100.000000 21.579542 -25.405401
v 0.000000 24.199850 -22.923315
v 100.000000 24.199850 -22.923315
v 0.000000 26.536436 -20.172474
v 100.000000 26.536436 -20.172474
v 100.000000 28.561907 -17.185129
v 0.000000 28.561907 -17.185129
v 0.000000 30.252514 -13.996304
v 100.000000 30.252514 -13.996304
v 0.000000 31.588440 -10.643384
v 100.000000 31.588440 -10.643384
v 0.000000 32.554020 -7.165681
v 100.000000 32.554020 -7.165681
v 0.000000 33.137932 -3.603967
v 100.000000 33.137932 -3.603967
v 100.000000 -40.173107 -31.418489
v 100.000000 -37.239132 -34.846046
v 100.000000 -34.013714 -38.000885
v 100.000000 -30.522087 -40.858318
v 100.000000 -42.792671 -27.745041
v 100.000000 -26.791588 -43.395977
v 100.000000 -45.077324 -23.854448
v 100.000000 -22.851406 -45.594006
v 100.000000 -47.009190 -19.777163
v 100.000000 -18.732382 -47.435196
v 100.000000 -14.466751 -48.905144
v 100.000000 -48.573143 -15.545094
v 100.000000 -10.087898 -49.992344
v 100.000000 -50.551331 -6.750047
v 100.000000 -49.756943 -11.191364
v 100.000000 -5.630094 -50.688282
v 100.000000 -50.950081 -2.255901
v 100.000000 -1.128226 -50.987518
v 100.000000 -50.950081 2.255901
v 100.000000 3.382471 -50.887707
v 100.000000 -50.551331 6.750047
v 100.000000 7.866695 -50.389633
v 100.000000 12.289352 -49.497189
v 100.000000 -48.573143 15.545094
v 100.000000 -49.756943 11.191364
v 100.000000 16.615829 -48.217365
v 100.000000 -47.009190 19.777163
v 100.000000 20.812263 -46.560173
v 100.000000 -45.077324 23.854448
v 100.000000 24.845816 -44.538586
v 100.000000 -42.792671 27.745041
v 100.000000 28.684914 -42.168423
v 100.000000 32.299515 -39.468231
v 100.000000 -40.173107 31.418489
v 100.000000 -37.239132 34.846046
v 100.000000 35.661327 -36.459152
v 100.000000 -34.013714 38.000885
v 100.000000 38.744041 -33.164730
v 100.000000 -30.522087 40.858318
v 100.000000 41.523533 -29.610746
v 100.000000 -26.791588 43.395977
v 100.000000 43.978043 -25.825022
v 100.000000 -22.851406 45.594006
v 100.000000 46.088367 -21.837179
v 100.000000 -18.732382 47.435196
v 100.000000 47.837986 -17.678432
v 100.000000 -14.466751 48.905144
v 100.000000 49.213211 -13.381327
v 100.000000 -10.087898 49.992344
v 100.000000 50.203274 -8.979494
v 100.000000 -5.630094 50.688282
v 100.000000 50.800426 -4.507385
v 100.000000 -1.128226 50.987518
v 100.000000 51.000000 0.000000
v 100.000000 3.382471 50.887707
v 100.000000 50.800426 4.507385
v 100.000000 7.866695 50.389633
v 100.000000 50.203274 8.979494
v 100.000000 12.289352 49.497189
v 100.000000 49.213211 13.381327
v 100.000000 16.615829 48.217365
v 100.000000 47.837986 17.678432
v 100.000000 20.812263 46.560173
v 100.000000 46.088367 21.837179
v 100.000000 24.845816 44.538586
v 100.000000 43.978043 25.825022
v 100.000000 28.684914 42.168423
v 100.000000 41.523533 29.610746
v 100.000000 32.299515 39.468231
v 100.000000 38.744041 33.164730
v 100.000000 35.661327 36.459152
v 75.000000 51.000000 0.000000
v 75.000000 50.800426 4.507385
v 75.000000 50.203274 8.979494
v 75.000000 49.213211 13.381327
v 75.000000 47.837986 17.678432
v 75.000000 46.088367 21.837179
v 75.000000 43.978043 25.825022
v 75.000000 41.523533 29.610746
v 75.000000 38.744041 33.164730
v 75.000000 35.661327 36.459152
v 75.000000 32.299515 39.468231
v 75.000000 28.684914 42.168423
v 75.000000 24.845816 44.538586
v 75.000000 20.812263 46.560173
v 75.000000 16.615829 48.217365
v 75.000000 12.289352 49.497189
v 75.000000 7.866695 50.389633
v 75.000000 3.382471 50.887707
v 75.000000 -1.128226 50.987518
v 75.000000 -5.630094 50.688282
v 75.000000 -10.087898 49.992344
v 75.000000 -14.466751 48.905144
v 75.000000 -18.732382 47.435196
v 75.000000 -22.851406 45.594006
v 75.000000 -26.791588 43.395977
v 75.000000 -30.522087 40.858318
v 75.000000 -34.013714 38.000885
v 75.000000 -37.239132 34.846046
v 75.000000 -40.173107 31.418489
v 75.000000 -42.792671 27.745041
v 75.000000 -45.077324 23.854448
v 75.000000 -47.009190 19.777163
v 75.000000 -48.573143 15.545094
v 75.000000 -49.756943 11.191364
v 75.000000 -50.551331 6.750047
v 75.000000 -50.950081 2.255901
v 75.000000 -50.950081 -2.255901
v 75.000000 -50.551331 -6.750047
v 75.000000 -49.756943 -11.191364
v 75.000000 -48.573143 -15.545094
v 75.000000 -47.009190 -19.777163
v 75.000000 -45.077324 -23.854448
v 75.000000 -42.792671 -27.745041
v 75.000000 -40.173107 -31.418489
v 75.000000 -37.239132 -34.846046
v 75.000000 -34.013714 -38.000885
v 75.000000 -30.522087 -40.858318
v 75.000000 -26.791588 -43.395977
v 75.000000 -22.851406 -45.594006
v 75.000000 -18.732382 -47.435196
v 75.000000 -14.466751 -48.905144
v 75.000000 -10.087898 -49.992344
v 75.000000 -5.630094 -50.688282
v 75.000000 -1.128226 -50.987518
v 75.000000 3.382471 -50.887707
v 75.000000 7.866695 -50.389633
v 75.000000 12.289352 -49.497189
v 75.000000 16.615829 -48.217365
v 75.000000 20.812263 -46.560173
v 75.000000 24.845816 -44.538586
v 75.000000 28.684914 -42.168423
v 75.000000 32.299515 -39.468231
v 75.000000 35.661327 -36.459152
v 75.000000 38.744041 -33.164730
v 75.000000 41.523533 -29.610746
v 75.000000 43.978043 -25.825022
v 75.000000 46.088367 -21.837179
v 75.000000 47.837986 -17.678432
v 75.000000 49.213211 -13.381327
v 75.000000 50.203274 -8.979494
v 75.000000 50.800426 -4.507385
v 75.000000 -73.035919 -65.343361
v 75.000000 -68.744537 -69.844032
v 75.000000 -64.176353 -74.063461
v 75.000000 -80.720306 -55.571865
v 75.000000 -77.033203 -60.579582
v 75.000000 -59.349751 -77.984657
v 75.000000 -54.284164 -81.591843
v 75.000000 -84.082375 -50.340385
v 75.000000 -49.000000 -84.870491
v 75.000000 -89.778625 -39.291191
v 75.000000 -87.105873 -44.906200
v 75.000000 -43.518528 -87.807388
v 75.000000 -37.861824 -90.390724
v 75.000000 -92.089874 -33.517975
v 75.000000 -32.052662 -92.610077
v 75.000000 -94.030312 -27.609791
v 75.000000 -26.114433 -94.456535
v 75.000000 -96.769012 -15.484137
v 75.000000 -95.592117 -21.590433
v 75.000000 -20.071053 -95.922638
v 75.000000 -13.946855 -97.002502
v 75.000000 -97.556252 -9.315493
v 75.000000 -7.766496 -97.691765
v 75.000000 -97.950661 3.109338
v 75.000000 -97.950661 -3.109338
v 75.000000 -1.554864 -97.987663
v 75.000000 4.663028 -97.889000
v 75.000000 -97.556252 9.315493
v 75.000000 10.862144 -97.396172
v 75.000000 -96.769012 15.484137
v 75.000000 17.017521 -96.511162
v 75.000000 -94.030312 27.609791
v 75.000000 -95.592117 21.590433
v 75.000000 23.104376 -95.237534
v 75.000000 29.098196 -93.580421
v 75.000000 -92.089874 33.517975
v 75.000000 34.974850 -91.546494
v 75.000000 -89.778625 39.291191
v 75.000000 40.710670 -89.143936
v 75.000000 46.282566 -86.382431
v 75.000000 -84.082375 50.340385
v 75.000000 -87.105873 44.906200
v 75.000000 51.668095 -83.273094
v 75.000000 -80.720306 55.571865
v 75.000000 56.845577 -79.828445
v 75.000000 -77.033203 60.579582
v 75.000000 -73.035919 65.343361
v 75.000000 61.794163 -76.062355
v 75.000000 66.493919 -71.989990
v 75.000000 -68.744537 69.844032
v 75.000000 70.925934 -67.627747
v 75.000000 -64.176353 74.063461
v 75.000000 75.072357 -62.993187
v 75.000000 -59.349751 77.984657
v 75.000000 78.916489 -58.104977
v 75.000000 -54.284164 81.591843
v 75.000000 82.442848 -52.982800
v 75.000000 -49.000000 84.870491
v 75.000000 85.637238 -47.647282
v 75.000000 -43.518528 87.807388
v 75.000000 88.486801 -42.119900
v 75.000000 -37.861824 90.390724
v 75.000000 90.980057 -36.422920
v 75.000000 -32.052662 92.610077
v 75.000000 93.106972 -30.579277
v 75.000000 -26.114433 94.456535
v 75.000000 94.858971 -24.612503
v 75.000000 -20.071053 95.922638
v 75.000000 96.229012 -18.546621
v 75.000000 -13.946855 97.002502
v 75.000000 97.211571 -12.406060
v 75.000000 -7.766496 97.691765
v 75.000000 97.802696 -6.215544
v 75.000000 -1.554864 97.987663
v 75.000000 98.000000 0.000000
v 75.000000 4.663028 97.889000
v 75.000000 97.802696 6.215544
v 75.000000 10.862144 97.396172
v 75.000000 97.211571 12.406060
v 75.000000 17.017521 96.511162
v 75.000000 96.229012 18.546621
v 75.000000 23.104376 95.237534
v 75.000000 94.858971 24.612503
v 75.000000 29.098196 93.580421
v 75.000000 93.106972 30.579277
v 75.000000 34.974850 91.546494
v 75.000000 90.980057 36.422920
v 75.000000 40.710670 89.143936
v 75.000000 88.486801 42.119900
v 75.000000 46.282566 86.382431
v 75.000000 85.637238 47.647282
v 75.000000 51.668095 83.273094
v 75.000000 82.442848 52.982800
v 75.000000 56.845577 79.828445
v 75.000000 78.916489 58.104977
v 75.000000 61.794163 76.062355
v 75.000000 75.072357 62.993187
v 75.000000 66.493919 71.989990
v 75.000000 70.925934 67.627747
v 45.000000 98.000000 0.000000
v 45.000000 97.802696 6.215544
v 45.000000 97.211571 12.406060
v 45.000000 96.229012 18.546621
v 45.000000 94.858971 24.612503
v 45.000000 93.106972 30.579277
v 45.000000 90.980057 36.422920
v 45.000000 88.486801 42.119900
v 45.000000 85.637238 47.647282
v 45.000000 82.442848 52.982800
v 45.000000 78.916489 58.104977
v 45.000000 75.072357 62.993187
v 45.000000 70.925934 67.627747
v 45.000000 66.493919 71.989990
v 45.000000 61.794163 76.062355
v 45.000000 56.845577 79.828445
v 45.000000 51.668095 83.273094
v 45.000000 46.282566 86.382431
v 45.000000 40.710670 89.143936
v 45.000000 34.974850 91.546494
v 45.000000 29.098196 93.580421
v 45.000000 23.104376 95.237534
v 45.000000 17.017521 96.511162
v 45.000000 10.862144 97.396172
v 45.000000 4.663028 97.889000
v 45.000000 -1.554864 97.987663
v 45.000000 -7.766496 97.691765
v 45.000000 -13.946855 97.002502
v 45.000000 -20.071053 95.922638
v 45.000000 -26.114433 94.456535
v 45.000000 -32.052662 92.610077
v 45.000000 -37.861824 90.390724
v 45.000000 -43.518528 87.807388
v 45.000000 -49.000000 84.870491
v 45.000000 -54.284164 81.591843
v 45.000000 -59.349751 77.984657
v 45.000000 -64.176353 74.063461
v 45.000000 -68.744537 69.844032
v 45.000000 -73.035919 65.343361
v 45.000000 -77.033203 60.579582
v 45.000000 -80.720306 55.571865
v 45.000000 -84.082375 50.340385
v 45.000000 -87.105873 44.906200
v 45.000000 -89.778625 39.291191
v 45.000000 -92.089874 33.517975
v 45.000000 -94.030312 27.609791
v 45.000000 -95.592117 21.590433
v 45.000000 -96.769012 15.484137
v 45.000000 -97.556252 9.315493
v 45.000000 -97.950661 3.109338
v 45.000000 -97.950661 -3.109338
v 45.000000 -97.556252 -9.315493
v 45.000000 -96.769012 -15.484137
v 45.000000 -95.592117 -21.590433
v 45.000000 -94.030312 -27.609791
v 45.000000 -92.089874 -33.517975
v 45.000000 -89.778625 -39.291191
v 45.000000 -87.105873 -44.906200
v 45.000000 -84.082375 -50.340385
v 45.000000 -80.720306 -55.571865
v 45.000000 -77.033203 -60.579582
v 45.000000 -73.035919 -65.343361
v 45.000000 -68.744537 -69.844032
v 45.000000 -64.176353 -74.063461
v 45.000000 -59.349751 -77.984657
v 45.000000 -54.284164 -81.591843
v 45.000000 -49.000000 -84.870491
v 45.000000 -43.518528 -87.807388
v 45.000000 -37.861824 -90.390724
v 45.000000 -32.052662 -92.610077
v 45.000000 -26.114433 -94.456535
v 45.000000 -20.071053 -95.922638
v 45.000000 -13.946855 -97.002502
v 45.000000 -7.766496 -97.691765
v 45.000000 -1.554864 -97.987663
v 45.000000 4.663028 -97.889000
v 45.000000 10.862144 -97.396172
v 45.000000 17.017521 -96.511162
v 45.000000 23.104376 -95.237534
v 45.000000 29.098196 -93.580421
v 45.000000 34.974850 -91.546494
v 45.000000 40.710670 -89.143936
v 45.000000 46.282566 -86.382431
v 45.000000 51.668095 -83.273094
v 45.000000 56.845577 -79.828445
v 45.000000 61.794163 -76.062355
v 45.000000 66.493919 -71.989990
v 45.000000 70.925934 -67.627747
v 45.000000 75.072357 -62.993187
v 45.000000 78.916489 -58.104977
v 45.000000 82.442848 -52.982800
v 45.000000 85.637238 -47.647282
v 45.000000 88.486801 -42.119900
v 45.000000 90.980057 -36.422920
v 45.000000 93.106972 -30.579277
v 45.000000 94.858971 -24.612503
v 45.000000 96.229012 -18.546621
v 45.000000 97.211571 -12.406060
v 45.000000 97.802696 -6.215544
v 45.000000 -72.896866 -68.454712
v 45.000000 -68.454712 -72.896866
v 45.000000 -77.051323 -63.742397
v 45.000000 -63.742397 -77.051323
v 45.000000 -80.901703 -58.778526
v 45.000000 -58.778526 -80.901703
v 45.000000 -84.432793 -53.582680
v 45.000000 -53.582680 -84.432793
v 45.000000 -87.630669 -48.175369
v 45.000000 -48.175369 -87.630669
v 45.000000 -90.482704 -42.577930
v 45.000000 -42.577930 -90.482704
v 45.000000 -92.977646 -36.812454
v 45.000000 -36.812454 -92.977646
v 45.000000 -95.105652 -30.901699
v 45.000000 -30.901699 -95.105652
v 45.000000 -96.858315 -24.868988
v 45.000000 -24.868988 -96.858315
v 45.000000 -98.228722 -18.738131
v 45.000000 -18.738131 -98.228722
v 45.000000 -99.211472 -12.533323
v 45.000000 -12.533323 -99.211472
v 45.000000 -99.802673 -6.279052
v 45.000000 -6.279052 -99.802673
v 45.000000 -100.000000 -0.000000
v 45.000000 -0.000000 -100.000000
v 45.000000 -99.802673 6.279052
v 45.000000 6.279052 -99.802673
v 45.000000 -99.211472 12.533323
v 45.000000 12.533323 -99.211472
v 45.000000 -98.228722 18.738131
v 45.000000 18.738131 -98.228722
v 45.000000 -96.858315 24.868988
v 45.000000 24.868988 -96.858315
v 45.000000 -95.105652 30.901699
v 45.000000 30.901699 -95.105652
v 45.000000 36.812454 -92.977646
v 45.000000 -92.977646 36.812454
v 45.000000 42.577930 -90.482704
v 45.000000 -90.482704 42.577930
v 45.000000 48.175369 -87.630669
v 45.000000 -87.630669 48.175369
v 45.000000 53.582680 -84.432793
v 45.000000 -84.432793 53.582680
v 45.000000 58.778526 -80.901703
v 45.000000 -80.901703 58.778526
v 45.000000 63.742397 -77.051323
v 45.000000 -77.051323 63.742397
v 45.000000 68.454712 -72.896866
v 45.000000 -72.896866 68.454712
v 45.000000 72.896866 -68.454712
v 45.000000 -68.454712 72.896866
v 45.000000 77.051323 -63.742397
v 45.000000 -63.742397 77.051323
v 45.000000 80.901703 -58.778526
v 45.000000 -58.778526 80.901703
v 45.000000 84.432793 -53.582680
v 45.000000 -53.582680 84.432793
v 45.000000 87.630669 -48.175369
v 45.000000 -48.175369 87.630669
v 45.000000 90.482704 -42.577930
v 45.000000 -42.577930 90.482704
v 45.000000 92.977646 -36.812454
v 45.000000 -36.812454 92.977646
v 45.000000 95.105652 -30.901699
v 45.000000 -30.901699 95.105652
v 45.000000 96.858315 -24.868988
v 45.000000 -24.868988 96.858315
v 45.000000 98.228722 -18.738131
v 45.000000 -18.738131 98.228722
v 45.000000 99.211472 -12.533323
v 45.000000 -12.533323 99.211472
v 45.000000 99.802673 -6.279052
v 45.000000 -6.279052 99.802673
v 45.000000 -0.000000 100.000000
v 45.000000 100.000000 0.000000
v 45.000000 6.279052 99.802673
v 45.000000 99.802673 6.279052
v 45.000000 12.533323 99.211472
v 45.000000 99.211472 12.533323
v 45.000000 18.738131 98.228722
v 45.000000 98.228722 18.738131
v 45.000000 24.868988 96.858315
v 45.000000 96.858315 24.868988
v 45.000000 30.901699 95.105652
v 45.000000 95.105652 30.901699
v 45.000000 36.812454 92.977646
v 45.000000 92.977646 36.812454
v 45.000000 90.482704 42.577930
v 45.000000 42.577930 90.482704
v 45.000000 87.630669 48.175369
v 45.000000 48.175369 87.630669
v 45.000000 53.582680 84.432793
v 45.000000 84.432793 53.582680
v 45.000000 80.901703 58.778526
v 45.000000 58.778526 80.901703
v 45.000000 77.051323 63.742397
v 45.000000 63.742397 77.051323
v 45.000000 72.896866 68.454712
v 45.000000 68.454712 72.896866
v 25.000000 100.000000 0.000000
v 25.000000 99.802673 6.279052
v 25.000000 99.211472 12.533323
v 25.000000 98.228722 18.738131
v 25.000000 96.858315 24.868988
v 25.000000 95.105652 30.901699
v 25.000000 92.977646 36.812454
v 25.000000 90.482704 42.577930
v 25.000000 87.630669 48.175369
v 25.000000 84.432793 53.582680
v 25.000000 80.901703 58.778526
v 25.000000 77.051323 63.742397
v 25.000000 72.896866 68.454712
v 25.000000 68.454712 72.896866
v 25.000000 63.742397 77.051323
v 25.000000 58.778526 80.901703
v 25.000000 53.582680 84.432793
v 25.000000 48.175369 87.630669
v 25.000000 42.577930 90.482704
v 25.000000 36.812454 92.977646
v 25.000000 30.901699 95.105652
v 25.000000 24.868988 96.858315
v 25.000000 18.738131 98.228722
v 25.000000 12.533323 99.211472
v 25.000000 6.279052 99.802673
v 25.000000 -0.000000 100.000000
v 25.000000 -6.279052 99.802673
v 25.000000 -12.533323 99.211472
v 25.000000 -18.738131 98.228722
v 25.000000 -24.868988 96.858315
v 25.000000 -30.901699 95.105652
v 25.000000 -36.812454 92.977646
v 25.000000 -42.577930 90.482704
v 25.000000 -48.175369 87.630669
v 25.000000 -53.582680 84.432793
v 25.000000 -58.778526 80.901703
v 25.000000 -63.742397 77.051323
v 25.000000 -68.454712 72.896866
v 25.000000 -72.896866 68.454712
v 25.000000 -77.051323 63.742397
v 25.000000 -80.901703 58.778526
v 25.000000 -84.432793 53.582680
v 25.000000 -87.630669 48.175369
v 25.000000 -90.482704 42.577930
v 25.000000 -92.977646 36.812454
v 25.000000 -95.105652 30.901699
v 25.000000 -96.858315 24.868988
v 25.000000 -98.228722 18.738131
v 25.000000 -99.211472 12.533323
v 25.000000 -99.802673 6.279052
v 25.000000 -100.000000 -0.000000
v 25.000000 -99.802673 -6.279052
v 25.000000 -99.211472 -12.533323
v 25.000000 -98.228722 -18.738131
v 25.000000 -96.858315 -24.868988
v 25.000000 -95.105652 -30.901699
v 25.000000 -92.977646 -36.812454
v 25.000000 -90.482704 -42.577930
v 25.000000 -87.630669 -48.175369
v 25.000000 -84.432793 -53.582680
v 25.000000 -80.901703 -58.778526
v 25.000000 -77.051323 -63.742397
v 25.000000 -72.896866 -68.454712
v 25.000000 -68.454712 -72.896866
v 25.000000 -63.742397 -77.051323
v 25.000000 -58.778526 -80.901703
v 25.000000 -53.582680 -84.432793
v 25.000000 -48.175369 -87.630669
v 25.000000 -42.577930 -90.482704
v 25.000000 -36.812454 -92.977646
v 25.000000 -30.901699 -95.105652
v 25.000000 -24.868988 -96.858315
v 25.000000 -18.738131 -98.228722
v 25.000000 -12.533323 -99.211472
v 25.000000 -6.279052 -99.802673
v 25.000000 -0.000000 -100.000000
v 25.000000 6.279052 -99.802673
v 25.000000 12.533323 -99.211472
v 25.000000 18.738131 -98.228722
v 25.000000 24.868988 -96.858315
v 25.000000 30.901699 -95.105652
v 25.000000 36.812454 -92.977646
v 25.000000 42.577930 -90.482704
v 25.000000 48.175369 -87.630669
v 25.000000 53.582680 -84.432793
v 25.000000 58.778526 -80.901703
v 25.000000 63.742397 -77.051323
v 25.000000 68.454712 -72.896866
v 25.000000 72.896866 -68.454712
v 25.000000 77.051323 -63.742397
v 25.000000 80.901703 -58.778526
v 25.000000 84.432793 -53.582680
v 25.000000 87.630669 -48.175369
v 25.000000 90.482704 -42.577930
v 25.000000 92.977646 -36.812454
v 25.000000 95.105652 -30.901699
v 25.000000 96.858315 -24.868988
v 25.000000 98.228722 -18.738131
v 25.000000 99.211472 -12.533323
v 25.000000 99.802673 -6.279052
v 25.000000 34.962086 -35.744267
v 25.000000 37.984356 -32.514439
v 25.000000 31.666191 -38.694347
v 25.000000 40.709343 -29.030144
v 25.000000 28.122465 -41.341591
v 25.000000 43.115730 -25.318647
v 25.000000 24.358643 -43.665279
v 25.000000 45.184673 -21.408998
v 25.000000 20.404181 -45.647228
v 25.000000 46.899986 -17.331797
v 25.000000 16.290030 -47.271927
v 25.000000 48.248245 -13.118948
v 25.000000 12.048385 -48.526657
v 25.000000 49.218895 -8.803426
v 25.000000 7.712447 -49.401600
v 25.000000 49.804340 -4.419005
v 25.000000 3.316148 -49.889912
v 25.000000 50.000000 0.000000
v 25.000000 -1.106104 -49.987762
v 25.000000 49.804340 4.419005
v 25.000000 -5.519700 -49.694397
v 25.000000 49.218895 8.803426
v 25.000000 -9.890096 -49.012100
v 25.000000 48.248245 13.118948
v 25.000000 -14.183089 -47.946220
v 25.000000 46.899986 17.331797
v 25.000000 -18.365080 -46.505096
v 25.000000 45.184673 21.408998
v 25.000000 -22.403339 -44.700005
v 25.000000 43.115730 25.318647
v 25.000000 -26.266262 -42.545074
v 25.000000 40.709343 29.030144
v 25.000000 -29.923616 -40.057175
v 25.000000 37.984356 32.514439
v 25.000000 -33.346775 -37.255772
v 25.000000 34.962086 35.744267
v 25.000000 -36.508953 -34.162792
v 25.000000 31.666191 38.694347
v 25.000000 -39.385399 -30.802441
v 25.000000 -41.953598 -27.201019
v 25.000000 28.122465 41.341591
v 25.000000 24.358643 43.665279
v 25.000000 -44.193455 -23.386713
v 25.000000 -46.087440 -19.389376
v 25.000000 20.404181 45.647228
v 25.000000 -47.620728 -15.240289
v 25.000000 16.290030 47.271927
v 25.000000 12.048385 48.526657
v 25.000000 -48.781315 -10.971926
v 25.000000 -49.560127 -6.617693
v 25.000000 7.712447 49.401600
v 25.000000 3.316148 49.889912
v 25.000000 -49.951061 -2.211667
v 25.000000 -49.951061 2.211667
v 25.000000 -1.106104 49.987762
v 25.000000 -49.560127 6.617693
v 25.000000 -5.519700 49.694397
v 25.000000 -9.890096 49.012100
v 25.000000 -48.781315 10.971926
v 25.000000 -47.620728 15.240289
v 25.000000 -14.183089 47.946220
v 25.000000 -18.365080 46.505096
v 25.000000 -46.087440 19.389376
v 25.000000 -44.193455 23.386713
v 25.000000 -22.403339 44.700005
v 25.000000 -41.953598 27.201019
v 25.000000 -26.266262 42.545074
v 25.000000 -39.385399 30.802441
v 25.000000 -29.923616 40.057175
v 25.000000 -33.346775 37.255772
v 25.000000 -36.508953 34.162792
v 0.000000 50.000000 0.000000
v 0.000000 49.804340 4.419005
v 0.000000 49.218895 8.803426
v 0.000000 48.248245 13.118948
v 0.000000 46.899986 17.331797
v 0.000000 45.184673 21.408998
v 0.000000 43.115730 25.318647
v 0.000000 40.709343 29.030144
v 0.000000 37.984356 32.514439
v 0.000000 34.962086 35.744267
v 0.000000 31.666191 38.694347
v 0.000000 28.122465 41.341591
v 0.000000 24.358643 43.665279
v 0.000000 20.404181 45.647228
v 0.000000 16.290030 47.271927
v 0.000000 12.048385 48.526657
v 0.000000 7.712447 49.401600
v 0.000000 3.316148 49.889912
v 0.000000 -1.106104 49.987762
v 0.000000 -5.519700 49.694397
v 0.000000 -9.890096 49.012100
v 0.000000 -14.183089 47.946220
v 0.000000 -18.365080 46.505096
v 0.000000 -22.403339 44.700005
v 0.000000 -26.266262 42.545074
v 0.000000 -29.923616 40.057175
v 0.000000 -33.346775 37.255772
v 0.000000 -36.508953 34.162792
v 0.000000 -39.385399 30.802441
v 0.000000 -41.953598 27.201019
v 0.000000 -44.193455 23.386713
v 0.000000 -46.087440 19.389376
v 0.000000 -47.620728 15.240289
v 0.000000 -48.781315 10.971926
v 0.000000 -49.560127 6.617693
v 0.000000 -49.951061 2.211667
v 0.000000 -49.951061 -2.211667
v 0.000000 -49.560127 -6.617693
v 0.000000 -48.781315 -10.971926
v 0.000000 -47.620728 -15.240289
v 0.000000 -46.087440 -19.389376
v 0.000000 -44.193455 -23.386713
v 0.000000 -41.953598 -27.201019
v 0.000000 -39.385399 -30.802441
v 0.000000 -36.508953 -34.162792
v 0.000000 -33.346775 -37.255772
v 0.000000 -29.923616 -40.057175
v 0.000000 -26.266262 -42.545074
v 0.000000 -22.403339 -44.700005
v 0.000000 -18.365080 -46.505096
v 0.000000 -14.183089 -47.946220
v 0.000000 -9.890096 -49.012100
v 0.000000 -5.519700 -49.694397
v 0.000000 -1.106104 -49.987762
v 0.000000 3.316148 -49.889912
v 0.000000 7.712447 -49.401600
v 0.000000 12.048385 -48.526657
v 0.000000 16.290030 -47.271927
v 0.000000 20.404181 -45.647228
v 0.000000 24.358643 -43.665279
v 0.000000 28.122465 -41.341591
v 0.000000 31.666191 -38.694347
v 0.000000 34.962086 -35.744267
v 0.000000 37.984356 -32.514439
v 0.000000 40.709343 -29.030144
v 0.000000 43.115730 -25.318647
v 0.000000 45.184673 -21.408998
v 0.000000 46.899986 -17.331797
v 0.000000 48.248245 -13.118948
v 0.000000 49.218895 -8.803426
v 0.000000 49.804340 -4.419005
vn 0.000000 -0.998533 -0.054139
vn 0.000000 -0.998533 -0.054139
vn 0.000000 -0.986827 -0.161782
vn 0.000000 -0.986827 -0.161782
vn 0.000000 -0.963550 -0.267529
vn 0.000000 -0.963550 -0.267529
vn 0.000000 -0.928977 -0.370138
vn 0.000000 -0.928977 -0.370138
vn 0.000000 -0.883512 -0.468408
vn 0.000000 -0.883512 -0.468408
vn 0.000000 -0.827689 -0.561187
vn 0.000000 -0.827689 -0.561187
vn 0.000000 -0.762162 -0.647386
vn 0.000000 -0.762162 -0.647386
vn 0.000000 -0.687699 -0.725996
vn 0.000000 -0.687699 -0.725996
vn 0.000000 -0.605175 -0.796093
vn 0.000000 -0.605175 -0.796093
vn 0.000000 -0.515554 -0.856857
vn 0.000000 -0.515554 -0.856857
vn 0.000000 -0.419889 -0.907575
vn 0.000000 -0.419889 -0.907575
vn 0.000000 -0.319301 -0.947653
vn 0.000000 -0.319301 -0.947653
vn 0.000000 -0.214971 -0.976620
vn 0.000000 -0.214971 -0.976620
vn 0.000000 -0.108119 -0.994138
vn 0.000000 0.000000 -1.000000
vn 0.000000 -0.108119 -0.994138
vn 0.000000 0.108119 -0.994138
vn 0.000000 0.000000 -1.000000
vn 0.000000 0.108119 -0.994138
vn 0.000000 0.214971 -0.976620
vn 0.000000 0.214971 -0.976620
vn 0.000000 0.319301 -0.947653
vn 0.000000 0.319301 -0.947653
vn 0.000000 0.419889 -0.907575
vn 0.000000 0.419889 -0.907575
vn 0.000000 0.515554 -0.856857
vn 0.000000 0.515554 -0.856857
vn 0.000000 0.605175 -0.796093
vn 0.000000 0.605175 -0.796093
vn 0.000000 0.687699 -0.725996
vn 0.000000 0.687699 -0.725996
vn 0.000000 0.762162 -0.647386
vn 0.000000 0.762162 -0.647386
vn 0.000000 0.827689 -0.561187
vn 0.000000 0.827689 -0.561187
vn 0.000000 0.883512 -0.468408
vn 0.000000 0.883512 -0.468408
vn 0.000000 0.928977 -0.370138
vn 0.000000 0.928977 -0.370138
vn 0.000000 0.963550 -0.267529
vn 0.000000 0.963550 -0.267529
vn 0.000000 0.986827 -0.161782
vn 0.000000 0.986827 -0.161782
vn 0.000000 0.998533 -0.054139
vn 0.000000 0.998533 -0.054139
vn 0.000000 0.998533 0.054139
vn -0.000000 0.998533 0.054139
vn 0.000000 0.986827 0.161782
vn -0.000000 0.986827 0.161782
vn 0.000000 0.963550 0.267529
vn -0.000000 0.963550 0.267529
vn 0.000000 0.928977 0.370138
vn -0.000000 0.928977 0.370138
vn 0.000000 0.883512 0.468408
vn -0.000000 0.883512 0.468408
vn 0.000000 0.827689 0.561187
vn -0.000000 0.827689 0.561187
vn 0.000000 0.762162 0.647386
vn -0.000000 0.762162 0.647386
vn 0.000000 0.687699 0.725996
vn -0.000000 0.687699 0.725996
vn 0.000000 0.605175 0.796093
vn -0.000000 0.605175 0.796093
vn 0.000000 0.515554 0.856857
vn -0.000000 0.515554 0.856857
vn 0.000000 0.419889 0.907575
vn -0.000000 0.419889 0.907575
vn 0.000000 0.319301 0.947653
vn -0.000000 0.319301 0.947653
vn -0.000000 0.214971 0.976620
vn 0.000000 0.214971 0.976620
vn -0.000000 0.108119 0.994138
vn 0.000000 0.108119 0.994138
vn -0.000000 0.000000 1.000000
vn 0.000000 0.000000 1.000000
vn 0.000000 -0.108119 0.994138
vn 0.000000 -0.214971 0.976620
vn 0.000000 -0.108119 0.994138
vn 0.000000 -0.214971 0.976620
vn 0.000000 -0.319301 0.947653
vn 0.000000 -0.319301 0.947653
vn 0.000000 -0.419889 0.907575
vn 0.000000 -0.419889 0.907575
vn 0.000000 -0.515554 0.856857
vn 0.000000 -0.515554 0.856857
vn 0.000000 -0.605175 0.796093
vn 0.000000 -0.605175 0.796093
vn 0.000000 -0.687699 0.725996
vn 0.000000 -0.687699 0.725996
vn 0.000000 -0.762162 0.647386
vn 0.000000 -0.827689 0.561187
vn 0.000000 -0.762162 0.647386
vn 0.000000 -0.827689 0.561187
vn 0.000000 -0.883512 0.468408
vn 0.000000 -0.883512 0.468408
vn 0.000000 -0.928977 0.370138
vn 0.000000 -0.928977 0.370138
vn 0.000000 -0.963550 0.267529
vn 0.000000 -0.963550 0.267529
vn 0.000000 -0.986827 0.161782
vn 0.000000 -0.998533 0.054139
vn 0.000000 -0.986827 0.161782
vn 0.000000 -0.998533 0.054139
vn 1.000000 0.000000 0.000000
vn 1.000000 0.000000 0.000000
vn 1.000000 0.000000 0.000000
vn 1.000000 0.000000 0.000000
vn 1.000000 0.000000 0.000000
vn 1.000000 0.000000 0.000000
vn 1.000000 0.000000 0.000000
vn 1.000000 0.000000 0.000000
vn 1.000000 0.000000 0.000000
vn 1.000000 0.000000 0.000000
vn 1.000000 0.000000 0.000000
vn 1.000000 0.000000 0.000000
vn 1.000000 0.000000 0.000000
vn 1.000000 0.000000 0.000000
vn 1.000000 0.000000 0.000000
vn 1.000000 0.000000 0.000000
vn 1.000000 0.000000 0.000000
vn 1.000000 0.000000 0.000000
vn 1.000000 0.000000 0.000000
vn 1.000000 0.000000 0.000000
vn 1.000000 0.000000 0.000000
vn 1.000000 0.000000 0.000000
vn 1.000000 0.000000 0.000000
vn 1.000000 0.000000 0.000000
vn 1.000000 0.000000 0.000000
vn 1.000000 0.000000 0.000000
vn 1.000000 0.000000 0.000000
vn 1.000000 0.000000 0.000000
vn 1.000000 0.000000 0.000000
vn 1.000000 0.000000 0.000000
vn 1.000000 0.000000 0.000000
vn 1.000000 0.000000 0.000000
vn 1.000000 0.000000 0.000000
vn 1.000000 0.000000 0.000000
vn 1.000000 0.000000 0.000000
vn 1.000000 0.000000 0.000000
vn 1.000000 0.000000 0.000000
vn 1.000000 0.000000 0.000000
vn 1.000000 0.000000 0.000000
vn 1.000000 0.000000 0.000000
vn 1.000000 0.000000 0.000000
vn 1.000000 0.000000 0.000000
vn 1.000000 0.000000 0.000000
vn 1.000000 0.000000 0.000000
vn 1.000000 0.000000 0.000000
vn 1.000000 0.000000 0.000000
vn 1.000000 0.000000 0.000000
vn 1.000000 0.000000 0.000000
vn 1.000000 0.000000 0.000000
vn 1.000000 0.000000 0.000000
vn 1.000000 0.000000 0.000000
vn 1.000000 0.000000 0.000000
vn 1.000000 0.000000 0.000000
vn 1.000000 0.000000 0.000000
vn 1.000000 0.000000 0.000000
vn 1.000000 0.000000 0.000000
vn 1.000000 0.000000 0.000000
vn 1.000000 0.000000 0.000000
vn 1.000000 0.000000 0.000000
vn 1.000000 0.000000 0.000000
vn 1.000000 0.000000 0.000000
vn 1.000000 0.000000 0.000000
vn 1.000000 0.000000 0.000000
vn 1.000000 0.000000 0.000000
vn 1.000000 0.000000 0.000000
vn 1.000000 0.000000 0.000000
vn 1.000000 0.000000 0.000000
vn 1.000000 0.000000 0.000000
vn 1.000000 0.000000 0.000000
vn 1.000000 0.000000 0.000000
vn 1.000000 0.000000 0.000000
vn 1.000000 0.000000 0.000000
vn 1.000000 0.000000 0.000000
vn 1.000000 0.000000 0.000000
vn 1.000000 0.000000 0.000000
vn 1.000000 0.000000 0.000000
vn 1.000000 0.000000 0.000000
vn 1.000000 0.000000 0.000000
vn 1.000000 0.000000 0.000000
vn 1.000000 0.000000 0.000000
vn 1.000000 0.000000 0.000000
vn 1.000000 0.000000 0.000000
vn 1.000000 0.000000 0.000000
vn 1.000000 0.000000 0.000000
vn 1.000000 0.000000 0.000000
vn 1.000000 0.000000 0.000000
vn 1.000000 0.000000 0.000000
vn 1.000000 0.000000 0.000000
vn 1.000000 0.000000 0.000000
vn 1.000000 0.000000 0.000000
vn 1.000000 0.000000 0.000000
vn 1.000000 0.000000 0.000000
vn 1.000000 0.000000 0.000000
vn 1.000000 0.000000 0.000000
vn 1.000000 0.000000 0.000000
vn 1.000000 0.000000 0.000000
vn 1.000000 0.000000 0.000000
vn 1.000000 0.000000 0.000000
vn 1.000000 0.000000 0.000000
vn 1.000000 0.000000 0.000000
vn 1.000000 0.000000 0.000000
vn 1.000000 0.000000 0.000000
vn 1.000000 0.000000 0.000000
vn 1.000000 0.000000 0.000000
vn 1.000000 0.000000 0.000000
vn 1.000000 0.000000 0.000000
vn 1.000000 0.000000 0.000000
vn 1.000000 0.000000 0.000000
vn 1.000000 0.000000 0.000000
vn 1.000000 0.000000 0.000000
vn 1.000000 0.000000 0.000000
vn 1.000000 0.000000 0.000000
vn 1.000000 0.000000 0.000000
vn 1.000000 0.000000 0.000000
vn 1.000000 0.000000 0.000000
vn 1.000000 0.000000 0.000000
vn 1.000000 0.000000 0.000000
vn 1.000000 0.000000 0.000000
vn 1.000000 0.000000 0.000000
vn 1.000000 0.000000 0.000000
vn 1.000000 0.000000 0.000000
vn 1.000000 0.000000 0.000000
vn 1.000000 0.000000 0.000000
vn 1.000000 0.000000 0.000000
vn 1.000000 0.000000 0.000000
vn 1.000000 0.000000 0.000000
vn 1.000000 0.000000 0.000000
vn 1.000000 0.000000 0.000000
vn 1.000000 0.000000 0.000000
vn 0.000000 0.999021 0.044234
vn 0.000000 0.991203 0.132354
vn 0.000000 0.999021 0.044234
vn 0.000000 0.991203 0.132354
vn 0.000000 0.975626 0.219438
vn 0.000000 0.975626 0.219438
vn 0.000000 0.952414 0.304806
vn 0.000000 0.952414 0.304806
vn 0.000000 0.921749 0.387787
vn 0.000000 0.883869 0.467734
vn 0.000000 0.921749 0.387787
vn 0.000000 0.883869 0.467734
vn 0.000000 0.839072 0.544020
vn 0.000000 0.839072 0.544020
vn 0.000000 0.787708 0.616049
vn 0.000000 0.787708 0.616049
vn 0.000000 0.730179 0.683256
vn 0.000000 0.730179 0.683256
vn 0.000000 0.666935 0.745116
vn 0.000000 0.666935 0.745116
vn 0.000000 0.598473 0.801143
vn 0.000000 0.598473 0.801143
vn 0.000000 0.525325 0.850901
vn 0.000000 0.448066 0.894000
vn 0.000000 0.525325 0.850901
vn 0.000000 0.448066 0.894000
vn 0.000000 0.367302 0.930102
vn 0.000000 0.367302 0.930102
vn 0.000000 0.283661 0.958925
vn 0.000000 0.283661 0.958925
vn 0.000000 0.197802 0.980242
vn 0.000000 0.197802 0.980242
vn 0.000000 0.110394 0.993888
vn 0.000000 0.110394 0.993888
vn 0.000000 0.022122 0.999755
vn 0.000000 0.022122 0.999755
vn 0.000000 -0.066323 0.997798
vn 0.000000 -0.066323 0.997798
vn 0.000000 -0.154248 0.988032
vn 0.000000 -0.154248 0.988032
vn 0.000000 -0.240968 0.970533
vn 0.000000 -0.240968 0.970533
vn 0.000000 -0.325801 0.945439
vn 0.000000 -0.325801 0.945439
vn 0.000000 -0.408083 0.912945
vn 0.000000 -0.487173 0.873305
vn 0.000000 -0.408083 0.912945
vn 0.000000 -0.487173 0.873305
vn 0.000000 -0.562449 0.826832
vn 0.000000 -0.562449 0.826832
vn 0.000000 -0.633324 0.773887
vn 0.000000 -0.699242 0.714885
vn 0.000000 -0.633324 0.773887
vn 0.000000 -0.759687 0.650289
vn 0.000000 -0.699242 0.714885
vn 0.000000 -0.759687 0.650289
vn 0.000000 -0.814187 0.580603
vn 0.000000 -0.814187 0.580603
vn 0.000000 -0.862315 0.506373
vn 0.000000 -0.862315 0.506373
vn 0.000000 -0.903693 0.428180
vn 0.000000 -0.938000 0.346636
vn 0.000000 -0.903693 0.428180
vn 0.000000 -0.938000 0.346636
vn 0.000000 -0.964965 0.262379
vn 0.000000 -0.984378 0.176069
vn 0.000000 -0.964965 0.262379
vn 0.000000 -0.984378 0.176069
vn 0.000000 -0.996087 0.088379
vn -0.000000 -1.000000 0.000000
vn 0.000000 -0.996087 0.088379
vn 0.000000 -1.000000 0.000000
vn -0.000000 -0.996087 -0.088379
vn 0.000000 -0.996087 -0.088379
vn -0.000000 -0.984378 -0.176069
vn 0.000000 -0.984378 -0.176069
vn 0.000000 -0.964965 -0.262379
vn -0.000000 -0.964965 -0.262379
vn 0.000000 -0.938000 -0.346636
vn -0.000000 -0.938000 -0.346636
vn 0.000000 -0.903693 -0.428180
vn -0.000000 -0.903693 -0.428180
vn 0.000000 -0.862315 -0.506373
vn -0.000000 -0.862315 -0.506373
vn 0.000000 -0.814187 -0.580603
vn -0.000000 -0.814187 -0.580603
vn -0.000000 -0.759687 -0.650289
vn -0.000000 -0.699242 -0.714885
vn -0.000000 -0.759687 -0.650289
vn -0.000000 -0.699242 -0.714885
vn 0.000000 -0.633324 -0.773887
vn -0.000000 -0.633324 -0.773887
vn -0.000000 -0.562449 -0.826832
vn -0.000000 -0.562449 -0.826832
vn -0.000000 -0.487173 -0.873305
vn -0.000000 -0.487173 -0.873305
vn 0.000000 -0.408083 -0.912945
vn -0.000000 -0.408083 -0.912945
vn 0.000000 -0.325801 -0.945439
vn -0.000000 -0.325801 -0.945439
vn -0.000000 -0.240968 -0.970533
vn -0.000000 -0.240968 -0.970533
vn -0.000000 -0.154248 -0.988032
vn -0.000000 -0.066323 -0.997798
vn 0.000000 -0.154248 -0.988032
vn -0.000000 -0.066323 -0.997798
vn 0.000000 0.022122 -0.999755
vn 0.000000 0.022122 -0.999755
vn 0.000000 0.110394 -0.993888
vn 0.000000 0.110394 -0.993888
vn 0.000000 0.197802 -0.980242
vn 0.000000 0.283661 -0.958925
vn 0.000000 0.197802 -0.980242
vn 0.000000 0.283661 -0.958925
vn 0.000000 0.367302 -0.930102
vn 0.000000 0.448066 -0.894000
vn 0.000000 0.367302 -0.930102
vn 0.000000 0.448066 -0.894000
vn 0.000000 0.525325 -0.850901
vn 0.000000 0.525325 -0.850901
vn 0.000000 0.598473 -0.801143
vn 0.000000 0.598473 -0.801143
vn 0.000000 0.666935 -0.745116
vn 0.000000 0.730179 -0.683256
vn 0.000000 0.666935 -0.745116
vn 0.000000 0.730179 -0.683256
vn 0.000000 0.787708 -0.616049
vn 0.000000 0.787708 -0.616049
vn 0.000000 0.839072 -0.544020
vn 0.000000 0.839072 -0.544020
vn 0.000000 0.883869 -0.467734
vn 0.000000 0.883869 -0.467734
vn 0.000000 0.921749 -0.387787
vn 0.000000 0.921749 -0.387787
vn 0.000000 0.952414 -0.304806
vn 0.000000 0.952414 -0.304806
vn 0.000000 0.975626 -0.219438
vn 0.000000 0.975626 -0.219438
vn 0.000000 0.991203 -0.132354
vn 0.000000 0.991203 -0.132354
vn 0.000000 0.999021 -0.044234
vn 0.000000 0.999021 -0.044234
vn 1.000000 0.000000 0.000000
vn 1.000000 0.000000 0.000000
vn 1.000000 0.000000 0.000000
vn 1.000000 0.000000 0.000000
vn 1.000000 0.000000 0.000000
vn 1.000000 0.000000 0.000000
vn 1.000000 0.000000 0.000000
vn 1.000000 0.000000 0.000000
vn 1.000000 0.000000 0.000000
vn 1.000000 0.000000 0.000000
vn 1.000000 0.000000 0.000000
vn 1.000000 0.000000 0.000000
vn 1.000000 0.000000 0.000000
vn 1.000000 0.000000 0.000000
vn 1.000000 0.000000 0.000000
vn 1.000000 0.000000 0.000000
vn 1.000000 0.000000 0.000000
vn 1.000000 0.000000 0.000000
vn 1.000000 0.000000 0.000000
vn 1.000000 0.000000 0.000000
vn 1.000000 0.000000 0.000000
vn 1.000000 0.000000 0.000000
vn 1.000000 0.000000 0.000000
vn 1.000000 0.000000 0.000000
vn 1.000000 0.000000 0.000000
vn 1.000000 0.000000 0.000000
vn 1.000000 0.000000 0.000000
vn 1.000000 0.000000 0.000000
vn 1.000000 0.000000 0.000000
vn 1.000000 0.000000 0.000000
vn 1.000000 0.000000 0.000000
vn 1.000000 0.000000 0.000000
vn 1.000000 0.000000 0.000000
vn 1.000000 0.000000 0.000000
vn 1.000000 0.000000 0.000000
vn 1.000000 0.000000 0.000000
vn 1.000000 0.000000 0.000000
vn 1.000000 0.000000 0.000000
vn 1.000000 0.000000 0.000000
vn 1.000000 0.000000 0.000000
vn 1.000000 0.000000 0.000000
vn 1.000000 0.000000 0.000000
vn 1.000000 0.000000 0.000000
vn 1.000000 0.000000 0.000000
vn 1.000000 0.000000 0.000000
vn 1.000000 0.000000 0.000000
vn 1.000000 0.000000 0.000000
vn 1.000000 0.000000 0.000000
vn 1.000000 0.000000 0.000000
vn 1.000000 0.000000 0.000000
vn 1.000000 0.000000 0.000000
vn 1.000000 0.000000 0.000000
vn 1.000000 0.000000 0.000000
vn 1.000000 0.000000 0.000000
vn 1.000000 0.000000 0.000000
vn 1.000000 0.000000 0.000000
vn 1.000000 0.000000 0.000000
vn 1.000000 0.000000 0.000000
vn 1.000000 0.000000 0.000000
vn 1.000000 0.000000 0.000000
vn 1.000000 0.000000 0.000000
vn 1.000000 0.000000 0.000000
vn 1.000000 0.000000 0.000000
vn 1.000000 0.000000 0.000000
vn 1.000000 0.000000 0.000000
vn 1.000000 0.000000 0.000000
vn 1.000000 0.000000 0.000000
vn 1.000000 0.000000 0.000000
vn 1.000000 0.000000 0.000000
vn 1.000000 0.000000 0.000000
vn 1.000000 0.000000 0.000000
vn 1.000000 0.000000 0.000000
vn 1.000000 0.000000 0.000000
vn 1.000000 0.000000 0.000000
vn 1.000000 0.000000 0.000000
vn 1.000000 0.000000 0.000000
vn 1.000000 0.000000 0.000000
vn 1.000000 0.000000 0.000000
vn 1.000000 0.000000 0.000000
vn 1.000000 0.000000 0.000000
vn 1.000000 0.000000 0.000000
vn 1.000000 0.000000 0.000000
vn 1.000000 0.000000 0.000000
vn 1.000000 0.000000 0.000000
vn 1.000000 0.000000 0.000000
vn 1.000000 0.000000 0.000000
vn 1.000000 0.000000 0.000000
vn 1.000000 0.000000 0.000000
vn 1.000000 0.000000 0.000000
vn 1.000000 0.000000 0.000000
vn 1.000000 0.000000 0.000000
vn 1.000000 0.000000 0.000000
vn 1.000000 0.000000 0.000000
vn 1.000000 0.000000 0.000000
vn 1.000000 0.000000 0.000000
vn 1.000000 0.000000 0.000000
vn 1.000000 0.000000 0.000000
vn 1.000000 0.000000 0.000000
vn 1.000000 0.000000 0.000000
vn 1.000000 0.000000 0.000000
vn 1.000000 0.000000 0.000000
vn 1.000000 0.000000 0.000000
vn 1.000000 0.000000 0.000000
vn 1.000000 0.000000 0.000000
vn 1.000000 0.000000 0.000000
vn 1.000000 0.000000 0.000000
vn 1.000000 0.000000 0.000000
vn 1.000000 0.000000 0.000000
vn 1.000000 0.000000 0.000000
vn 1.000000 0.000000 0.000000
vn 1.000000 0.000000 0.000000
vn 1.000000 0.000000 0.000000
vn 1.000000 0.000000 0.000000
vn 1.000000 0.000000 0.000000
vn 1.000000 0.000000 0.000000
vn 1.000000 0.000000 0.000000
vn 1.000000 0.000000 0.000000
vn 1.000000 0.000000 0.000000
vn 1.000000 0.000000 0.000000
vn 1.000000 0.000000 0.000000
vn 1.000000 0.000000 0.000000
vn 1.000000 0.000000 0.000000
vn 1.000000 0.000000 0.000000
vn 1.000000 0.000000 0.000000
vn 1.000000 0.000000 0.000000
vn 1.000000 0.000000 0.000000
vn 1.000000 0.000000 0.000000
vn 1.000000 0.000000 0.000000
vn 1.000000 0.000000 0.000000
vn 1.000000 0.000000 0.000000
vn 1.000000 0.000000 0.000000
vn 1.000000 0.000000 0.000000
vn 1.000000 0.000000 0.000000
vn 1.000000 0.000000 0.000000
vn 1.000000 0.000000 0.000000
vn 1.000000 0.000000 0.000000
vn 1.000000 0.000000 0.000000
vn 1.000000 0.000000 0.000000
vn 1.000000 0.000000 0.000000
vn 1.000000 0.000000 0.000000
vn 1.000000 0.000000 0.000000
vn 1.000000 0.000000 0.000000
vn 1.000000 0.000000 0.000000
vn 1.000000 0.000000 0.000000
vn 1.000000 0.000000 0.000000
vn 1.000000 0.000000 0.000000
vn 1.000000 0.000000 0.000000
vn 1.000000 0.000000 0.000000
vn 1.000000 0.000000 0.000000
vn 1.000000 0.000000 0.000000
vn 1.000000 0.000000 0.000000
vn 1.000000 0.000000 0.000000
vn 1.000000 0.000000 0.000000
vn 1.000000 0.000000 0.000000
vn 1.000000 0.000000 0.000000
vn 1.000000 0.000000 0.000000
vn 1.000000 0.000000 0.000000
vn 1.000000 0.000000 0.000000
vn 1.000000 0.000000 0.000000
vn 1.000000 0.000000 0.000000
vn 1.000000 0.000000 0.000000
vn 1.000000 0.000000 0.000000
vn 1.000000 0.000000 0.000000
vn 1.000000 0.000000 0.000000
vn 1.000000 0.000000 0.000000
vn 1.000000 0.000000 0.000000
vn 1.000000 0.000000 0.000000
vn 1.000000 0.000000 0.000000
vn 1.000000 0.000000 0.000000
vn 1.000000 0.000000 0.000000
vn 0.000000 0.999497 0.031728
vn 0.000000 0.999497 0.031728
vn 0.000000 0.995472 0.095056
vn 0.000000 0.995472 0.095056
vn 0.000000 0.987439 0.158001
vn 0.000000 0.975430 0.220311
vn 0.000000 0.987439 0.158001
vn 0.000000 0.975430 0.220311
vn 0.000000 0.959493 0.281732
vn 0.000000 0.939692 0.342021
vn 0.000000 0.959493 0.281732
vn 0.000000 0.939692 0.342021
vn 0.000000 0.916108 0.400930
vn 0.000000 0.916108 0.400930
vn 0.000000 0.888835 0.458227
vn 0.000000 0.888835 0.458227
vn 0.000000 0.857984 0.513677
vn 0.000000 0.823677 0.567060
vn 0.000000 0.857984 0.513677
vn 0.000000 0.823677 0.567060
vn 0.000000 0.786053 0.618159
vn 0.000000 0.786053 0.618159
vn 0.000000 0.745264 0.666769
vn 0.000000 0.745264 0.666769
vn 0.000000 0.701475 0.712694
vn 0.000000 0.701475 0.712694
vn 0.000000 0.654861 0.755749
vn 0.000000 0.654861 0.755749
vn 0.000000 0.605610 0.795762
vn 0.000000 0.605610 0.795762
vn 0.000000 0.553920 0.832570
vn 0.000000 0.500000 0.866025
vn 0.000000 0.553920 0.832570
vn 0.000000 0.500000 0.866025
vn 0.000000 0.444066 0.895994
vn 0.000000 0.386346 0.922354
vn 0.000000 0.444066 0.895994
vn 0.000000 0.386346 0.922354
vn 0.000000 0.327068 0.945001
vn 0.000000 0.327068 0.945001
vn 0.000000 0.266474 0.963842
vn 0.000000 0.204807 0.978802
vn 0.000000 0.266474 0.963842
vn 0.000000 0.204807 0.978802
vn 0.000000 0.142315 0.989821
vn 0.000000 0.079250 0.996855
vn 0.000000 0.142315 0.989821
vn 0.000000 0.079250 0.996855
vn 0.000000 0.015866 0.999874
vn 0.000000 0.015866 0.999874
vn 0.000000 -0.047582 0.998867
vn 0.000000 -0.047582 0.998867
vn 0.000000 -0.110838 0.993839
vn 0.000000 -0.110838 0.993839
vn 0.000000 -0.173649 0.984808
vn 0.000000 -0.173649 0.984808
vn 0.000000 -0.235758 0.971812
vn 0.000000 -0.235758 0.971812
vn 0.000000 -0.296921 0.954902
vn 0.000000 -0.296921 0.954902
vn 0.000000 -0.356885 0.934148
vn 0.000000 -0.356885 0.934148
vn 0.000000 -0.415416 0.909632
vn 0.000000 -0.415416 0.909632
vn 0.000000 -0.472271 0.881454
vn 0.000000 -0.472271 0.881454
vn 0.000000 -0.527226 0.849725
vn 0.000000 -0.527226 0.849725
vn 0.000000 -0.580057 0.814576
vn 0.000000 -0.630552 0.776147
vn 0.000000 -0.580057 0.814576
vn 0.000000 -0.678510 0.734592
vn 0.000000 -0.630552 0.776147
vn 0.000000 -0.723734 0.690079
vn 0.000000 -0.678510 0.734592
vn 0.000000 -0.766045 0.642788
vn 0.000000 -0.723734 0.690079
vn 0.000000 -0.766045 0.642788
vn 0.000000 -0.805270 0.592908
vn 0.000000 -0.841254 0.540641
vn 0.000000 -0.805270 0.592908
vn 0.000000 -0.841254 0.540641
vn 0.000000 -0.873849 0.486197
vn 0.000000 -0.902927 0.429794
vn 0.000000 -0.873849 0.486197
vn 0.000000 -0.902927 0.429794
vn 0.000000 -0.928368 0.371663
vn 0.000000 -0.928368 0.371663
vn 0.000000 -0.950071 0.312034
vn 0.000000 -0.967949 0.251148
vn 0.000000 -0.950071 0.312034
vn 0.000000 -0.967949 0.251148
vn 0.000000 -0.981929 0.189252
vn 0.000000 -0.991955 0.126593
vn 0.000000 -0.981929 0.189252
vn 0.000000 -0.991955 0.126593
vn 0.000000 -0.997987 0.063423
vn -0.000000 -1.000000 0.000000
vn 0.000000 -0.997987 0.063423
vn 0.000000 -1.000000 0.000000
vn -0.000000 -0.997987 -0.063423
vn -0.000000 -0.997987 -0.063423
vn 0.000000 -0.991955 -0.126593
vn -0.000000 -0.991955 -0.126593
vn 0.000000 -0.981929 -0.189252
vn -0.000000 -0.981929 -0.189252
vn -0.000000 -0.967949 -0.251148
vn -0.000000 -0.967949 -0.251148
vn -0.000000 -0.950071 -0.312034
vn -0.000000 -0.950071 -0.312034
vn 0.000000 -0.928368 -0.371663
vn -0.000000 -0.928368 -0.371663
vn -0.000000 -0.902927 -0.429794
vn -0.000000 -0.902927 -0.429794
vn -0.000000 -0.873849 -0.486197
vn -0.000000 -0.873849 -0.486197
vn 0.000000 -0.841254 -0.540641
vn -0.000000 -0.841254 -0.540641
vn 0.000000 -0.805270 -0.592908
vn -0.000000 -0.805270 -0.592908
vn 0.000000 -0.766045 -0.642788
vn -0.000000 -0.766045 -0.642788
vn -0.000000 -0.723734 -0.690079
vn -0.000000 -0.723734 -0.690079
vn -0.000000 -0.678510 -0.734592
vn -0.000000 -0.678510 -0.734592
vn 0.000000 -0.630552 -0.776147
vn -0.000000 -0.630552 -0.776147
vn 0.000000 -0.580057 -0.814576
vn -0.000000 -0.580057 -0.814576
vn -0.000000 -0.527226 -0.849725
vn 0.000000 -0.527226 -0.849725
vn -0.000000 -0.472271 -0.881454
vn -0.000000 -0.415416 -0.909632
vn 0.000000 -0.472271 -0.881454
vn -0.000000 -0.415416 -0.909632
vn -0.000000 -0.356885 -0.934148
vn 0.000000 -0.356885 -0.934148
vn -0.000000 -0.296921 -0.954902
vn -0.000000 -0.235758 -0.971812
vn 0.000000 -0.296921 -0.954902
vn -0.000000 -0.235758 -0.971812
vn -0.000000 -0.173649 -0.984808
vn 0.000000 -0.173649 -0.984808
vn -0.000000 -0.110838 -0.993839
vn 0.000000 -0.110838 -0.993839
vn -0.000000 -0.047582 -0.998867
vn 0.000000 -0.047582 -0.998867
vn 0.000000 0.015866 -0.999874
vn 0.000000 0.015866 -0.999874
vn 0.000000 0.079250 -0.996855
vn 0.000000 0.079250 -0.996855
vn 0.000000 0.142315 -0.989821
vn 0.000000 0.142315 -0.989821
vn 0.000000 0.204807 -0.978802
vn 0.000000 0.204807 -0.978802
vn 0.000000 0.266474 -0.963842
vn 0.000000 0.266474 -0.963842
vn 0.000000 0.327068 -0.945001
vn 0.000000 0.327068 -0.945001
vn 0.000000 0.386346 -0.922354
vn 0.000000 0.386346 -0.922354
vn 0.000000 0.444066 -0.895994
vn 0.000000 0.444066 -0.895994
vn 0.000000 0.500000 -0.866025
vn 0.000000 0.500000 -0.866025
vn 0.000000 0.553920 -0.832570
vn 0.000000 0.553920 -0.832570
vn 0.000000 0.605610 -0.795762
vn 0.000000 0.605610 -0.795762
vn 0.000000 0.654861 -0.755749
vn 0.000000 0.654861 -0.755749
vn 0.000000 0.701475 -0.712694
vn 0.000000 0.701475 -0.712694
vn 0.000000 0.745264 -0.666769
vn 0.000000 0.745264 -0.666769
vn 0.000000 0.786053 -0.618159
vn 0.000000 0.786053 -0.618159
vn 0.000000 0.823677 -0.567060
vn 0.000000 0.823677 -0.567060
vn 0.000000 0.857984 -0.513677
vn 0.000000 0.857984 -0.513677
vn 0.000000 0.888835 -0.458227
vn 0.000000 0.888835 -0.458227
vn 0.000000 0.916108 -0.400930
vn 0.000000 0.916108 -0.400930
vn 0.000000 0.939692 -0.342021
vn 0.000000 0.939692 -0.342021
vn 0.000000 0.959493 -0.281732
vn 0.000000 0.959493 -0.281732
vn 0.000000 0.975430 -0.220311
vn 0.000000 0.975430 -0.220311
vn 0.000000 0.987439 -0.158001
vn 0.000000 0.987439 -0.158001
vn 0.000000 0.995472 -0.095056
vn 0.000000 0.995472 -0.095056
vn 0.000000 0.999497 -0.031728
vn 0.000000 0.999497 -0.031728
vn 1.000000 0.000000 0.000000
vn 1.000000 0.000000 0.000000
vn 1.000000 0.000000 0.000000
vn 1.000000 0.000000 0.000000
vn 1.000000 0.000000 0.000000
vn 1.000000 0.000000 0.000000
vn 1.000000 0.000000 0.000000
vn 1.000000 0.000000 0.000000
vn 1.000000 0.000000 0.000000
vn 1.000000 0.000000 0.000000
vn 1.000000 0.000000 0.000000
vn 1.000000 0.000000 0.000000
vn 1.000000 0.000000 0.000000
vn 1.000000 0.000000 0.000000
vn 1.000000 0.000000 0.000000
vn 1.000000 0.000000 0.000000
vn 1.000000 0.000000 0.000000
vn 1.000000 0.000000 0.000000
vn 1.000000 0.000000 0.000000
vn 1.000000 0.000000 0.000000
vn 1.000000 0.000000 0.000000
vn 1.000000 0.000000 0.000000
vn 1.000000 0.000000 0.000000
vn 1.000000 0.000000 0.000000
vn 1.000000 0.000000 0.000000
vn 1.000000 0.000000 0.000000
vn 1.000000 0.000000 0.000000
vn 1.000000 0.000000 0.000000
vn 1.000000 0.000000 0.000000
vn 1.000000 0.000000 0.000000
vn 1.000000 0.000000 0.000000
vn 1.000000 0.000000 0.000000
vn 1.000000 0.000000 0.000000
vn 1.000000 0.000000 0.000000
vn 1.000000 0.000000 0.000000
vn 1.000000 0.000000 0.000000
vn 1.000000 0.000000 0.000000
vn 1.000000 0.000000 0.000000
vn 1.000000 0.000000 0.000000
vn 1.000000 0.000000 0.000000
vn 1.000000 0.000000 0.000000
vn 1.000000 0.000000 0.000000
vn 1.000000 0.000000 0.000000
vn 1.000000 0.000000 0.000000
vn 1.000000 0.000000 0.000000
vn 1.000000 0.000000 0.000000
vn 1.000000 0.000000 0.000000
vn 1.000000 0.000000 0.000000
vn 1.000000 0.000000 0.000000
vn 1.000000 0.000000 0.000000
vn 1.000000 0.000000 0.000000
vn 1.000000 0.000000 0.000000
vn 1.000000 0.000000 0.000000
vn 1.000000 0.000000 0.000000
vn 1.000000 0.000000 0.000000
vn 1.000000 0.000000 0.000000
vn 1.000000 0.000000 0.000000
vn 1.000000 0.000000 0.000000
vn 1.000000 0.000000 0.000000
vn 1.000000 0.000000 0.000000
vn 1.000000 0.000000 0.000000
vn 1.000000 0.000000 0.000000
vn 1.000000 0.000000 0.000000
vn 1.000000 0.000000 0.000000
vn 1.000000 0.000000 0.000000
vn 1.000000 0.000000 0.000000
vn 1.000000 0.000000 0.000000
vn 1.000000 0.000000 0.000000
vn 1.000000 0.000000 0.000000
vn 1.000000 0.000000 0.000000
vn 1.000000 0.000000 0.000000
vn 1.000000 0.000000 0.000000
vn 1.000000 0.000000 0.000000
vn 1.000000 0.000000 0.000000
vn 1.000000 0.000000 0.000000
vn 1.000000 0.000000 0.000000
vn 1.000000 0.000000 0.000000
vn 1.000000 0.000000 0.000000
vn 1.000000 0.000000 0.000000
vn 1.000000 0.000000 0.000000
vn 1.000000 0.000000 0.000000
vn 1.000000 0.000000 0.000000
vn 1.000000 0.000000 0.000000
vn 1.000000 0.000000 0.000000
vn 1.000000 0.000000 0.000000
vn 1.000000 0.000000 0.000000
vn 1.000000 0.000000 0.000000
vn 1.000000 0.000000 0.000000
vn 1.000000 0.000000 0.000000
vn 1.000000 0.000000 0.000000
vn 1.000000 0.000000 0.000000
vn 1.000000 0.000000 0.000000
vn 1.000000 0.000000 0.000000
vn 1.000000 0.000000 0.000000
vn 1.000000 0.000000 0.000000
vn 1.000000 0.000000 0.000000
vn 1.000000 0.000000 0.000000
vn 1.000000 0.000000 0.000000
vn 1.000000 0.000000 0.000000
vn 1.000000 0.000000 0.000000
vn 1.000000 0.000000 0.000000
vn 1.000000 0.000000 0.000000
vn 1.000000 0.000000 0.000000
vn 1.000000 0.000000 0.000000
vn 1.000000 0.000000 0.000000
vn 1.000000 0.000000 0.000000
vn 1.000000 0.000000 0.000000
vn 1.000000 0.000000 0.000000
vn 1.000000 0.000000 0.000000
vn 1.000000 0.000000 0.000000
vn 1.000000 0.000000 0.000000
vn 1.000000 0.000000 0.000000
vn 1.000000 0.000000 0.000000
vn 1.000000 0.000000 0.000000
vn 1.000000 0.000000 0.000000
vn 1.000000 0.000000 0.000000
vn 1.000000 0.000000 0.000000
vn 1.000000 0.000000 0.000000
vn 1.000000 0.000000 0.000000
vn 1.000000 0.000000 0.000000
vn 1.000000 0.000000 0.000000
vn 1.000000 0.000000 0.000000
vn 1.000000 0.000000 0.000000
vn 1.000000 0.000000 0.000000
vn 1.000000 0.000000 0.000000
vn 1.000000 0.000000 0.000000
vn 1.000000 0.000000 0.000000
vn 1.000000 0.000000 0.000000
vn 1.000000 0.000000 0.000000
vn 1.000000 0.000000 0.000000
vn 1.000000 0.000000 0.000000
vn 1.000000 0.000000 0.000000
vn 1.000000 0.000000 0.000000
vn 1.000000 0.000000 0.000000
vn 1.000000 0.000000 0.000000
vn 1.000000 0.000000 0.000000
vn 1.000000 0.000000 0.000000
vn 1.000000 0.000000 0.000000
vn 1.000000 0.000000 0.000000
vn 1.000000 0.000000 0.000000
vn 1.000000 0.000000 0.000000
vn 1.000000 0.000000 0.000000
vn 1.000000 0.000000 0.000000
vn 1.000000 0.000000 0.000000
vn 1.000000 0.000000 0.000000
vn 1.000000 0.000000 0.000000
vn 1.000000 0.000000 0.000000
vn 1.000000 0.000000 0.000000
vn 1.000000 0.000000 0.000000
vn 1.000000 0.000000 0.000000
vn 1.000000 0.000000 0.000000
vn 1.000000 0.000000 0.000000
vn 1.000000 0.000000 0.000000
vn 1.000000 0.000000 0.000000
vn 1.000000 0.000000 0.000000
vn 1.000000 0.000000 0.000000
vn 1.000000 0.000000 0.000000
vn 1.000000 0.000000 0.000000
vn 1.000000 0.000000 0.000000
vn 1.000000 0.000000 0.000000
vn 1.000000 0.000000 0.000000
vn 1.000000 0.000000 0.000000
vn 1.000000 0.000000 0.000000
vn 1.000000 0.000000 0.000000
vn 1.000000 0.000000 0.000000
vn 1.000000 0.000000 0.000000
vn 1.000000 0.000000 0.000000
vn 1.000000 0.000000 0.000000
vn 1.000000 0.000000 0.000000
vn 1.000000 0.000000 0.000000
vn 1.000000 0.000000 0.000000
vn 1.000000 0.000000 0.000000
vn 1.000000 0.000000 0.000000
vn 1.000000 0.000000 0.000000
vn 1.000000 0.000000 0.000000
vn 1.000000 0.000000 0.000000
vn 1.000000 0.000000 0.000000
vn 1.000000 0.000000 0.000000
vn 1.000000 0.000000 0.000000
vn 1.000000 0.000000 0.000000
vn 1.000000 0.000000 0.000000
vn 1.000000 0.000000 0.000000
vn 1.000000 0.000000 0.000000
vn 1.000000 0.000000 0.000000
vn 1.000000 0.000000 0.000000
vn 1.000000 0.000000 0.000000
vn 1.000000 0.000000 0.000000
vn 1.000000 0.000000 0.000000
vn 1.000000 0.000000 0.000000
vn 1.000000 0.000000 0.000000
vn 1.000000 0.000000 0.000000
vn 1.000000 0.000000 0.000000
vn 1.000000 0.000000 0.000000
vn 1.000000 0.000000 0.000000
vn 1.000000 0.000000 0.000000
vn 1.000000 0.000000 0.000000
vn 1.000000 0.000000 0.000000
vn 1.000000 0.000000 0.000000
vn 1.000000 0.000000 0.000000
vn 0.000000 0.999507 0.031411
vn 0.000000 0.999507 0.031411
vn 0.000000 0.995562 0.094108
vn 0.000000 0.995562 0.094108
vn 0.000000 0.987688 0.156435
vn 0.000000 0.975917 0.218143
vn 0.000000 0.987688 0.156435
vn 0.000000 0.975917 0.218143
vn 0.000000 0.960294 0.278991
vn 0.000000 0.960294 0.278991
vn 0.000000 0.940881 0.338738
vn 0.000000 0.940881 0.338738
vn 0.000000 0.917755 0.397148
vn 0.000000 0.917755 0.397148
vn 0.000000 0.891007 0.453990
vn 0.000000 0.860742 0.509042
vn 0.000000 0.891007 0.453990
vn 0.000000 0.827081 0.562083
vn 0.000000 0.860742 0.509042
vn 0.000000 0.827081 0.562083
vn 0.000000 0.790154 0.612908
vn 0.000000 0.790154 0.612908
vn 0.000000 0.750112 0.661311
vn 0.000000 0.707107 0.707107
vn 0.000000 0.750112 0.661311
vn 0.000000 0.707107 0.707107
vn 0.000000 0.661311 0.750112
vn 0.000000 0.661311 0.750112
vn 0.000000 0.612908 0.790154
vn 0.000000 0.612908 0.790154
vn 0.000000 0.562083 0.827081
vn 0.000000 0.509042 0.860742
vn 0.000000 0.562083 0.827081
vn 0.000000 0.509042 0.860742
vn 0.000000 0.453990 0.891007
vn 0.000000 0.397148 0.917755
vn 0.000000 0.453990 0.891007
vn 0.000000 0.397148 0.917755
vn 0.000000 0.338738 0.940881
vn 0.000000 0.338738 0.940881
vn 0.000000 0.278991 0.960294
vn 0.000000 0.278991 0.960294
vn 0.000000 0.218143 0.975917
vn 0.000000 0.218143 0.975917
vn 0.000000 0.156435 0.987688
vn 0.000000 0.094108 0.995562
vn 0.000000 0.156435 0.987688
vn 0.000000 0.094108 0.995562
vn 0.000000 0.031411 0.999507
vn 0.000000 0.031411 0.999507
vn 0.000000 -0.031411 0.999507
vn 0.000000 -0.031411 0.999507
vn 0.000000 -0.094108 0.995562
vn 0.000000 -0.094108 0.995562
vn 0.000000 -0.156435 0.987688
vn 0.000000 -0.156435 0.987688
vn 0.000000 -0.218143 0.975917
vn 0.000000 -0.218143 0.975917
vn 0.000000 -0.278991 0.960294
vn 0.000000 -0.278991 0.960294
vn 0.000000 -0.338738 0.940881
vn 0.000000 -0.338738 0.940881
vn 0.000000 -0.397148 0.917755
vn 0.000000 -0.397148 0.917755
vn 0.000000 -0.453990 0.891007
vn 0.000000 -0.509042 0.860742
vn 0.000000 -0.453990 0.891007
vn 0.000000 -0.509042 0.860742
vn 0.000000 -0.562083 0.827081
vn 0.000000 -0.612908 0.790154
vn 0.000000 -0.562083 0.827081
vn 0.000000 -0.612908 0.790154
vn 0.000000 -0.661311 0.750112
vn 0.000000 -0.661311 0.750112
vn 0.000000 -0.707107 0.707107
vn 0.000000 -0.750112 0.661311
vn 0.000000 -0.707107 0.707107
vn 0.000000 -0.750112 0.661311
vn 0.000000 -0.790154 0.612908
vn 0.000000 -0.827081 0.562083
vn 0.000000 -0.790154 0.612908
vn 0.000000 -0.827081 0.562083
vn 0.000000 -0.860742 0.509042
vn 0.000000 -0.860742 0.509042
vn 0.000000 -0.891007 0.453990
vn 0.000000 -0.917755 0.397148
vn 0.000000 -0.891007 0.453990
vn 0.000000 -0.917755 0.397148
vn 0.000000 -0.940881 0.338738
vn 0.000000 -0.960294 0.278991
vn 0.000000 -0.940881 0.338738
vn 0.000000 -0.960294 0.278991
vn 0.000000 -0.975917 0.218143
vn 0.000000 -0.975917 0.218143
vn 0.000000 -0.987688 0.156435
vn 0.000000 -0.995562 0.094108
vn 0.000000 -0.987688 0.156435
vn 0.000000 -0.995562 0.094108
vn 0.000000 -0.999507 0.031411
vn 0.000000 -0.999507 0.031411
vn 0.000000 -0.999507 -0.031411
vn -0.000000 -0.999507 -0.031411
vn 0.000000 -0.995562 -0.094108
vn -0.000000 -0.995562 -0.094108
vn 0.000000 -0.987688 -0.156435
vn -0.000000 -0.987688 -0.156435
vn -0.000000 -0.975917 -0.218143
vn -0.000000 -0.975917 -0.218143
vn 0.000000 -0.960294 -0.278991
vn -0.000000 -0.960294 -0.278991
vn 0.000000 -0.940881 -0.338738
vn -0.000000 -0.940881 -0.338738
vn -0.000000 -0.917755 -0.397148
vn -0.000000 -0.917755 -0.397148
vn -0.000000 -0.891007 -0.453990
vn -0.000000 -0.891007 -0.453990
vn 0.000000 -0.860742 -0.509042
vn -0.000000 -0.860742 -0.509042
vn -0.000000 -0.827081 -0.562083
vn -0.000000 -0.827081 -0.562083
vn -0.000000 -0.790154 -0.612908
vn -0.000000 -0.790154 -0.612908
vn 0.000000 -0.750112 -0.661311
vn -0.000000 -0.750112 -0.661311
vn 0.000000 -0.707107 -0.707107
vn -0.000000 -0.707107 -0.707107
vn 0.000000 -0.661311 -0.750112
vn -0.000000 -0.661311 -0.750112
vn 0.000000 -0.612908 -0.790154
vn -0.000000 -0.612908 -0.790154
vn -0.000000 -0.562083 -0.827081
vn -0.000000 -0.562083 -0.827081
vn -0.000000 -0.509042 -0.860742
vn -0.000000 -0.509042 -0.860742
vn -0.000000 -0.453990 -0.891007
vn 0.000000 -0.453990 -0.891007
vn -0.000000 -0.397148 -0.917755
vn -0.000000 -0.338738 -0.940881
vn 0.000000 -0.397148 -0.917755
vn -0.000000 -0.338738 -0.940881
vn -0.000000 -0.278991 -0.960294
vn -0.000000 -0.218143 -0.975917
vn 0.000000 -0.278991 -0.960294
vn -0.000000 -0.218143 -0.975917
vn -0.000000 -0.156435 -0.987688
vn -0.000000 -0.094108 -0.995562
vn 0.000000 -0.156435 -0.987688
vn -0.000000 -0.031411 -0.999507
vn -0.000000 -0.094108 -0.995562
vn -0.000000 -0.031411 -0.999507
vn 0.000000 0.031411 -0.999507
vn 0.000000 0.031411 -0.999507
vn 0.000000 0.094108 -0.995562
vn 0.000000 0.094108 -0.995562
vn 0.000000 0.156435 -0.987688
vn 0.000000 0.156435 -0.987688
vn 0.000000 0.218143 -0.975917
vn 0.000000 0.218143 -0.975917
vn 0.000000 0.278991 -0.960294
vn 0.000000 0.278991 -0.960294
vn 0.000000 0.338738 -0.940881
vn 0.000000 0.338738 -0.940881
vn 0.000000 0.397148 -0.917755
vn 0.000000 0.397148 -0.917755
vn 0.000000 0.453990 -0.891007
vn 0.000000 0.453990 -0.891007
vn 0.000000 0.509042 -0.860742
vn 0.000000 0.509042 -0.860742
vn 0.000000 0.562083 -0.827081
vn 0.000000 0.562083 -0.827081
vn 0.000000 0.612908 -0.790154
vn 0.000000 0.612908 -0.790154
vn 0.000000 0.661311 -0.750112
vn 0.000000 0.661311 -0.750112
vn 0.000000 0.707107 -0.707107
vn 0.000000 0.707107 -0.707107
vn 0.000000 0.750112 -0.661311
vn 0.000000 0.750112 -0.661311
vn 0.000000 0.790154 -0.612908
vn 0.000000 0.790154 -0.612908
vn 0.000000 0.827081 -0.562083
vn 0.000000 0.827081 -0.562083
vn 0.000000 0.860742 -0.509042
vn 0.000000 0.860742 -0.509042
vn 0.000000 0.891007 -0.453990
vn 0.000000 0.891007 -0.453990
vn 0.000000 0.917755 -0.397148
vn 0.000000 0.917755 -0.397148
vn 0.000000 0.940881 -0.338738
vn 0.000000 0.940881 -0.338738
vn 0.000000 0.960294 -0.278991
vn 0.000000 0.960294 -0.278991
vn 0.000000 0.975917 -0.218143
vn 0.000000 0.975917 -0.218143
vn 0.000000 0.987688 -0.156435
vn 0.000000 0.987688 -0.156435
vn 0.000000 0.995562 -0.094108
vn 0.000000 0.995562 -0.094108
vn 0.000000 0.999507 -0.031411
vn 0.000000 0.999507 -0.031411
vn -1.000000 0.000000 0.000000
vn -1.000000 0.000000 -0.000000
vn -1.000000 0.000000 0.000000
vn -1.000000 0.000000 0.000000
vn -1.000000 0.000000 0.000000
vn -1.000000 0.000000 0.000000
vn -1.000000 0.000000 -0.000000
vn -1.000000 0.000000 0.000000
vn -1.000000 0.000000 0.000000
vn -1.000000 0.000000 0.000000
vn -1.000000 0.000000 0.000000
vn -1.000000 0.000000 -0.000000
vn -1.000000 0.000000 0.000000
vn -1.000000 0.000000 0.000000
vn -1.000000 0.000000 0.000000
vn -1.000000 0.000000 0.000000
vn -1.000000 0.000000 -0.000000
vn -1.000000 0.000000 0.000000
vn -1.000000 0.000000 0.000000
vn -1.000000 0.000000 0.000000
vn -1.000000 0.000000 0.000000
vn -1.000000 0.000000 -0.000000
vn -1.000000 0.000000 0.000000
vn -1.000000 0.000000 0.000000
vn -1.000000 0.000000 0.000000
vn -1.000000 0.000000 -0.000000
vn -1.000000 0.000000 0.000000
vn -1.000000 0.000000 0.000000
vn -1.000000 0.000000 0.000000
vn -1.000000 0.000000 0.000000
vn -1.000000 0.000000 -0.000000
vn -1.000000 0.000000 0.000000
vn -1.000000 0.000000 0.000000
vn -1.000000 0.000000 0.000000
vn -1.000000 0.000000 0.000000
vn -1.000000 0.000000 -0.000000
vn -1.000000 0.000000 0.000000
vn -1.000000 0.000000 0.000000
vn -1.000000 0.000000 -0.000000
vn -1.000000 0.000000 0.000000
vn -1.000000 0.000000 0.000000
vn -1.000000 0.000000 -0.000000
vn -1.000000 0.000000 0.000000
vn -1.000000 0.000000 -0.000000
vn -1.000000 0.000000 0.000000
vn -1.000000 0.000000 0.000000
vn -1.000000 0.000000 0.000000
vn -1.000000 0.000000 -0.000000
vn -1.000000 0.000000 0.000000
vn -1.000000 0.000000 0.000000
vn -1.000000 0.000000 0.000000
vn -1.000000 0.000000 0.000000
vn -1.000000 0.000000 -0.000000
vn -1.000000 0.000000 0.000000
vn -1.000000 0.000000 0.000000
vn -1.000000 0.000000 0.000000
vn -1.000000 0.000000 0.000000
vn -1.000000 0.000000 -0.000000
vn -1.000000 0.000000 0.000000
vn -1.000000 0.000000 0.000000
vn -1.000000 0.000000 0.000000
vn -1.000000 0.000000 -0.000000
vn -1.000000 0.000000 0.000000
vn -1.000000 0.000000 0.000000
vn -1.000000 0.000000 0.000000
vn -1.000000 0.000000 0.000000
vn -1.000000 0.000000 0.000000
vn -1.000000 0.000000 -0.000000
vn -1.000000 0.000000 0.000000
vn -1.000000 0.000000 0.000000
vn -1.000000 0.000000 0.000000
vn -1.000000 0.000000 -0.000000
vn -1.000000 0.000000 0.000000
vn -1.000000 0.000000 0.000000
vn -1.000000 0.000000 0.000000
vn -1.000000 0.000000 0.000000
vn -1.000000 0.000000 0.000000
vn -1.000000 0.000000 -0.000000
vn -1.000000 0.000000 0.000000
vn -1.000000 0.000000 0.000000
vn -1.000000 0.000000 -0.000000
vn -1.000000 0.000000 0.000000
vn -1.000000 0.000000 -0.000000
vn -1.000000 0.000000 0.000000
vn -1.000000 0.000000 -0.000000
vn -1.000000 0.000000 0.000000
vn -1.000000 0.000000 -0.000000
vn -1.000000 0.000000 0.000000
vn -1.000000 0.000000 0.000000
vn -1.000000 0.000000 0.000000
vn -1.000000 0.000000 -0.000000
vn -1.000000 0.000000 0.000000
vn -1.000000 0.000000 0.000000
vn -1.000000 0.000000 0.000000
vn -1.000000 0.000000 -0.000000
vn -1.000000 0.000000 0.000000
vn -1.000000 0.000000 0.000000
vn -1.000000 0.000000 -0.000000
vn -1.000000 0.000000 0.000000
vn -1.000000 0.000000 0.000000
vn -1.000000 0.000000 -0.000000
vn -1.000000 0.000000 0.000000
vn -1.000000 0.000000 0.000000
vn -1.000000 0.000000 0.000000
vn -1.000000 0.000000 -0.000000
vn -1.000000 0.000000 0.000000
vn -1.000000 0.000000 0.000000
vn -1.000000 0.000000 0.000000
vn -1.000000 0.000000 -0.000000
vn -1.000000 0.000000 0.000000
vn -1.000000 0.000000 0.000000
vn -1.000000 0.000000 -0.000000
vn -1.000000 0.000000 0.000000
vn -1.000000 0.000000 0.000000
vn -1.000000 0.000000 -0.000000
vn -1.000000 0.000000 0.000000
vn -1.000000 0.000000 0.000000
vn -1.000000 0.000000 0.000000
vn -1.000000 0.000000 -0.000000
vn -1.000000 0.000000 0.000000
vn -1.000000 0.000000 0.000000
vn -1.000000 0.000000 -0.000000
vn -1.000000 0.000000 0.000000
vn -1.000000 0.000000 0.000000
vn -1.000000 0.000000 -0.000000
vn -1.000000 0.000000 0.000000
vn -1.000000 0.000000 0.000000
vn -1.000000 0.000000 -0.000000
vn -1.000000 0.000000 0.000000
vn -1.000000 0.000000 0.000000
vn -1.000000 0.000000 -0.000000
vn -1.000000 0.000000 0.000000
vn -1.000000 0.000000 0.000000
vn -1.000000 0.000000 -0.000000
vn -1.000000 0.000000 0.000000
vn -1.000000 0.000000 0.000000
vn -1.000000 0.000000 0.000000
vn -1.000000 0.000000 -0.000000
vn -1.000000 0.000000 0.000000
vn -1.000000 0.000000 -0.000000
vn -1.000000 0.000000 0.000000
vn -1.000000 0.000000 0.000000
vn -1.000000 0.000000 0.000000
vn -1.000000 0.000000 -0.000000
vn -1.000000 0.000000 0.000000
vn -1.000000 0.000000 0.000000
vn -1.000000 0.000000 0.000000
vn -1.000000 0.000000 -0.000000
vn -1.000000 0.000000 0.000000
vn -1.000000 0.000000 0.000000
vn -1.000000 0.000000 -0.000000
vn -1.000000 0.000000 0.000000
vn -1.000000 0.000000 0.000000
vn -1.000000 0.000000 0.000000
vn -1.000000 0.000000 -0.000000
vn -1.000000 0.000000 0.000000
vn -1.000000 0.000000 0.000000
vn -1.000000 0.000000 -0.000000
vn -1.000000 0.000000 0.000000
vn -1.000000 0.000000 0.000000
vn -1.000000 0.000000 -0.000000
vn -1.000000 0.000000 0.000000
vn -1.000000 0.000000 0.000000
vn -1.000000 0.000000 0.000000
vn -1.000000 0.000000 0.000000
vn -1.000000 0.000000 -0.000000
vn -1.000000 0.000000 0.000000
vn -1.000000 0.000000 0.000000
vn -1.000000 0.000000 0.000000
vn -1.000000 0.000000 0.000000
vn -1.000000 0.000000 -0.000000
vn 0.000000 0.999021 0.044234
vn 0.000000 0.999021 0.044234
vn 0.000000 0.991203 0.132354
vn 0.000000 0.991203 0.132354
vn 0.000000 0.975626 0.219438
vn 0.000000 0.975626 0.219438
vn 0.000000 0.952414 0.304806
vn 0.000000 0.952414 0.304806
vn 0.000000 0.921749 0.387787
vn 0.000000 0.921749 0.387787
vn 0.000000 0.883869 0.467734
vn 0.000000 0.883869 0.467734
vn 0.000000 0.839072 0.544021
vn 0.000000 0.839072 0.544021
vn 0.000000 0.787708 0.616049
vn 0.000000 0.730179 0.683256
vn 0.000000 0.787708 0.616049
vn 0.000000 0.730179 0.683256
vn 0.000000 0.666936 0.745115
vn 0.000000 0.666936 0.745115
vn 0.000000 0.598472 0.801143
vn 0.000000 0.598472 0.801143
vn 0.000000 0.525325 0.850902
vn 0.000000 0.525325 0.850902
vn 0.000000 0.448067 0.894000
vn 0.000000 0.448067 0.894000
vn 0.000000 0.367302 0.930102
vn 0.000000 0.367302 0.930102
vn 0.000000 0.283662 0.958924
vn 0.000000 0.283662 0.958924
vn 0.000000 0.197802 0.980242
vn 0.000000 0.197802 0.980242
vn 0.000000 0.110394 0.993888
vn 0.000000 0.110394 0.993888
vn 0.000000 0.022122 0.999755
vn 0.000000 0.022122 0.999755
vn 0.000000 -0.066322 0.997798
vn 0.000000 -0.066322 0.997798
vn 0.000000 -0.154249 0.988032
vn 0.000000 -0.154249 0.988032
vn 0.000000 -0.240967 0.970533
vn 0.000000 -0.325800 0.945439
vn 0.000000 -0.240967 0.970533
vn 0.000000 -0.325800 0.945439
vn 0.000000 -0.408084 0.912944
vn 0.000000 -0.408084 0.912944
vn 0.000000 -0.487173 0.873305
vn 0.000000 -0.562449 0.826832
vn 0.000000 -0.487173 0.873305
vn 0.000000 -0.562449 0.826832
vn 0.000000 -0.633324 0.773887
vn 0.000000 -0.699242 0.714886
vn 0.000000 -0.633324 0.773887
vn 0.000000 -0.759687 0.650289
vn 0.000000 -0.699242 0.714886
vn 0.000000 -0.759687 0.650289
vn 0.000000 -0.814187 0.580603
vn 0.000000 -0.814187 0.580603
vn 0.000000 -0.862315 0.506373
vn 0.000000 -0.862315 0.506373
vn 0.000000 -0.903693 0.428181
vn 0.000000 -0.903693 0.428181
vn 0.000000 -0.938000 0.346636
vn 0.000000 -0.964965 0.262378
vn 0.000000 -0.938000 0.346636
vn 0.000000 -0.964965 0.262378
vn 0.000000 -0.984378 0.176069
vn 0.000000 -0.984378 0.176069
vn 0.000000 -0.996087 0.088380
vn -0.000000 -1.000000 0.000000
vn 0.000000 -0.996087 0.088380
vn 0.000000 -1.000000 0.000000
vn -0.000000 -0.996087 -0.088380
vn 0.000000 -0.996087 -0.088380
vn -0.000000 -0.984378 -0.176069
vn 0.000000 -0.984378 -0.176069
vn 0.000000 -0.964965 -0.262378
vn -0.000000 -0.964965 -0.262378
vn 0.000000 -0.938000 -0.346636
vn -0.000000 -0.938000 -0.346636
vn -0.000000 -0.903693 -0.428181
vn -0.000000 -0.903693 -0.428181
vn 0.000000 -0.862315 -0.506373
vn -0.000000 -0.862315 -0.506373
vn 0.000000 -0.814187 -0.580603
vn -0.000000 -0.814187 -0.580603
vn -0.000000 -0.759687 -0.650289
vn -0.000000 -0.759687 -0.650289
vn -0.000000 -0.699242 -0.714886
vn -0.000000 -0.699242 -0.714886
vn 0.000000 -0.633324 -0.773887
vn -0.000000 -0.633324 -0.773887
vn 0.000000 -0.562449 -0.826832
vn -0.000000 -0.562449 -0.826832
vn -0.000000 -0.487173 -0.873305
vn -0.000000 -0.487173 -0.873305
vn -0.000000 -0.408084 -0.912944
vn -0.000000 -0.408084 -0.912944
vn 0.000000 -0.325800 -0.945439
vn -0.000000 -0.325800 -0.945439
vn -0.000000 -0.240967 -0.970533
vn -0.000000 -0.240967 -0.970533
vn -0.000000 -0.154249 -0.988032
vn 0.000000 -0.154249 -0.988032
vn -0.000000 -0.066322 -0.997798
vn 0.000000 0.022122 -0.999755
vn 0.000000 -0.066322 -0.997798
vn 0.000000 0.022122 -0.999755
vn 0.000000 0.110394 -0.993888
vn 0.000000 0.110394 -0.993888
vn 0.000000 0.197802 -0.980242
vn 0.000000 0.283662 -0.958924
vn 0.000000 0.197802 -0.980242
vn 0.000000 0.367302 -0.930102
vn 0.000000 0.283662 -0.958924
vn 0.000000 0.448067 -0.894000
vn 0.000000 0.367302 -0.930102
vn 0.000000 0.448067 -0.894000
vn 0.000000 0.525325 -0.850902
vn 0.000000 0.598472 -0.801143
vn 0.000000 0.525325 -0.850902
vn 0.000000 0.598472 -0.801143
vn 0.000000 0.666936 -0.745115
vn 0.000000 0.666936 -0.745115
vn 0.000000 0.730179 -0.683256
vn 0.000000 0.730179 -0.683256
vn 0.000000 0.787708 -0.616049
vn 0.000000 0.787708 -0.616049
vn 0.000000 0.839072 -0.544021
vn 0.000000 0.839072 -0.544021
vn 0.000000 0.883869 -0.467734
vn 0.000000 0.883869 -0.467734
vn 0.000000 0.921749 -0.387787
vn 0.000000 0.921749 -0.387787
vn 0.000000 0.952414 -0.304806
vn 0.000000 0.952414 -0.304806
vn 0.000000 0.975626 -0.219438
vn 0.000000 0.975626 -0.219438
vn 0.000000 0.991203 -0.132354
vn 0.000000 0.991203 -0.132354
vn 0.000000 0.999021 -0.044234
vn 0.000000 0.999021 -0.044234
vn -1.000000 0.000000 0.000000
vn -1.000000 0.000000 0.000000
vn -1.000000 0.000000 0.000000
vn -1.000000 0.000000 -0.000000
vn -1.000000 0.000000 0.000000
vn -1.000000 0.000000 0.000000
vn -1.000000 0.000000 0.000000
vn -1.000000 0.000000 0.000000
vn -1.000000 0.000000 0.000000
vn -1.000000 0.000000 -0.000000
vn -1.000000 0.000000 0.000000
vn -1.000000 0.000000 0.000000
vn -1.000000 0.000000 0.000000
vn -1.000000 0.000000 0.000000
vn -1.000000 0.000000 -0.000000
vn -1.000000 0.000000 0.000000
vn -1.000000 0.000000 0.000000
vn -1.000000 0.000000 -0.000000
vn -1.000000 0.000000 0.000000
vn -1.000000 0.000000 0.000000
vn -1.000000 0.000000 0.000000
vn -1.000000 0.000000 -0.000000
vn -1.000000 0.000000 0.000000
vn -1.000000 0.000000 -0.000000
vn -1.000000 0.000000 0.000000
vn -1.000000 0.000000 0.000000
vn -1.000000 0.000000 0.000000
vn -1.000000 0.000000 -0.000000
vn -1.000000 0.000000 -0.000000
vn -1.000000 0.000000 0.000000
vn -1.000000 0.000000 0.000000
vn -1.000000 0.000000 -0.000000
vn -1.000000 0.000000 0.000000
vn -1.000000 0.000000 0.000000
vn -1.000000 0.000000 -0.000000
vn -1.000000 0.000000 0.000000
vn -1.000000 0.000000 0.000000
vn -1.000000 0.000000 -0.000000
vn -1.000000 0.000000 0.000000
vn -1.000000 0.000000 0.000000
vn -1.000000 0.000000 0.000000
vn -1.000000 0.000000 -0.000000
vn -1.000000 0.000000 0.000000
vn -1.000000 0.000000 0.000000
vn -1.000000 0.000000 0.000000
vn -1.000000 0.000000 -0.000000
vn -1.000000 0.000000 0.000000
vn -1.000000 0.000000 0.000000
vn -1.000000 0.000000 0.000000
vn -1.000000 0.000000 0.000000
vn -1.000000 0.000000 0.000000
vn -1.000000 0.000000 -0.000000
vn -1.000000 0.000000 0.000000
vn -1.000000 0.000000 0.000000
vn -1.000000 0.000000 0.000000
vn -1.000000 0.000000 -0.000000
vn -1.000000 0.000000 0.000000
vn -1.000000 0.000000 0.000000
vn -1.000000 0.000000 -0.000000
vn -1.000000 0.000000 0.000000
vn -1.000000 0.000000 -0.000000
vn -1.000000 0.000000 0.000000
vn -1.000000 0.000000 -0.000000
vn -1.000000 0.000000 -0.000000
vn -1.000000 0.000000 0.000000
vn -1.000000 0.000000 0.000000
vn -1.000000 0.000000 -0.000000
vn -1.000000 0.000000 0.000000
vn -1.000000 0.000000 0.000000
vn -1.000000 0.000000 0.000000
vn -1.000000 0.000000 -0.000000
vn -1.000000 0.000000 0.000000
vn -1.000000 0.000000 0.000000
vn -1.000000 0.000000 -0.000000
vn -1.000000 0.000000 0.000000
vn -1.000000 0.000000 0.000000
vn -1.000000 0.000000 0.000000
vn -1.000000 0.000000 0.000000
vn -1.000000 0.000000 -0.000000
vn -1.000000 0.000000 0.000000
vn -1.000000 0.000000 0.000000
vn -1.000000 0.000000 0.000000
vn -1.000000 0.000000 -0.000000
vn -1.000000 0.000000 0.000000
vn -1.000000 0.000000 0.000000
vn -1.000000 0.000000 -0.000000
vn -1.000000 0.000000 0.000000
vn -1.000000 0.000000 0.000000
vn -1.000000 0.000000 -0.000000
vn -1.000000 0.000000 0.000000
vn -1.000000 0.000000 0.000000
vn -1.000000 0.000000 0.000000
vn -1.000000 0.000000 -0.000000
vn -1.000000 0.000000 0.000000
vn -1.000000 0.000000 0.000000
vn -1.000000 0.000000 0.000000
vn -1.000000 0.000000 -0.000000
vn -1.000000 0.000000 0.000000
vn -1.000000 0.000000 0.000000
vn -1.000000 0.000000 0.000000
vn -1.000000 0.000000 0.000000
vn -1.000000 0.000000 -0.000000
vn -1.000000 0.000000 0.000000
vn -1.000000 0.000000 0.000000
vn -1.000000 0.000000 0.000000
vn -1.000000 0.000000 -0.000000
vn -1.000000 0.000000 0.000000
vn -1.000000 0.000000 0.000000
vn -1.000000 0.000000 -0.000000
vn -1.000000 0.000000 0.000000
vn -1.000000 0.000000 0.000000
vn -1.000000 0.000000 -0.000000
vn -1.000000 0.000000 0.000000
vn -1.000000 0.000000 0.000000
vn -1.000000 0.000000 0.000000
vn -1.000000 0.000000 -0.000000
vn -1.000000 0.000000 0.000000
vn -1.000000 0.000000 0.000000
vn -1.000000 0.000000 0.000000
vn -1.000000 0.000000 -0.000000
vn -1.000000 0.000000 0.000000
vn -1.000000 0.000000 0.000000
vn -1.000000 0.000000 0.000000
vn -1.000000 0.000000 -0.000000
vn -1.000000 0.000000 0.000000
vn -1.000000 0.000000 0.000000
vn -1.000000 0.000000 0.000000
vn -1.000000 0.000000 -0.000000
vn -1.000000 0.000000 0.000000
f 1//1 2//1 3//1
f 1//2 3//2 4//2
f 5//3 1//3 4//3
f 5//4 4//4 6//4
f 5//5 6//5 7//5
f 8//6 5//6 7//6
f 9//7 8//7 7//7
f 9//8 7//8 10//8
f 11//9 9//9 10//9
f 11//10 10//10 12//10
f 11//11 12//11 13//11
f 14//12 11//12 13//12
f 15//13 14//13 13//13
f 15//14 13//14 16//14
f 17//15 15//15 16//15
f 17//16 16//16 18//16
f 19//17 17//17 18//17
f 19//18 18//18 20//18
f 21//19 19//19 20//19
f 21//20 20//20 22//20
f 23//21 21//21 22//21
f 23//22 22//22 24//22
f 25//23 24//23 26//23
f 25//24 23//24 24//24
f 27//25 26//25 28//25
f 27//26 25//26 26//26
f 29//27 28//27 30//27
f 29//28 30//28 31//28
f 29//29 27//29 28//29
f 32//30 31//30 33//30
f 32//31 29//31 31//31
f 34//32 32//32 33//32
f 35//33 33//33 36//33
f 35//34 34//34 33//34
f 37//35 36//35 38//35
f 37//36 35//36 36//36
f 39//37 38//37 40//37
f 39//38 37//38 38//38
f 41//39 40//39 42//39
f 41//40 39//40 40//40
f 43//41 41//41 42//41
f 43//42 42//42 44//42
f 43//43 44//43 45//43
f 46//44 43//44 45//44
f 47//45 46//45 45//45
f 47//46 45//46 48//46
f 47//47 48//47 49//47
f 50//48 47//48 49//48
f 51//49 50//49 49//49
f 51//50 49//50 52//50
f 53//51 51//51 52//51
f 53//52 52//52 54//52
f 55//53 53//53 54//53
f 55//54 54//54 56//54
f 55//55 56//55 57//55
f 58//56 55//56 57//56
f 59//57 58//57 57//57
f 59//58 57//58 60//58
f 61//59 59//59 60//59
f 61//60 60//60 62//60
f 63//61 61//61 62//61
f 63//62 62//62 64//62
f 65//63 63//63 64//63
f 65//64 64//64 66//64
f 67//65 65//65 66//65
f 67//66 66//66 68//66
f 69//67 67//67 68//67
f 69//68 68//68 70//68
f 71//69 69//69 70//69
f 71//70 70//70 72//70
f 73//71 71//71 72//71
f 73//72 72//72 74//72
f 75//73 73//73 74//73
f 75//74 74//74 76//74
f 77//75 75//75 76//75
f 77//76 76//76 78//76
f 79//77 77//77 78//77
f 79//78 78//78 80//78
f 81//79 79//79 80//79
f 81//80 80//80 82//80
f 83//81 81//81 82//81
f 83//82 82//82 84//82
f 85//83 84//83 86//83
f 85//84 83//84 84//84
f 87//85 86//85 88//85
f 87//86 85//86 86//86
f 89//87 88//87 90//87
f 89//88 87//88 88//88
f 91//89 90//89 92//89
f 91//90 92//90 93//90
f 91//91 89//91 90//91
f 94//92 91//92 93//92
f 95//93 93//93 96//93
f 95//94 94//94 93//94
f 97//95 96//95 98//95
f 97//96 95//96 96//96
f 99//97 98//97 100//97
f 99//98 97//98 98//98
f 101//99 100//99 102//99
f 101//100 99//100 100//100
f 103//101 102//101 104//101
f 103//102 101//102 102//102
f 105//103 104//103 106//103
f 105//104 106//104 107//104
f 105//105 103//105 104//105
f 108//106 105//106 107//106
f 109//107 107//107 110//107
f 109//108 108//108 107//108
f 111//109 110//109 112//109
f 111//110 109//110 110//110
f 113//111 112//111 114//111
f 113//112 111//112 112//112
f 115//113 114//113 116//113
f 115//114 116//114 3//114
f 115//115 113//115 114//115
f 2//116 115//116 3//116
f 74//117 117//117 118//117
f 74//118 118//118 119//118
f 76//119 119//119 120//119
f 76//120 74//120 119//120
f 72//121 121//121 117//121
f 72//122 117//122 74//122
f 78//123 120//123 122//123
f 78//124 76//124 120//124
f 70//125 123//125 121//125
f 70//126 121//126 72//126
f 80//127 122//127 124//127
f 80//128 78//128 122//128
f 68//129 125//129 123//129
f 68//130 123//130 70//130
f 82//131 124//131 126//131
f 82//132 126//132 127//132
f 82//133 80//133 124//133
f 66//134 128//134 125//134
f 66//135 125//135 68//135
f 84//136 82//136 127//136
f 84//137 127//137 129//137
f 64//138 130//138 131//138
f 64//139 131//139 128//139
f 64//140 128//140 66//140
f 86//141 129//141 132//141
f 86//142 84//142 129//142
f 62//143 133//143 130//143
f 62//144 130//144 64//144
f 88//145 86//145 132//145
f 88//146 132//146 134//146
f 60//147 133//147 62//147
f 60//148 135//148 133//148
f 90//149 88//149 134//149
f 90//150 134//150 136//150
f 57//151 135//151 60//151
f 57//152 137//152 135//152
f 92//153 136//153 138//153
f 92//154 138//154 139//154
f 92//155 90//155 136//155
f 56//156 137//156 57//156
f 56//157 140//157 141//157
f 56//158 141//158 137//158
f 93//159 92//159 139//159
f 93//160 139//160 142//160
f 54//161 140//161 56//161
f 54//162 143//162 140//162
f 96//163 93//163 142//163
f 96//164 142//164 144//164
f 52//165 145//165 143//165
f 52//166 143//166 54//166
f 98//167 96//167 144//167
f 98//168 144//168 146//168
f 49//169 147//169 145//169
f 49//170 145//170 52//170
f 100//171 98//171 146//171
f 100//172 146//172 148//172
f 149//173 100//173 148//173
f 48//174 150//174 147//174
f 48//175 147//175 49//175
f 102//176 100//176 149//176
f 45//177 151//177 150//177
f 45//178 150//178 48//178
f 152//179 102//179 149//179
f 104//180 102//180 152//180
f 153//181 151//181 45//181
f 153//182 45//182 44//182
f 154//183 104//183 152//183
f 106//184 104//184 154//184
f 155//185 153//185 44//185
f 155//186 44//186 42//186
f 156//187 107//187 106//187
f 156//188 106//188 154//188
f 157//189 155//189 42//189
f 157//190 42//190 40//190
f 158//191 110//191 107//191
f 158//192 107//192 156//192
f 159//193 157//193 40//193
f 159//194 40//194 38//194
f 160//195 110//195 158//195
f 161//196 159//196 38//196
f 162//197 112//197 110//197
f 162//198 110//198 160//198
f 163//199 161//199 38//199
f 163//200 38//200 36//200
f 164//201 114//201 112//201
f 164//202 112//202 162//202
f 165//203 163//203 36//203
f 165//204 36//204 33//204
f 166//205 114//205 164//205
f 166//206 116//206 114//206
f 167//207 165//207 33//207
f 167//208 33//208 31//208
f 168//209 116//209 166//209
f 168//210 3//210 116//210
f 169//211 167//211 31//211
f 169//212 31//212 30//212
f 170//213 3//213 168//213
f 171//214 169//214 30//214
f 171//215 30//215 28//215
f 172//216 3//216 170//216
f 172//217 4//217 3//217
f 173//218 171//218 28//218
f 174//219 4//219 172//219
f 174//220 6//220 4//220
f 175//221 173//221 28//221
f 175//222 28//222 26//222
f 176//223 6//223 174//223
f 176//224 7//224 6//224
f 177//225 175//225 26//225
f 177//226 26//226 24//226
f 178//227 7//227 176//227
f 178//228 10//228 7//228
f 179//229 177//229 24//229
f 179//230 24//230 22//230
f 180//231 10//231 178//231
f 181//232 179//232 22//232
f 181//233 22//233 20//233
f 182//234 10//234 180//234
f 182//235 12//235 10//235
f 183//236 181//236 20//236
f 184//237 12//237 182//237
f 184//238 13//238 12//238
f 185//239 183//239 20//239
f 185//240 20//240 18//240
f 186//241 16//241 13//241
f 186//242 13//242 184//242
f 187//243 18//243 16//243
f 187//244 185//244 18//244
f 187//245 16//245 186//245
f 172//246 188//246 189//246
f 172//247 189//247 190//247
f 172//248 170//248 188//248
f 174//249 172//249 190//249
f 176//250 190//250 191//250
f 176//251 174//251 190//251
f 178//252 191//252 192//252
f 178//253 176//253 191//253
f 180//254 192//254 193//254
f 180//255 193//255 194//255
f 180//256 178//256 192//256
f 182//257 180//257 194//257
f 184//258 194//258 195//258
f 184//259 182//259 194//259
f 186//260 195//260 196//260
f 186//261 184//261 195//261
f 187//262 196//262 197//262
f 187//263 186//263 196//263
f 185//264 197//264 198//264
f 185//265 187//265 197//265
f 183//266 198//266 199//266
f 183//267 185//267 198//267
f 181//268 199//268 200//268
f 181//269 200//269 201//269
f 181//270 183//270 199//270
f 179//271 181//271 201//271
f 177//272 179//272 201//272
f 177//273 201//273 202//273
f 175//274 177//274 202//274
f 175//275 202//275 203//275
f 173//276 175//276 203//276
f 173//277 203//277 204//277
f 171//278 173//278 204//278
f 171//279 204//279 205//279
f 169//280 205//280 206//280
f 169//281 171//281 205//281
f 167//282 206//282 207//282
f 167//283 169//283 206//283
f 165//284 207//284 208//284
f 165//285 167//285 207//285
f 163//286 208//286 209//286
f 163//287 165//287 208//287
f 161//288 209//288 210//288
f 161//289 163//289 209//289
f 159//290 210//290 211//290
f 159//291 211//291 212//291
f 159//292 161//292 210//292
f 157//293 159//293 212//293
f 155//294 212//294 213//294
f 155//295 157//295 212//295
f 153//296 213//296 214//296
f 153//297 214//297 215//297
f 153//298 155//298 213//298
f 151//299 215//299 216//299
f 151//300 153//300 215//300
f 150//301 151//301 216//301
f 147//302 216//302 217//302
f 147//303 150//303 216//303
f 145//304 217//304 218//304
f 145//305 147//305 217//305
f 143//306 218//306 219//306
f 143//307 219//307 220//307
f 143//308 145//308 218//308
f 140//309 143//309 220//309
f 141//310 220//310 221//310
f 141//311 221//311 222//311
f 141//312 140//312 220//312
f 137//313 141//313 222//313
f 135//314 222//314 223//314
f 135//315 223//315 224//315
f 135//316 137//316 222//316
f 133//317 135//317 224//317
f 130//318 224//318 225//318
f 130//319 133//319 224//319
f 131//320 225//320 226//320
f 131//321 130//321 225//321
f 128//322 131//322 226//322
f 128//323 226//323 227//323
f 125//324 128//324 227//324
f 125//325 227//325 228//325
f 123//326 125//326 228//326
f 123//327 228//327 229//327
f 121//328 123//328 229//328
f 121//329 229//329 230//329
f 117//330 121//330 230//330
f 117//331 230//331 231//331
f 117//332 231//332 232//332
f 118//333 232//333 233//333
f 118//334 117//334 232//334
f 119//335 118//335 233//335
f 120//336 119//336 233//336
f 120//337 233//337 234//337
f 120//338 234//338 235//338
f 122//339 120//339 235//339
f 122//340 235//340 236//340
f 124//341 122//341 236//341
f 126//342 124//342 236//342
f 126//343 236//343 237//343
f 127//344 126//344 237//344
f 127//345 237//345 238//345
f 127//346 238//346 239//346
f 129//347 127//347 239//347
f 132//348 239//348 240//348
f 132//349 240//349 241//349
f 132//350 129//350 239//350
f 134//351 132//351 241//351
f 136//352 241//352 242//352
f 136//353 134//353 241//353
f 138//354 242//354 243//354
f 138//355 136//355 242//355
f 139//356 243//356 244//356
f 139//357 244//357 245//357
f 139//358 138//358 243//358
f 142//359 139//359 245//359
f 144//360 245//360 246//360
f 144//361 246//361 247//361
f 144//362 142//362 245//362
f 146//363 144//363 247//363
f 148//364 247//364 248//364
f 148//365 146//365 247//365
f 149//366 248//366 249//366
f 149//367 148//367 248//367
f 152//368 249//368 250//368
f 152//369 250//369 251//369
f 152//370 149//370 249//370
f 154//371 152//371 251//371
f 156//372 154//372 251//372
f 156//373 251//373 252//373
f 158//374 156//374 252//374
f 158//375 252//375 253//375
f 160//376 158//376 253//376
f 160//377 253//377 254//377
f 162//378 160//378 254//378
f 162//379 254//379 255//379
f 162//380 255//380 256//380
f 164//381 162//381 256//381
f 164//382 256//382 257//382
f 166//383 164//383 257//383
f 168//384 166//384 257//384
f 168//385 257//385 258//385
f 170//386 168//386 258//386
f 170//387 258//387 188//387
f 232//388 259//388 260//388
f 233//389 232//389 260//389
f 233//390 260//390 261//390
f 231//391 262//391 263//391
f 231//392 263//392 259//392
f 231//393 259//393 232//393
f 234//394 233//394 261//394
f 234//395 261//395 264//395
f 234//396 264//396 265//396
f 230//397 262//397 231//397
f 230//398 266//398 262//398
f 235//399 234//399 265//399
f 235//400 265//400 267//400
f 229//401 266//401 230//401
f 229//402 268//402 269//402
f 229//403 269//403 266//403
f 236//404 267//404 270//404
f 236//405 270//405 271//405
f 236//406 235//406 267//406
f 228//407 268//407 229//407
f 228//408 272//408 268//408
f 237//409 236//409 271//409
f 237//410 271//410 273//410
f 227//411 274//411 272//411
f 227//412 272//412 228//412
f 238//413 273//413 275//413
f 238//414 237//414 273//414
f 226//415 276//415 277//415
f 226//416 277//416 274//416
f 226//417 274//417 227//417
f 239//418 238//418 275//418
f 239//419 275//419 278//419
f 239//420 278//420 279//420
f 225//421 276//421 226//421
f 225//422 280//422 276//422
f 240//423 279//423 281//423
f 240//424 239//424 279//424
f 224//425 282//425 283//425
f 224//426 283//426 280//426
f 224//427 280//427 225//427
f 241//428 240//428 281//428
f 241//429 281//429 284//429
f 241//430 284//430 285//430
f 223//431 282//431 224//431
f 223//432 286//432 282//432
f 242//433 285//433 287//433
f 242//434 241//434 285//434
f 222//435 288//435 286//435
f 222//436 286//436 223//436
f 243//437 242//437 287//437
f 243//438 287//438 289//438
f 221//439 290//439 291//439
f 221//440 291//440 288//440
f 221//441 288//441 222//441
f 244//442 289//442 292//442
f 244//443 243//443 289//443
f 244//444 292//444 293//444
f 220//445 290//445 221//445
f 220//446 294//446 290//446
f 245//447 244//447 293//447
f 245//448 293//448 295//448
f 219//449 296//449 294//449
f 219//450 294//450 220//450
f 246//451 245//451 295//451
f 246//452 295//452 297//452
f 246//453 297//453 298//453
f 218//454 299//454 300//454
f 218//455 300//455 296//455
f 218//456 296//456 219//456
f 247//457 246//457 298//457
f 247//458 298//458 301//458
f 217//459 299//459 218//459
f 217//460 302//460 299//460
f 248//461 247//461 301//461
f 248//462 301//462 303//462
f 216//463 302//463 217//463
f 216//464 304//464 302//464
f 305//465 304//465 216//465
f 249//466 248//466 303//466
f 249//467 303//467 306//467
f 307//468 249//468 306//468
f 215//469 305//469 216//469
f 250//470 249//470 307//470
f 308//471 305//471 215//471
f 309//472 250//472 307//472
f 214//473 308//473 215//473
f 251//474 250//474 309//474
f 310//475 308//475 214//475
f 213//476 310//476 214//476
f 311//477 251//477 309//477
f 312//478 310//478 213//478
f 313//479 251//479 311//479
f 313//480 252//480 251//480
f 314//481 213//481 212//481
f 314//482 312//482 213//482
f 315//483 253//483 252//483
f 315//484 252//484 313//484
f 316//485 212//485 211//485
f 316//486 314//486 212//486
f 317//487 253//487 315//487
f 317//488 254//488 253//488
f 318//489 316//489 211//489
f 319//490 254//490 317//490
f 320//491 211//491 210//491
f 320//492 318//492 211//492
f 321//493 255//493 254//493
f 321//494 254//494 319//494
f 322//495 210//495 209//495
f 322//496 320//496 210//496
f 323//497 256//497 255//497
f 323//498 255//498 321//498
f 324//499 322//499 209//499
f 324//500 209//500 208//500
f 325//501 256//501 323//501
f 326//502 324//502 208//502
f 327//503 257//503 256//503
f 327//504 256//504 325//504
f 328//505 208//505 207//505
f 328//506 326//506 208//506
f 329//507 257//507 327//507
f 329//508 258//508 257//508
f 330//509 207//509 206//509
f 330//510 328//510 207//510
f 331//511 258//511 329//511
f 331//512 188//512 258//512
f 332//513 330//513 206//513
f 333//514 188//514 331//514
f 334//515 206//515 205//515
f 334//516 332//516 206//516
f 335//517 188//517 333//517
f 335//518 189//518 188//518
f 336//519 205//519 204//519
f 336//520 334//520 205//520
f 337//521 190//521 189//521
f 337//522 189//522 335//522
f 338//523 204//523 203//523
f 338//524 336//524 204//524
f 339//525 191//525 190//525
f 339//526 190//526 337//526
f 340//527 338//527 203//527
f 341//528 191//528 339//528
f 342//529 203//529 202//529
f 342//530 340//530 203//530
f 343//531 192//531 191//531
f 343//532 191//532 341//532
f 344//533 202//533 201//533
f 344//534 342//534 202//534
f 345//535 193//535 192//535
f 345//536 192//536 343//536
f 346//537 344//537 201//537
f 347//538 193//538 345//538
f 348//539 346//539 201//539
f 348//540 201//540 200//540
f 349//541 194//541 193//541
f 349//542 193//542 347//542
f 350//543 200//543 199//543
f 350//544 348//544 200//544
f 351//545 195//545 194//545
f 351//546 194//546 349//546
f 352//547 199//547 198//547
f 352//548 350//548 199//548
f 353//549 196//549 195//549
f 353//550 195//550 351//550
f 354//551 352//551 198//551
f 355//552 196//552 353//552
f 356//553 354//553 198//553
f 356//554 198//554 197//554
f 357//555 196//555 355//555
f 357//556 197//556 196//556
f 357//557 356//557 197//557
f 335//558 358//558 359//558
f 335//559 333//559 358//559
f 337//560 359//560 360//560
f 337//561 335//561 359//561
f 339//562 360//562 361//562
f 339//563 361//563 362//563
f 339//564 337//564 360//564
f 341//565 339//565 362//565
f 343//566 362//566 363//566
f 343//567 363//567 364//567
f 343//568 341//568 362//568
f 345//569 343//569 364//569
f 347//570 364//570 365//570
f 347//571 345//571 364//571
f 349//572 365//572 366//572
f 349//573 347//573 365//573
f 351//574 366//574 367//574
f 351//575 367//575 368//575
f 351//576 349//576 366//576
f 353//577 351//577 368//577
f 355//578 368//578 369//578
f 355//579 353//579 368//579
f 357//580 369//580 370//580
f 357//581 355//581 369//581
f 356//582 370//582 371//582
f 356//583 357//583 370//583
f 354//584 371//584 372//584
f 354//585 356//585 371//585
f 352//586 372//586 373//586
f 352//587 354//587 372//587
f 350//588 373//588 374//588
f 350//589 374//589 375//589
f 350//590 352//590 373//590
f 348//591 350//591 375//591
f 346//592 375//592 376//592
f 346//593 376//593 377//593
f 346//594 348//594 375//594
f 344//595 346//595 377//595
f 342//596 377//596 378//596
f 342//597 344//597 377//597
f 340//598 378//598 379//598
f 340//599 379//599 380//599
f 340//600 342//600 378//600
f 338//601 340//601 380//601
f 336//602 380//602 381//602
f 336//603 381//603 382//603
f 336//604 338//604 380//604
f 334//605 336//605 382//605
f 332//606 334//606 382//606
f 332//607 382//607 383//607
f 330//608 332//608 383//608
f 330//609 383//609 384//609
f 330//610 384//610 385//610
f 328//611 330//611 385//611
f 326//612 328//612 385//612
f 326//613 385//613 386//613
f 324//614 326//614 386//614
f 324//615 386//615 387//615
f 324//616 387//616 388//616
f 322//617 324//617 388//617
f 320//618 322//618 388//618
f 320//619 388//619 389//619
f 318//620 320//620 389//620
f 318//621 389//621 390//621
f 318//622 390//622 391//622
f 316//623 318//623 391//623
f 314//624 391//624 392//624
f 314//625 316//625 391//625
f 312//626 392//626 393//626
f 312//627 393//627 394//627
f 312//628 314//628 392//628
f 310//629 394//629 395//629
f 310//630 312//630 394//630
f 308//631 395//631 396//631
f 308//632 310//632 395//632
f 305//633 396//633 397//633
f 305//634 308//634 396//634
f 304//635 305//635 397//635
f 302//636 397//636 398//636
f 302//637 398//637 399//637
f 302//638 304//638 397//638
f 299//639 302//639 399//639
f 300//640 399//640 400//640
f 300//641 400//641 401//641
f 300//642 299//642 399//642
f 296//643 300//643 401//643
f 294//644 401//644 402//644
f 294//645 296//645 401//645
f 290//646 402//646 403//646
f 290//647 403//647 404//647
f 290//648 294//648 402//648
f 291//649 290//649 404//649
f 288//650 404//650 405//650
f 288//651 405//651 406//651
f 288//652 291//652 404//652
f 286//653 288//653 406//653
f 282//654 406//654 407//654
f 282//655 407//655 408//655
f 282//656 286//656 406//656
f 283//657 282//657 408//657
f 283//658 408//658 409//658
f 280//659 283//659 409//659
f 276//660 280//660 409//660
f 276//661 409//661 410//661
f 277//662 276//662 410//662
f 277//663 410//663 411//663
f 277//664 411//664 412//664
f 274//665 277//665 412//665
f 274//666 412//666 413//666
f 272//667 274//667 413//667
f 268//668 272//668 413//668
f 268//669 413//669 414//669
f 268//670 414//670 415//670
f 269//671 268//671 415//671
f 269//672 415//672 416//672
f 266//673 269//673 416//673
f 262//674 266//674 416//674
f 262//675 416//675 417//675
f 263//676 262//676 417//676
f 263//677 417//677 418//677
f 259//678 263//678 418//678
f 259//679 418//679 419//679
f 259//680 419//680 420//680
f 260//681 259//681 420//681
f 260//682 420//682 421//682
f 261//683 260//683 421//683
f 264//684 261//684 421//684
f 264//685 421//685 422//685
f 265//686 264//686 422//686
f 265//687 422//687 423//687
f 267//688 423//688 424//688
f 267//689 265//689 423//689
f 270//690 424//690 425//690
f 270//691 425//691 426//691
f 270//692 267//692 424//692
f 271//693 270//693 426//693
f 273//694 426//694 427//694
f 273//695 271//695 426//695
f 275//696 427//696 428//696
f 275//697 428//697 429//697
f 275//698 273//698 427//698
f 278//699 275//699 429//699
f 279//700 429//700 430//700
f 279//701 278//701 429//701
f 281//702 430//702 431//702
f 281//703 279//703 430//703
f 284//704 431//704 432//704
f 284//705 281//705 431//705
f 285//706 284//706 432//706
f 285//707 432//707 433//707
f 287//708 285//708 433//708
f 287//709 433//709 434//709
f 289//710 287//710 434//710
f 289//711 434//711 435//711
f 292//712 289//712 435//712
f 292//713 435//713 436//713
f 293//714 292//714 436//714
f 293//715 436//715 437//715
f 295//716 293//716 437//716
f 295//717 437//717 438//717
f 297//718 295//718 438//718
f 297//719 438//719 439//719
f 298//720 297//720 439//720
f 298//721 439//721 440//721
f 301//722 298//722 440//722
f 301//723 440//723 441//723
f 303//724 301//724 441//724
f 303//725 441//725 442//725
f 306//726 303//726 442//726
f 306//727 442//727 443//727
f 306//728 443//728 444//728
f 307//729 306//729 444//729
f 309//730 307//730 444//730
f 309//731 444//731 445//731
f 311//732 309//732 445//732
f 311//733 445//733 446//733
f 313//734 311//734 446//734
f 313//735 446//735 447//735
f 315//736 313//736 447//736
f 315//737 447//737 448//737
f 317//738 315//738 448//738
f 317//739 448//739 449//739
f 319//740 317//740 449//740
f 319//741 449//741 450//741
f 321//742 319//742 450//742
f 321//743 450//743 451//743
f 323//744 321//744 451//744
f 323//745 451//745 452//745
f 323//746 452//746 453//746
f 325//747 323//747 453//747
f 327//748 325//748 453//748
f 327//749 453//749 454//749
f 329//750 327//750 454//750
f 329//751 454//751 455//751
f 329//752 455//752 456//752
f 331//753 329//753 456//753
f 331//754 456//754 358//754
f 333//755 331//755 358//755
f 420//756 457//756 458//756
f 419//757 457//757 420//757
f 419//758 459//758 457//758
f 421//759 420//759 458//759
f 421//760 458//760 460//760
f 418//761 459//761 419//761
f 418//762 461//762 459//762
f 422//763 421//763 460//763
f 422//764 460//764 462//764
f 417//765 461//765 418//765
f 417//766 463//766 461//766
f 423//767 422//767 462//767
f 423//768 462//768 464//768
f 416//769 463//769 417//769
f 416//770 465//770 463//770
f 424//771 423//771 464//771
f 424//772 464//772 466//772
f 415//773 465//773 416//773
f 415//774 467//774 465//774
f 425//775 424//775 466//775
f 425//776 466//776 468//776
f 414//777 467//777 415//777
f 414//778 469//778 467//778
f 426//779 425//779 468//779
f 426//780 468//780 470//780
f 413//781 469//781 414//781
f 413//782 471//782 469//782
f 427//783 426//783 470//783
f 427//784 470//784 472//784
f 412//785 473//785 471//785
f 412//786 471//786 413//786
f 428//787 427//787 472//787
f 428//788 472//788 474//788
f 411//789 473//789 412//789
f 475//790 473//790 411//790
f 429//791 428//791 474//791
f 429//792 474//792 476//792
f 410//793 475//793 411//793
f 477//794 475//794 410//794
f 430//795 429//795 476//795
f 430//796 476//796 478//796
f 409//797 477//797 410//797
f 479//798 477//798 409//798
f 431//799 478//799 480//799
f 431//800 430//800 478//800
f 408//801 479//801 409//801
f 481//802 479//802 408//802
f 432//803 480//803 482//803
f 432//804 431//804 480//804
f 407//805 481//805 408//805
f 483//806 481//806 407//806
f 433//807 432//807 482//807
f 433//808 482//808 484//808
f 406//809 483//809 407//809
f 485//810 483//810 406//810
f 434//811 433//811 484//811
f 434//812 484//812 486//812
f 405//813 485//813 406//813
f 435//814 434//814 486//814
f 487//815 485//815 405//815
f 488//816 435//816 486//816
f 404//817 487//817 405//817
f 436//818 435//818 488//818
f 489//819 487//819 404//819
f 490//820 436//820 488//820
f 403//821 489//821 404//821
f 437//822 436//822 490//822
f 491//823 489//823 403//823
f 492//824 437//824 490//824
f 402//825 491//825 403//825
f 438//826 437//826 492//826
f 493//827 438//827 492//827
f 494//828 491//828 402//828
f 401//829 494//829 402//829
f 439//830 438//830 493//830
f 495//831 439//831 493//831
f 496//832 494//832 401//832
f 400//833 496//833 401//833
f 440//834 439//834 495//834
f 497//835 440//835 495//835
f 498//836 496//836 400//836
f 399//837 498//837 400//837
f 441//838 440//838 497//838
f 499//839 441//839 497//839
f 500//840 498//840 399//840
f 398//841 500//841 399//841
f 442//842 441//842 499//842
f 501//843 442//843 499//843
f 502//844 500//844 398//844
f 397//845 502//845 398//845
f 443//846 442//846 501//846
f 503//847 443//847 501//847
f 504//848 502//848 397//848
f 396//849 504//849 397//849
f 444//850 443//850 503//850
f 505//851 444//851 503//851
f 506//852 504//852 396//852
f 395//853 506//853 396//853
f 445//854 444//854 505//854
f 507//855 445//855 505//855
f 508//856 506//856 395//856
f 394//857 508//857 395//857
f 446//858 445//858 507//858
f 509//859 446//859 507//859
f 510//860 508//860 394//860
f 393//861 510//861 394//861
f 447//862 446//862 509//862
f 511//863 447//863 509//863
f 512//864 510//864 393//864
f 392//865 512//865 393//865
f 448//866 447//866 511//866
f 513//867 448//867 511//867
f 514//868 512//868 392//868
f 391//869 514//869 392//869
f 449//870 448//870 513//870
f 515//871 449//871 513//871
f 516//872 514//872 391//872
f 390//873 516//873 391//873
f 450//874 449//874 515//874
f 517//875 450//875 515//875
f 518//876 516//876 390//876
f 389//877 518//877 390//877
f 451//878 450//878 517//878
f 519//879 451//879 517//879
f 520//880 518//880 389//880
f 388//881 520//881 389//881
f 452//882 451//882 519//882
f 521//883 452//883 519//883
f 522//884 520//884 388//884
f 387//885 522//885 388//885
f 453//886 452//886 521//886
f 523//887 453//887 521//887
f 524//888 522//888 387//888
f 386//889 524//889 387//889
f 454//890 453//890 523//890
f 525//891 454//891 523//891
f 526//892 524//892 386//892
f 385//893 526//893 386//893
f 455//894 454//894 525//894
f 527//895 455//895 525//895
f 528//896 526//896 385//896
f 384//897 528//897 385//897
f 456//898 455//898 527//898
f 529//899 456//899 527//899
f 530//900 528//900 384//900
f 383//901 530//901 384//901
f 358//902 456//902 529//902
f 531//903 530//903 383//903
f 532//904 358//904 529//904
f 382//905 531//905 383//905
f 533//906 531//906 382//906
f 534//907 359//907 358//907
f 534//908 358//908 532//908
f 381//909 533//909 382//909
f 535//910 533//910 381//910
f 536//911 359//911 534//911
f 536//912 360//912 359//912
f 380//913 535//913 381//913
f 537//914 535//914 380//914
f 538//915 361//915 360//915
f 538//916 360//916 536//916
f 379//917 537//917 380//917
f 539//918 537//918 379//918
f 540//919 362//919 361//919
f 540//920 361//920 538//920
f 378//921 539//921 379//921
f 541//922 539//922 378//922
f 542//923 363//923 362//923
f 542//924 362//924 540//924
f 377//925 541//925 378//925
f 543//926 541//926 377//926
f 544//927 364//927 363//927
f 544//928 363//928 542//928
f 376//929 543//929 377//929
f 545//930 365//930 364//930
f 545//931 364//931 544//931
f 546//932 376//932 375//932
f 546//933 543//933 376//933
f 547//934 366//934 365//934
f 547//935 365//935 545//935
f 548//936 375//936 374//936
f 548//937 546//937 375//937
f 549//938 374//938 373//938
f 549//939 548//939 374//939
f 550//940 367//940 366//940
f 550//941 366//941 547//941
f 551//942 368//942 367//942
f 551//943 367//943 550//943
f 552//944 373//944 372//944
f 552//945 549//945 373//945
f 553//946 369//946 368//946
f 553//947 368//947 551//947
f 554//948 372//948 371//948
f 554//949 552//949 372//949
f 555//950 370//950 369//950
f 555//951 369//951 553//951
f 556//952 371//952 370//952
f 556//953 554//953 371//953
f 556//954 370//954 555//954
f 532//955 557//955 558//955
f 534//956 532//956 558//956
f 536//957 558//957 559//957
f 536//958 534//958 558//958
f 538//959 559//959 560//959
f 538//960 560//960 561//960
f 538//961 536//961 559//961
f 540//962 538//962 561//962
f 542//963 561//963 562//963
f 542//964 540//964 561//964
f 544//965 562//965 563//965
f 544//966 542//966 562//966
f 545//967 563//967 564//967
f 545//968 544//968 563//968
f 547//969 564//969 565//969
f 547//970 565//970 566//970
f 547//971 545//971 564//971
f 550//972 566//972 567//972
f 550//973 547//973 566//973
f 551//974 550//974 567//974
f 553//975 567//975 568//975
f 553//976 551//976 567//976
f 555//977 568//977 569//977
f 555//978 569//978 570//978
f 555//979 553//979 568//979
f 556//980 555//980 570//980
f 554//981 570//981 571//981
f 554//982 556//982 570//982
f 552//983 571//983 572//983
f 552//984 554//984 571//984
f 549//985 572//985 573//985
f 549//986 573//986 574//986
f 549//987 552//987 572//987
f 548//988 549//988 574//988
f 546//989 574//989 575//989
f 546//990 575//990 576//990
f 546//991 548//991 574//991
f 543//992 546//992 576//992
f 541//993 576//993 577//993
f 541//994 543//994 576//994
f 539//995 577//995 578//995
f 539//996 541//996 577//996
f 537//997 578//997 579//997
f 537//998 539//998 578//998
f 535//999 579//999 580//999
f 535//1000 580//1000 581//1000
f 535//1001 537//1001 579//1001
f 533//1002 535//1002 581//1002
f 531//1003 581//1003 582//1003
f 531//1004 533//1004 581//1004
f 530//1005 531//1005 582//1005
f 530//1006 582//1006 583//1006
f 530//1007 583//1007 584//1007
f 528//1008 530//1008 584//1008
f 528//1009 584//1009 585//1009
f 526//1010 528//1010 585//1010
f 524//1011 526//1011 585//1011
f 524//1012 585//1012 586//1012
f 522//1013 524//1013 586//1013
f 522//1014 586//1014 587//1014
f 522//1015 587//1015 588//1015
f 520//1016 522//1016 588//1016
f 518//1017 588//1017 589//1017
f 518//1018 520//1018 588//1018
f 516//1019 589//1019 590//1019
f 516//1020 590//1020 591//1020
f 516//1021 518//1021 589//1021
f 514//1022 516//1022 591//1022
f 512//1023 591//1023 592//1023
f 512//1024 592//1024 593//1024
f 512//1025 514//1025 591//1025
f 510//1026 512//1026 593//1026
f 508//1027 593//1027 594//1027
f 508//1028 510//1028 593//1028
f 506//1029 594//1029 595//1029
f 506//1030 595//1030 596//1030
f 506//1031 508//1031 594//1031
f 504//1032 506//1032 596//1032
f 502//1033 596//1033 597//1033
f 502//1034 597//1034 598//1034
f 502//1035 504//1035 596//1035
f 500//1036 502//1036 598//1036
f 498//1037 598//1037 599//1037
f 498//1038 500//1038 598//1038
f 496//1039 599//1039 600//1039
f 496//1040 600//1040 601//1040
f 496//1041 498//1041 599//1041
f 494//1042 496//1042 601//1042
f 491//1043 601//1043 602//1043
f 491//1044 602//1044 603//1044
f 491//1045 494//1045 601//1045
f 489//1046 491//1046 603//1046
f 487//1047 603//1047 604//1047
f 487//1048 489//1048 603//1048
f 485//1049 604//1049 605//1049
f 485//1050 605//1050 606//1050
f 485//1051 487//1051 604//1051
f 483//1052 485//1052 606//1052
f 481//1053 483//1053 606//1053
f 481//1054 606//1054 607//1054
f 479//1055 481//1055 607//1055
f 479//1056 607//1056 608//1056
f 477//1057 479//1057 608//1057
f 477//1058 608//1058 609//1058
f 475//1059 477//1059 609//1059
f 475//1060 609//1060 610//1060
f 475//1061 610//1061 611//1061
f 473//1062 475//1062 611//1062
f 471//1063 473//1063 611//1063
f 471//1064 611//1064 612//1064
f 469//1065 471//1065 612//1065
f 469//1066 612//1066 613//1066
f 469//1067 613//1067 614//1067
f 467//1068 469//1068 614//1068
f 467//1069 614//1069 615//1069
f 465//1070 467//1070 615//1070
f 463//1071 465//1071 615//1071
f 463//1072 615//1072 616//1072
f 463//1073 616//1073 617//1073
f 461//1074 463//1074 617//1074
f 461//1075 617//1075 618//1075
f 459//1076 461//1076 618//1076
f 457//1077 459//1077 618//1077
f 457//1078 618//1078 619//1078
f 458//1079 457//1079 619//1079
f 458//1080 619//1080 620//1080
f 460//1081 458//1081 620//1081
f 460//1082 620//1082 621//1082
f 462//1083 460//1083 621//1083
f 462//1084 621//1084 622//1084
f 462//1085 622//1085 623//1085
f 464//1086 462//1086 623//1086
f 464//1087 623//1087 624//1087
f 466//1088 464//1088 624//1088
f 468//1089 624//1089 625//1089
f 468//1090 466//1090 624//1090
f 470//1091 625//1091 626//1091
f 470//1092 626//1092 627//1092
f 470//1093 468//1093 625//1093
f 472//1094 470//1094 627//1094
f 474//1095 627//1095 628//1095
f 474//1096 628//1096 629//1096
f 474//1097 472//1097 627//1097
f 476//1098 474//1098 629//1098
f 478//1099 629//1099 630//1099
f 478//1100 630//1100 631//1100
f 478//1101 476//1101 629//1101
f 480//1102 631//1102 632//1102
f 480//1103 478//1103 631//1103
f 482//1104 480//1104 632//1104
f 484//1105 482//1105 632//1105
f 484//1106 632//1106 633//1106
f 486//1107 484//1107 633//1107
f 486//1108 633//1108 634//1108
f 486//1109 634//1109 635//1109
f 488//1110 486//1110 635//1110
f 490//1111 488//1111 635//1111
f 490//1112 635//1112 636//1112
f 492//1113 490//1113 636//1113
f 492//1114 636//1114 637//1114
f 492//1115 637//1115 638//1115
f 493//1116 492//1116 638//1116
f 495//1117 493//1117 638//1117
f 495//1118 638//1118 639//1118
f 495//1119 639//1119 640//1119
f 497//1120 495//1120 640//1120
f 499//1121 497//1121 640//1121
f 499//1122 640//1122 641//1122
f 499//1123 641//1123 642//1123
f 501//1124 499//1124 642//1124
f 503//1125 501//1125 642//1125
f 503//1126 642//1126 643//1126
f 503//1127 643//1127 644//1127
f 505//1128 503//1128 644//1128
f 507//1129 505//1129 644//1129
f 507//1130 644//1130 645//1130
f 507//1131 645//1131 646//1131
f 509//1132 507//1132 646//1132
f 511//1133 509//1133 646//1133
f 511//1134 646//1134 647//1134
f 511//1135 647//1135 648//1135
f 513//1136 511//1136 648//1136
f 515//1137 513//1137 648//1137
f 515//1138 648//1138 649//1138
f 517//1139 515//1139 649//1139
f 517//1140 649//1140 650//1140
f 519//1141 517//1141 650//1141
f 519//1142 650//1142 651//1142
f 521//1143 519//1143 651//1143
f 521//1144 651//1144 652//1144
f 523//1145 521//1145 652//1145
f 523//1146 652//1146 653//1146
f 523//1147 653//1147 654//1147
f 525//1148 523//1148 654//1148
f 527//1149 525//1149 654//1149
f 527//1150 654//1150 655//1150
f 529//1151 655//1151 656//1151
f 529//1152 527//1152 655//1152
f 532//1153 529//1153 656//1153
f 532//1154 656//1154 557//1154
f 657//1155 645//1155 644//1155
f 658//1156 645//1156 657//1156
f 658//1157 646//1157 645//1157
f 659//1158 657//1158 644//1158
f 659//1159 643//1159 642//1159
f 659//1160 644//1160 643//1160
f 660//1161 646//1161 658//1161
f 660//1162 647//1162 646//1162
f 660//1163 648//1163 647//1163
f 661//1164 659//1164 642//1164
f 661//1165 642//1165 641//1165
f 662//1166 648//1166 660//1166
f 662//1167 649//1167 648//1167
f 663//1168 661//1168 641//1168
f 663//1169 640//1169 639//1169
f 663//1170 641//1170 640//1170
f 664//1171 649//1171 662//1171
f 664//1172 650//1172 649//1172
f 664//1173 651//1173 650//1173
f 665//1174 663//1174 639//1174
f 665//1175 639//1175 638//1175
f 666//1176 651//1176 664//1176
f 666//1177 652//1177 651//1177
f 667//1178 665//1178 638//1178
f 667//1179 638//1179 637//1179
f 668//1180 652//1180 666//1180
f 668//1181 653//1181 652//1181
f 669//1182 667//1182 637//1182
f 669//1183 636//1183 635//1183
f 669//1184 637//1184 636//1184
f 670//1185 653//1185 668//1185
f 670//1186 654//1186 653//1186
f 670//1187 655//1187 654//1187
f 671//1188 669//1188 635//1188
f 671//1189 635//1189 634//1189
f 672//1190 655//1190 670//1190
f 672//1191 656//1191 655//1191
f 673//1192 671//1192 634//1192
f 673//1193 633//1193 632//1193
f 673//1194 634//1194 633//1194
f 674//1195 558//1195 557//1195
f 674//1196 656//1196 672//1196
f 674//1197 557//1197 656//1197
f 675//1198 632//1198 631//1198
f 675//1199 673//1199 632//1199
f 676//1200 559//1200 558//1200
f 676//1201 558//1201 674//1201
f 677//1202 675//1202 631//1202
f 677//1203 631//1203 630//1203
f 678//1204 560//1204 559//1204
f 678//1205 561//1205 560//1205
f 678//1206 559//1206 676//1206
f 679//1207 677//1207 630//1207
f 679//1208 629//1208 628//1208
f 679//1209 630//1209 629//1209
f 680//1210 562//1210 561//1210
f 680//1211 561//1211 678//1211
f 681//1212 679//1212 628//1212
f 681//1213 628//1213 627//1213
f 682//1214 562//1214 680//1214
f 682//1215 563//1215 562//1215
f 683//1216 681//1216 627//1216
f 683//1217 626//1217 625//1217
f 683//1218 627//1218 626//1218
f 684//1219 564//1219 563//1219
f 684//1220 565//1220 564//1220
f 684//1221 563//1221 682//1221
f 685//1222 683//1222 625//1222
f 685//1223 625//1223 624//1223
f 686//1224 566//1224 565//1224
f 686//1225 565//1225 684//1225
f 687//1226 685//1226 624//1226
f 687//1227 623//1227 622//1227
f 687//1228 624//1228 623//1228
f 688//1229 567//1229 566//1229
f 688//1230 568//1230 567//1230
f 688//1231 566//1231 686//1231
f 689//1232 687//1232 622//1232
f 689//1233 622//1233 621//1233
f 690//1234 568//1234 688//1234
f 569//1235 568//1235 690//1235
f 691//1236 621//1236 620//1236
f 691//1237 689//1237 621//1237
f 692//1238 569//1238 690//1238
f 693//1239 691//1239 620//1239
f 619//1240 693//1240 620//1240
f 570//1241 569//1241 692//1241
f 694//1242 570//1242 692//1242
f 618//1243 695//1243 693//1243
f 618//1244 693//1244 619//1244
f 571//1245 570//1245 694//1245
f 617//1246 695//1246 618//1246
f 617//1247 696//1247 695//1247
f 572//1248 694//1248 697//1248
f 572//1249 571//1249 694//1249
f 616//1250 696//1250 617//1250
f 573//1251 697//1251 698//1251
f 573//1252 572//1252 697//1252
f 615//1253 699//1253 696//1253
f 615//1254 696//1254 616//1254
f 574//1255 573//1255 698//1255
f 614//1256 700//1256 699//1256
f 614//1257 699//1257 615//1257
f 575//1258 698//1258 701//1258
f 575//1259 574//1259 698//1259
f 613//1260 702//1260 700//1260
f 613//1261 700//1261 614//1261
f 576//1262 701//1262 703//1262
f 576//1263 575//1263 701//1263
f 612//1264 702//1264 613//1264
f 577//1265 703//1265 704//1265
f 577//1266 576//1266 703//1266
f 611//1267 702//1267 612//1267
f 611//1268 705//1268 702//1268
f 578//1269 577//1269 704//1269
f 610//1270 706//1270 705//1270
f 610//1271 705//1271 611//1271
f 579//1272 704//1272 707//1272
f 579//1273 578//1273 704//1273
f 609//1274 706//1274 610//1274
f 580//1275 707//1275 708//1275
f 580//1276 579//1276 707//1276
f 608//1277 706//1277 609//1277
f 608//1278 709//1278 706//1278
f 581//1279 580//1279 708//1279
f 607//1280 710//1280 709//1280
f 607//1281 709//1281 608//1281
f 582//1282 708//1282 711//1282
f 582//1283 581//1283 708//1283
f 606//1284 712//1284 710//1284
f 606//1285 710//1285 607//1285
f 583//1286 711//1286 713//1286
f 583//1287 582//1287 711//1287
f 605//1288 712//1288 606//1288
f 584//1289 713//1289 714//1289
f 584//1290 583//1290 713//1290
f 604//1291 715//1291 712//1291
f 604//1292 712//1292 605//1292
f 585//1293 584//1293 714//1293
f 603//1294 715//1294 604//1294
f 603//1295 716//1295 715//1295
f 586//1296 714//1296 717//1296
f 586//1297 585//1297 714//1297
f 602//1298 716//1298 603//1298
f 587//1299 717//1299 718//1299
f 587//1300 586//1300 717//1300
f 601//1301 719//1301 716//1301
f 601//1302 716//1302 602//1302
f 588//1303 587//1303 718//1303
f 600//1304 720//1304 719//1304
f 600//1305 719//1305 601//1305
f 589//1306 718//1306 721//1306
f 589//1307 588//1307 718//1307
f 599//1308 722//1308 720//1308
f 599//1309 720//1309 600//1309
f 590//1310 721//1310 723//1310
f 590//1311 589//1311 721//1311
f 598//1312 722//1312 599//1312
f 591//1313 590//1313 723//1313
f 597//1314 724//1314 722//1314
f 597//1315 722//1315 598//1315
f 592//1316 723//1316 725//1316
f 592//1317 591//1317 723//1317
f 593//1318 725//1318 726//1318
f 593//1319 592//1319 725//1319
f 596//1320 724//1320 597//1320
f 596//1321 727//1321 724//1321
f 594//1322 726//1322 727//1322
f 594//1323 593//1323 726//1323
f 595//1324 594//1324 727//1324
f 595//1325 727//1325 596//1325
f 676//1326 728//1326 729//1326
f 676//1327 674//1327 728//1327
f 678//1328 729//1328 730//1328
f 678//1329 676//1329 729//1329
f 680//1330 730//1330 731//1330
f 680//1331 678//1331 730//1331
f 682//1332 731//1332 732//1332
f 682//1333 680//1333 731//1333
f 684//1334 732//1334 733//1334
f 684//1335 682//1335 732//1335
f 686//1336 733//1336 734//1336
f 686//1337 684//1337 733//1337
f 688//1338 734//1338 735//1338
f 688//1339 686//1339 734//1339
f 690//1340 735//1340 736//1340
f 690//1341 736//1341 737//1341
f 690//1342 688//1342 735//1342
f 692//1343 690//1343 737//1343
f 694//1344 737//1344 738//1344
f 694//1345 692//1345 737//1345
f 697//1346 738//1346 739//1346
f 697//1347 694//1347 738//1347
f 698//1348 739//1348 740//1348
f 698//1349 697//1349 739//1349
f 701//1350 740//1350 741//1350
f 701//1351 698//1351 740//1351
f 703//1352 701//1352 741//1352
f 703//1353 741//1353 742//1353
f 703//1354 742//1354 743//1354
f 704//1355 703//1355 743//1355
f 707//1356 704//1356 743//1356
f 707//1357 743//1357 744//1357
f 707//1358 744//1358 745//1358
f 708//1359 707//1359 745//1359
f 711//1360 745//1360 746//1360
f 711//1361 708//1361 745//1361
f 713//1362 746//1362 747//1362
f 713//1363 711//1363 746//1363
f 714//1364 747//1364 748//1364
f 714//1365 713//1365 747//1365
f 717//1366 748//1366 749//1366
f 717//1367 749//1367 750//1367
f 717//1368 714//1368 748//1368
f 718//1369 717//1369 750//1369
f 721//1370 750//1370 751//1370
f 721//1371 718//1371 750//1371
f 723//1372 751//1372 752//1372
f 723//1373 752//1373 753//1373
f 723//1374 721//1374 751//1374
f 725//1375 723//1375 753//1375
f 726//1376 753//1376 754//1376
f 726//1377 754//1377 755//1377
f 726//1378 725//1378 753//1378
f 727//1379 755//1379 756//1379
f 727//1380 726//1380 755//1380
f 724//1381 727//1381 756//1381
f 722//1382 756//1382 757//1382
f 722//1383 724//1383 756//1383
f 720//1384 757//1384 758//1384
f 720//1385 722//1385 757//1385
f 719//1386 758//1386 759//1386
f 719//1387 720//1387 758//1387
f 716//1388 759//1388 760//1388
f 716//1389 760//1389 761//1389
f 716//1390 719//1390 759//1390
f 715//1391 716//1391 761//1391
f 712//1392 761//1392 762//1392
f 712//1393 715//1393 761//1393
f 710//1394 762//1394 763//1394
f 710//1395 763//1395 764//1395
f 710//1396 712//1396 762//1396
f 709//1397 710//1397 764//1397
f 706//1398 764//1398 765//1398
f 706//1399 709//1399 764//1399
f 705//1400 765//1400 766//1400
f 705//1401 706//1401 765//1401
f 702//1402 705//1402 766//1402
f 702//1403 766//1403 767//1403
f 700//1404 702//1404 767//1404
f 700//1405 767//1405 768//1405
f 700//1406 768//1406 769//1406
f 699//1407 700//1407 769//1407
f 696//1408 699//1408 769//1408
f 696//1409 769//1409 770//1409
f 695//1410 696//1410 770//1410
f 695//1411 770//1411 771//1411
f 695//1412 771//1412 772//1412
f 693//1413 695//1413 772//1413
f 693//1414 772//1414 773//1414
f 691//1415 693//1415 773//1415
f 689//1416 691//1416 773//1416
f 689//1417 773//1417 774//1417
f 687//1418 689//1418 774//1418
f 687//1419 774//1419 775//1419
f 687//1420 775//1420 776//1420
f 685//1421 687//1421 776//1421
f 685//1422 776//1422 777//1422
f 683//1423 685//1423 777//1423
f 681//1424 683//1424 777//1424
f 681//1425 777//1425 778//1425
f 681//1426 778//1426 779//1426
f 679//1427 681//1427 779//1427
f 677//1428 779//1428 780//1428
f 677//1429 679//1429 779//1429
f 675//1430 780//1430 781//1430
f 675//1431 781//1431 782//1431
f 675//1432 677//1432 780//1432
f 673//1433 675//1433 782//1433
f 671//1434 782//1434 783//1434
f 671//1435 673//1435 782//1435
f 669//1436 783//1436 784//1436
f 669//1437 784//1437 785//1437
f 669//1438 671//1438 783//1438
f 667//1439 785//1439 786//1439
f 667//1440 669//1440 785//1440
f 665//1441 786//1441 787//1441
f 665//1442 667//1442 786//1442
f 663//1443 665//1443 787//1443
f 661//1444 787//1444 788//1444
f 661//1445 788//1445 789//1445
f 661//1446 663//1446 787//1446
f 659//1447 661//1447 789//1447
f 657//1448 789//1448 790//1448
f 657//1449 659//1449 789//1449
f 658//1450 790//1450 791//1450
f 658//1451 657//1451 790//1451
f 660//1452 658//1452 791//1452
f 660//1453 791//1453 792//1453
f 662//1454 660//1454 792//1454
f 662//1455 792//1455 793//1455
f 662//1456 793//1456 794//1456
f 664//1457 662//1457 794//1457
f 666//1458 664//1458 794//1458
f 666//1459 794//1459 795//1459
f 666//1460 795//1460 796//1460
f 668//1461 666//1461 796//1461
f 670//1462 668//1462 796//1462
f 670//1463 796//1463 797//1463
f 670//1464 797//1464 798//1464
f 672//1465 670//1465 798//1465
f 674//1466 672//1466 798//1466
f 674//1467 798//1467 728//1467
f 103//1468 791//1468 790//1468
f 101//1469 103//1469 790//1469
f 101//1470 790//1470 789//1470
f 105//1471 791//1471 103//1471
f 105//1472 792//1472 791//1472
f 99//1473 788//1473 787//1473
f 99//1474 789//1474 788//1474
f 99//1475 101//1475 789//1475
f 108//1476 793//1476 792//1476
f 108//1477 792//1477 105//1477
f 97//1478 99//1478 787//1478
f 97//1479 787//1479 786//1479
f 109//1480 794//1480 793//1480
f 109//1481 795//1481 794//1481
f 109//1482 793//1482 108//1482
f 95//1483 786//1483 785//1483
f 95//1484 97//1484 786//1484
f 111//1485 795//1485 109//1485
f 111//1486 796//1486 795//1486
f 94//1487 785//1487 784//1487
f 94//1488 95//1488 785//1488
f 113//1489 796//1489 111//1489
f 113//1490 797//1490 796//1490
f 91//1491 783//1491 782//1491
f 91//1492 784//1492 783//1492
f 91//1493 94//1493 784//1493
f 115//1494 798//1494 797//1494
f 115//1495 797//1495 113//1495
f 89//1496 782//1496 781//1496
f 89//1497 91//1497 782//1497
f 2//1498 729//1498 728//1498
f 2//1499 798//1499 115//1499
f 2//1500 728//1500 798//1500
f 87//1501 89//1501 781//1501
f 87//1502 781//1502 780//1502
f 1//1503 730//1503 729//1503
f 1//1504 729//1504 2//1504
f 85//1505 87//1505 780//1505
f 85//1506 780//1506 779//1506
f 5//1507 731//1507 730//1507
f 5//1508 730//1508 1//1508
f 83//1509 85//1509 779//1509
f 83//1510 779//1510 778//1510
f 8//1511 732//1511 731//1511
f 8//1512 731//1512 5//1512
f 81//1513 83//1513 778//1513
f 81//1514 777//1514 776//1514
f 81//1515 778//1515 777//1515
f 9//1516 733//1516 732//1516
f 9//1517 734//1517 733//1517
f 9//1518 732//1518 8//1518
f 79//1519 81//1519 776//1519
f 79//1520 776//1520 775//1520
f 11//1521 735//1521 734//1521
f 11//1522 734//1522 9//1522
f 77//1523 79//1523 775//1523
f 77//1524 775//1524 774//1524
f 14//1525 735//1525 11//1525
f 736//1526 735//1526 14//1526
f 75//1527 774//1527 773//1527
f 75//1528 77//1528 774//1528
f 15//1529 736//1529 14//1529
f 737//1530 736//1530 15//1530
f 73//1531 75//1531 773//1531
f 772//1532 73//1532 773//1532
f 17//1533 737//1533 15//1533
f 738//1534 737//1534 17//1534
f 771//1535 71//1535 73//1535
f 771//1536 73//1536 772//1536
f 19//1537 738//1537 17//1537
f 739//1538 738//1538 19//1538
f 770//1539 69//1539 71//1539
f 770//1540 71//1540 771//1540
f 740//1541 739//1541 19//1541
f 740//1542 19//1542 21//1542
f 769//1543 67//1543 69//1543
f 769//1544 69//1544 770//1544
f 741//1545 21//1545 23//1545
f 741//1546 740//1546 21//1546
f 768//1547 65//1547 67//1547
f 768//1548 67//1548 769//1548
f 742//1549 23//1549 25//1549
f 742//1550 741//1550 23//1550
f 767//1551 63//1551 65//1551
f 767//1552 65//1552 768//1552
f 743//1553 742//1553 25//1553
f 743//1554 25//1554 27//1554
f 766//1555 63//1555 767//1555
f 744//1556 743//1556 27//1556
f 765//1557 61//1557 63//1557
f 765//1558 63//1558 766//1558
f 745//1559 744//1559 27//1559
f 745//1560 27//1560 29//1560
f 764//1561 59//1561 61//1561
f 764//1562 61//1562 765//1562
f 746//1563 745//1563 29//1563
f 746//1564 29//1564 32//1564
f 763//1565 59//1565 764//1565
f 763//1566 58//1566 59//1566
f 747//1567 746//1567 32//1567
f 747//1568 32//1568 34//1568
f 762//1569 58//1569 763//1569
f 762//1570 55//1570 58//1570
f 748//1571 747//1571 34//1571
f 748//1572 34//1572 35//1572
f 761//1573 55//1573 762//1573
f 749//1574 748//1574 35//1574
f 749//1575 35//1575 37//1575
f 760//1576 55//1576 761//1576
f 760//1577 53//1577 55//1577
f 750//1578 749//1578 37//1578
f 759//1579 53//1579 760//1579
f 759//1580 51//1580 53//1580
f 751//1581 750//1581 37//1581
f 751//1582 37//1582 39//1582
f 758//1583 51//1583 759//1583
f 758//1584 50//1584 51//1584
f 752//1585 751//1585 39//1585
f 752//1586 39//1586 41//1586
f 757//1587 50//1587 758//1587
f 757//1588 47//1588 50//1588
f 753//1589 752//1589 41//1589
f 753//1590 41//1590 43//1590
f 756//1591 47//1591 757//1591
f 756//1592 46//1592 47//1592
f 754//1593 753//1593 43//1593
f 754//1594 43//1594 46//1594
f 755//1595 46//1595 756//1595
f 755//1596 754//1596 46//1596
