# Created by FreeCAD <https://www.freecad.org>
v 0.000000 26.472237 3.214311
v 0.000000 26.666666 0.000000
v 150.000000 26.666666 0.000000
v 150.000000 26.472237 3.214311
v 0.000000 25.891781 6.381751
v 150.000000 25.891781 6.381751
v 0.000000 24.933767 9.456130
v 150.000000 24.933767 9.456130
v 0.000000 23.612162 12.392618
v 150.000000 23.612162 12.392618
v 0.000000 21.946236 15.148394
v 150.000000 21.946236 15.148394
v 0.000000 19.960287 17.683271
v 150.000000 19.960287 17.683271
v 0.000000 17.683271 19.960287
v 150.000000 17.683271 19.960287
v 0.000000 15.148394 21.946236
v 150.000000 15.148394 21.946236
v 0.000000 12.392618 23.612162
v 150.000000 12.392618 23.612162
v 0.000000 9.456130 24.933767
v 150.000000 9.456130 24.933767
v 0.000000 6.381751 25.891781
v 150.000000 6.381751 25.891781
v 150.000000 3.214311 26.472237
v 0.000000 3.214311 26.472237
v 0.000000 0.000000 26.666666
v 150.000000 0.000000 26.666666
v 0.000000 -3.214311 26.472237
v 150.000000 -3.214311 26.472237
v 150.000000 -6.381751 25.891781
v 0.000000 -6.381751 25.891781
v 0.000000 -9.456130 24.933767
v 150.000000 -9.456130 24.933767
v 150.000000 -12.392618 23.612162
v 0.000000 -12.392618 23.612162
v 0.000000 -15.148394 21.946236
v 150.000000 -15.148394 21.946236
v 0.000000 -17.683271 19.960287
v 150.000000 -17.683271 19.960287
v 0.000000 -19.960287 17.683271
v 150.000000 -19.960287 17.683271
v 0.000000 -21.946236 15.148394
v 150.000000 -21.946236 15.148394
v 150.000000 -23.612162 12.392618
v 0.000000 -23.612162 12.392618
v 150.000000 -24.933767 9.456130
v 0.000000 -24.933767 9.456130
v 150.000000 -25.891781 6.381751
v 0.000000 -25.891781 6.381751
v 150.000000 -26.472237 3.214311
v 0.000000 -26.472237 3.214311
v 0.000000 -26.666666 0.000000
v 150.000000 -26.666666 0.000000
v 150.000000 -26.472237 -3.214311
v 0.000000 -26.472237 -3.214311
v 0.000000 -25.891781 -6.381751
v 150.000000 -25.891781 -6.381751
v 150.000000 -24.933767 -9.456130
v 0.000000 -24.933767 -9.456130
v 150.000000 -23.612162 -12.392618
v 0.000000 -23.612162 -12.392618
v 150.000000 -21.946236 -15.148394
v 0.000000 -21.946236 -15.148394
v 0.000000 -19.960287 -17.683271
v 150.000000 -19.960287 -17.683271
v 0.000000 -17.683271 -19.960287
v 150.000000 -17.683271 -19.960287
v 0.000000 -15.148394 -21.946236
v 150.000000 -15.148394 -21.946236
v 0.000000 -12.392618 -23.612162
v 150.000000 -12.392618 -23.612162
v 0.000000 -9.456130 -24.933767
v 150.000000 -9.456130 -24.933767
v 0.000000 -6.381751 -25.891781
v 150.000000 -6.381751 -25.891781
v 150.000000 -3.214311 -26.472237
v 0.000000 -3.214311 -26.472237
v 0.000000 -0.000000 -26.666666
v 150.000000 -0.000000 -26.666666
v 0.000000 3.214311 -26.472237
v 150.000000 3.214311 -26.472237
v 150.000000 6.381751 -25.891781
v 0.000000 6.381751 -25.891781
v 0.000000 9.456130 -24.933767
v 150.000000 9.456130 -24.933767
v 0.000000 12.392618 -23.612162
v 150.000000 12.392618 -23.612162
v 150.000000 15.148394 -21.946236
v 0.000000 15.148394 -21.946236
v 0.000000 17.683271 -19.960287
v 150.000000 17.683271 -19.960287
v 0.000000 19.960287 -17.683271
v 150.000000 19.960287 -17.683271
v 0.000000 21.946236 -15.148394
v 150.000000 21.946236 -15.148394
v 0.000000 23.612162 -12.392618
v 150.000000 23.612162 -12.392618
v 0.000000 24.933767 -9.456130
v 150.000000 24.933767 -9.456130
v 0.000000 25.891781 -6.381751
v 150.000000 25.891781 -6.381751
v 0.000000 26.472237 -3.214311
v 150.000000 26.472237 -3.214311
v 150.000000 -28.991379 -28.991379
v 150.000000 -26.010124 -31.693428
v 150.000000 -31.693428 -26.010124
v 150.000000 -22.778379 -34.090256
v 150.000000 -34.090256 -22.778379
v 150.000000 -19.327267 -36.158772
v 150.000000 -15.690021 -37.879063
v 150.000000 -37.879063 -15.690021
v 150.000000 -36.158772 -19.327267
v 150.000000 -11.901671 -39.234554
v 150.000000 -39.234554 -11.901671
v 150.000000 -7.998703 -40.212196
v 150.000000 -40.212196 -7.998703
v 150.000000 -4.018703 -40.802574
v 150.000000 -40.802574 -4.018703
v 150.000000 0.000000 -41.000000
v 150.000000 4.018703 -40.802574
v 150.000000 -40.802574 4.018703
v 150.000000 -41.000000 -0.000000
v 150.000000 7.998703 -40.212196
v 150.000000 -40.212196 7.998703
v 150.000000 11.901671 -39.234554
v 150.000000 -39.234554 11.901671
v 150.000000 15.690021 -37.879063
v 150.000000 -37.879063 15.690021
v 150.000000 19.327267 -36.158772
v 150.000000 22.778379 -34.090256
v 150.000000 -34.090256 22.778379
v 150.000000 -36.158772 19.327267
v 150.000000 26.010124 -31.693428
v 150.000000 -31.693428 26.010124
v 150.000000 28.991379 -28.991379
v 150.000000 -28.991379 28.991379
v 150.000000 31.693428 -26.010124
v 150.000000 -26.010124 31.693428
v 150.000000 34.090256 -22.778379
v 150.000000 -22.778379 34.090256
v 150.000000 36.158772 -19.327267
v 150.000000 -19.327267 36.158772
v 150.000000 37.879063 -15.690021
v 150.000000 -15.690021 37.879063
v 150.000000 39.234554 -11.901671
v 150.000000 -11.901671 39.234554
v 150.000000 40.212196 -7.998703
v 150.000000 -7.998703 40.212196
v 150.000000 40.802574 -4.018703
v 150.000000 -4.018703 40.802574
v 150.000000 -0.000000 41.000000
v 150.000000 41.000000 0.000000
v 150.000000 4.018703 40.802574
v 150.000000 40.802574 4.018703
v 150.000000 40.212196 7.998703
v 150.000000 7.998703 40.212196
v 150.000000 39.234554 11.901671
v 150.000000 11.901671 39.234554
v 150.000000 37.879063 15.690021
v 150.000000 15.690021 37.879063
v 150.000000 36.158772 19.327267
v 150.000000 19.327267 36.158772
v 150.000000 22.778379 34.090256
v 150.000000 34.090256 22.778379
v 150.000000 26.010124 31.693428
v 150.000000 31.693428 26.010124
v 150.000000 28.991379 28.991379
v 100.000000 41.000000 0.000000
v 100.000000 40.802574 4.018703
v 100.000000 40.212196 7.998703
v 100.000000 39.234554 11.901671
v 100.000000 37.879063 15.690021
v 100.000000 36.158772 19.327267
v 100.000000 34.090256 22.778379
v 100.000000 31.693428 26.010124
v 100.000000 28.991379 28.991379
v 100.000000 26.010124 31.693428
v 100.000000 22.778379 34.090256
v 100.000000 19.327267 36.158772
v 100.000000 15.690021 37.879063
v 100.000000 11.901671 39.234554
v 100.000000 7.998703 40.212196
v 100.000000 4.018703 40.802574
v 100.000000 -0.000000 41.000000
v 100.000000 -4.018703 40.802574
v 100.000000 -7.998703 40.212196
v 100.000000 -11.901671 39.234554
v 100.000000 -15.690021 37.879063
v 100.000000 -19.327267 36.158772
v 100.000000 -22.778379 34.090256
v 100.000000 -26.010124 31.693428
v 100.000000 -28.991379 28.991379
v 100.000000 -31.693428 26.010124
v 100.000000 -34.090256 22.778379
v 100.000000 -36.158772 19.327267
v 100.000000 -37.879063 15.690021
v 100.000000 -39.234554 11.901671
v 100.000000 -40.212196 7.998703
v 100.000000 -40.802574 4.018703
v 100.000000 -41.000000 -0.000000
v 100.000000 -40.802574 -4.018703
v 100.000000 -40.212196 -7.998703
v 100.000000 -39.234554 -11.901671
v 100.000000 -37.879063 -15.690021
v 100.000000 -36.158772 -19.327267
v 100.000000 -34.090256 -22.778379
v 100.000000 -31.693428 -26.010124
v 100.000000 -28.991379 -28.991379
v 100.000000 -26.010124 -31.693428
v 100.000000 -22.778379 -34.090256
v 100.000000 -19.327267 -36.158772
v 100.000000 -15.690021 -37.879063
v 100.000000 -11.901671 -39.234554
v 100.000000 -7.998703 -40.212196
v 100.000000 -4.018703 -40.802574
v 100.000000 0.000000 -41.000000
v 100.000000 4.018703 -40.802574
v 100.000000 7.998703 -40.212196
v 100.000000 11.901671 -39.234554
v 100.000000 15.690021 -37.879063
v 100.000000 19.327267 -36.158772
v 100.000000 22.778379 -34.090256
v 100.000000 26.010124 -31.693428
v 100.000000 28.991379 -28.991379
v 100.000000 31.693428 -26.010124
v 100.000000 34.090256 -22.778379
v 100.000000 36.158772 -19.327267
v 100.000000 37.879063 -15.690021
v 100.000000 39.234554 -11.901671
v 100.000000 40.212196 -7.998703
v 100.000000 40.802574 -4.018703
v 100.000000 -58.948467 -51.079136
v 100.000000 -55.154327 -55.154327
v 100.000000 -51.079136 -58.948467
v 100.000000 -62.442215 -46.743656
v 100.000000 -46.743656 -62.442215
v 100.000000 -65.617775 -42.169983
v 100.000000 -42.169983 -65.617775
v 100.000000 -70.951294 -32.402370
v 100.000000 -68.458961 -37.381420
v 100.000000 -37.381420 -68.458961
v 100.000000 -32.402370 -70.951294
v 100.000000 -73.082077 -27.258205
v 100.000000 -27.258205 -73.082077
v 100.000000 -76.217453 -16.580093
v 100.000000 -74.840454 -21.975140
v 100.000000 -21.975140 -74.840454
v 100.000000 -16.580093 -76.217453
v 100.000000 -77.206070 -11.100557
v 100.000000 -11.100557 -77.206070
v 100.000000 -77.801262 -5.564456
v 100.000000 -5.564456 -77.801262
v 100.000000 -77.801262 5.564456
v 100.000000 -78.000000 0.000000
v 100.000000 0.000000 -78.000000
v 100.000000 5.564456 -77.801262
v 100.000000 -77.206070 11.100557
v 100.000000 11.100557 -77.206070
v 100.000000 -76.217453 16.580093
v 100.000000 16.580093 -76.217453
v 100.000000 -73.082077 27.258205
v 100.000000 -74.840454 21.975140
v 100.000000 21.975140 -74.840454
v 100.000000 27.258205 -73.082077
v 100.000000 -70.951294 32.402370
v 100.000000 32.402370 -70.951294
v 100.000000 37.381420 -68.458961
v 100.000000 42.169983 -65.617775
v 100.000000 -65.617775 42.169983
v 100.000000 -68.458961 37.381420
v 100.000000 46.743656 -62.442215
v 100.000000 -62.442215 46.743656
v 100.000000 51.079136 -58.948467
v 100.000000 -58.948467 51.079136
v 100.000000 -55.154327 55.154327
v 100.000000 55.154327 -55.154327
v 100.000000 -51.079136 58.948467
v 100.000000 58.948467 -51.079136
v 100.000000 -46.743656 62.442215
v 100.000000 62.442215 -46.743656
v 100.000000 -42.169983 65.617775
v 100.000000 65.617775 -42.169983
v 100.000000 -37.381420 68.458961
v 100.000000 68.458961 -37.381420
v 100.000000 -32.402370 70.951294
v 100.000000 70.951294 -32.402370
v 100.000000 -27.258205 73.082077
v 100.000000 73.082077 -27.258205
v 100.000000 -21.975140 74.840454
v 100.000000 74.840454 -21.975140
v 100.000000 -16.580093 76.217453
v 100.000000 76.217453 -16.580093
v 100.000000 -11.100557 77.206070
v 100.000000 77.206070 -11.100557
v 100.000000 -5.564456 77.801262
v 100.000000 77.801262 -5.564456
v 100.000000 78.000000 0.000000
v 100.000000 0.000000 78.000000
v 100.000000 77.801262 5.564456
v 100.000000 5.564456 77.801262
v 100.000000 77.206070 11.100557
v 100.000000 11.100557 77.206070
v 100.000000 76.217453 16.580093
v 100.000000 16.580093 76.217453
v 100.000000 74.840454 21.975140
v 100.000000 21.975140 74.840454
v 100.000000 27.258205 73.082077
v 100.000000 73.082077 27.258205
v 100.000000 32.402370 70.951294
v 100.000000 70.951294 32.402370
v 100.000000 68.458961 37.381420
v 100.000000 37.381420 68.458961
v 100.000000 65.617775 42.169983
v 100.000000 42.169983 65.617775
v 100.000000 62.442215 46.743656
v 100.000000 46.743656 62.442215
v 100.000000 58.948467 51.079136
v 100.000000 51.079136 58.948467
v 100.000000 55.154327 55.154327
v 45.000000 78.000000 0.000000
v 45.000000 77.801262 5.564456
v 45.000000 77.206070 11.100557
v 45.000000 76.217453 16.580093
v 45.000000 74.840454 21.975140
v 45.000000 73.082077 27.258205
v 45.000000 70.951294 32.402370
v 45.000000 68.458961 37.381420
v 45.000000 65.617775 42.169983
v 45.000000 62.442215 46.743656
v 45.000000 58.948467 51.079136
v 45.000000 55.154327 55.154327
v 45.000000 51.079136 58.948467
v 45.000000 46.743656 62.442215
v 45.000000 42.169983 65.617775
v 45.000000 37.381420 68.458961
v 45.000000 32.402370 70.951294
v 45.000000 27.258205 73.082077
v 45.000000 21.975140 74.840454
v 45.000000 16.580093 76.217453
v 45.000000 11.100557 77.206070
v 45.000000 5.564456 77.801262
v 45.000000 0.000000 78.000000
v 45.000000 -5.564456 77.801262
v 45.000000 -11.100557 77.206070
v 45.000000 -16.580093 76.217453
v 45.000000 -21.975140 74.840454
v 45.000000 -27.258205 73.082077
v 45.000000 -32.402370 70.951294
v 45.000000 -37.381420 68.458961
v 45.000000 -42.169983 65.617775
v 45.000000 -46.743656 62.442215
v 45.000000 -51.079136 58.948467
v 45.000000 -55.154327 55.154327
v 45.000000 -58.948467 51.079136
v 45.000000 -62.442215 46.743656
v 45.000000 -65.617775 42.169983
v 45.000000 -68.458961 37.381420
v 45.000000 -70.951294 32.402370
v 45.000000 -73.082077 27.258205
v 45.000000 -74.840454 21.975140
v 45.000000 -76.217453 16.580093
v 45.000000 -77.206070 11.100557
v 45.000000 -77.801262 5.564456
v 45.000000 -78.000000 0.000000
v 45.000000 -77.801262 -5.564456
v 45.000000 -77.206070 -11.100557
v 45.000000 -76.217453 -16.580093
v 45.000000 -74.840454 -21.975140
v 45.000000 -73.082077 -27.258205
v 45.000000 -70.951294 -32.402370
v 45.000000 -68.458961 -37.381420
v 45.000000 -65.617775 -42.169983
v 45.000000 -62.442215 -46.743656
v 45.000000 -58.948467 -51.079136
v 45.000000 -55.154327 -55.154327
v 45.000000 -51.079136 -58.948467
v 45.000000 -46.743656 -62.442215
v 45.000000 -42.169983 -65.617775
v 45.000000 -37.381420 -68.458961
v 45.000000 -32.402370 -70.951294
v 45.000000 -27.258205 -73.082077
v 45.000000 -21.975140 -74.840454
v 45.000000 -16.580093 -76.217453
v 45.000000 -11.100557 -77.206070
v 45.000000 -5.564456 -77.801262
v 45.000000 0.000000 -78.000000
v 45.000000 5.564456 -77.801262
v 45.000000 11.100557 -77.206070
v 45.000000 16.580093 -76.217453
v 45.000000 21.975140 -74.840454
v 45.000000 27.258205 -73.082077
v 45.000000 32.402370 -70.951294
v 45.000000 37.381420 -68.458961
v 45.000000 42.169983 -65.617775
v 45.000000 46.743656 -62.442215
v 45.000000 51.079136 -58.948467
v 45.000000 55.154327 -55.154327
v 45.000000 58.948467 -51.079136
v 45.000000 62.442215 -46.743656
v 45.000000 65.617775 -42.169983
v 45.000000 68.458961 -37.381420
v 45.000000 70.951294 -32.402370
v 45.000000 73.082077 -27.258205
v 45.000000 74.840454 -21.975140
v 45.000000 76.217453 -16.580093
v 45.000000 77.206070 -11.100557
v 45.000000 77.801262 -5.564456
v 45.000000 -59.008678 -54.018295
v 45.000000 -55.051292 -58.046146
v 45.000000 -50.819649 -61.784817
v 45.000000 -62.672081 -49.721325
v 45.000000 -46.334820 -65.215675
v 45.000000 -66.023254 -45.176647
v 45.000000 -41.619156 -68.321632
v 45.000000 -69.045509 -40.406902
v 45.000000 -36.696148 -71.087219
v 45.000000 -71.723778 -35.435848
v 45.000000 -31.590319 -73.498650
v 45.000000 -74.044724 -30.288260
v 45.000000 -26.327110 -75.543915
v 45.000000 -75.996780 -24.989775
v 45.000000 -20.932741 -77.212822
v 45.000000 -77.570229 -19.566792
v 45.000000 -15.434085 -78.497063
v 45.000000 -78.757225 -14.046328
v 45.000000 -9.858539 -79.390236
v 45.000000 -79.551857 -8.455886
v 45.000000 -4.233876 -79.887886
v 45.000000 -79.950165 -2.823317
v 45.000000 1.411878 -79.987541
v 45.000000 -79.950165 2.823317
v 45.000000 7.050599 -79.688698
v 45.000000 -79.551857 8.455886
v 45.000000 12.654195 -78.992859
v 45.000000 -78.757225 14.046328
v 45.000000 18.194748 -77.903473
v 45.000000 -77.570229 19.566792
v 45.000000 23.644655 -76.425980
v 45.000000 -75.996780 24.989775
v 45.000000 28.976765 -74.567734
v 45.000000 -74.044724 30.288260
v 45.000000 34.164516 -72.337997
v 45.000000 -71.723778 35.435848
v 45.000000 39.182060 -69.747879
v 45.000000 -69.045509 40.406902
v 45.000000 44.004402 -66.810272
v 45.000000 -66.023254 45.176647
v 45.000000 48.607513 -63.539825
v 45.000000 -62.672081 49.721325
v 45.000000 52.968468 -59.952827
v 45.000000 -59.008678 54.018295
v 45.000000 57.065533 -56.067146
v 45.000000 -55.051292 58.046146
v 45.000000 60.878304 -51.902142
v 45.000000 -50.819649 61.784817
v 45.000000 64.387779 -47.478561
v 45.000000 -46.334820 65.215675
v 45.000000 67.576477 -42.818447
v 45.000000 -41.619156 68.321632
v 45.000000 70.428520 -37.945011
v 45.000000 -36.696148 71.087219
v 45.000000 72.929680 -32.882538
v 45.000000 -31.590319 73.498650
v 45.000000 75.067520 -27.656244
v 45.000000 -26.327110 75.543915
v 45.000000 76.831367 -22.292170
v 45.000000 -20.932741 77.212822
v 45.000000 78.212448 -16.817036
v 45.000000 -15.434085 78.497063
v 45.000000 79.203880 -11.258120
v 45.000000 -9.858539 79.390236
v 45.000000 79.800720 -5.643117
v 45.000000 -4.233876 79.887886
v 45.000000 80.000000 0.000000
v 45.000000 1.411878 79.987541
v 45.000000 79.800720 5.643117
v 45.000000 7.050599 79.688698
v 45.000000 79.203880 11.258120
v 45.000000 12.654195 78.992859
v 45.000000 78.212448 16.817036
v 45.000000 18.194748 77.903473
v 45.000000 76.831367 22.292170
v 45.000000 23.644655 76.425980
v 45.000000 75.067520 27.656244
v 45.000000 28.976765 74.567734
v 45.000000 72.929680 32.882538
v 45.000000 34.164516 72.337997
v 45.000000 70.428520 37.945011
v 45.000000 39.182060 69.747879
v 45.000000 67.576477 42.818447
v 45.000000 44.004402 66.810272
v 45.000000 64.387779 47.478561
v 45.000000 48.607513 63.539825
v 45.000000 60.878304 51.902142
v 45.000000 52.968468 59.952827
v 45.000000 57.065533 56.067146
v 25.000000 80.000000 0.000000
v 25.000000 79.800720 5.643117
v 25.000000 79.203880 11.258120
v 25.000000 78.212448 16.817036
v 25.000000 76.831367 22.292170
v 25.000000 75.067520 27.656244
v 25.000000 72.929680 32.882538
v 25.000000 70.428520 37.945011
v 25.000000 67.576477 42.818447
v 25.000000 64.387779 47.478561
v 25.000000 60.878304 51.902142
v 25.000000 57.065533 56.067146
v 25.000000 52.968468 59.952827
v 25.000000 48.607513 63.539825
v 25.000000 44.004402 66.810272
v 25.000000 39.182060 69.747879
v 25.000000 34.164516 72.337997
v 25.000000 28.976765 74.567734
v 25.000000 23.644655 76.425980
v 25.000000 18.194748 77.903473
v 25.000000 12.654195 78.992859
v 25.000000 7.050599 79.688698
v 25.000000 1.411878 79.987541
v 25.000000 -4.233876 79.887886
v 25.000000 -9.858539 79.390236
v 25.000000 -15.434085 78.497063
v 25.000000 -20.932741 77.212822
v 25.000000 -26.327110 75.543915
v 25.000000 -31.590319 73.498650
v 25.000000 -36.696148 71.087219
v 25.000000 -41.619156 68.321632
v 25.000000 -46.334820 65.215675
v 25.000000 -50.819649 61.784817
v 25.000000 -55.051292 58.046146
v 25.000000 -59.008678 54.018295
v 25.000000 -62.672081 49.721325
v 25.000000 -66.023254 45.176647
v 25.000000 -69.045509 40.406902
v 25.000000 -71.723778 35.435848
v 25.000000 -74.044724 30.288260
v 25.000000 -75.996780 24.989775
v 25.000000 -77.570229 19.566792
v 25.000000 -78.757225 14.046328
v 25.000000 -79.551857 8.455886
v 25.000000 -79.950165 2.823317
v 25.000000 -79.950165 -2.823317
v 25.000000 -79.551857 -8.455886
v 25.000000 -78.757225 -14.046328
v 25.000000 -77.570229 -19.566792
v 25.000000 -75.996780 -24.989775
v 25.000000 -74.044724 -30.288260
v 25.000000 -71.723778 -35.435848
v 25.000000 -69.045509 -40.406902
v 25.000000 -66.023254 -45.176647
v 25.000000 -62.672081 -49.721325
v 25.000000 -59.008678 -54.018295
v 25.000000 -55.051292 -58.046146
v 25.000000 -50.819649 -61.784817
v 25.000000 -46.334820 -65.215675
v 25.000000 -41.619156 -68.321632
v 25.000000 -36.696148 -71.087219
v 25.000000 -31.590319 -73.498650
v 25.000000 -26.327110 -75.543915
v 25.000000 -20.932741 -77.212822
v 25.000000 -15.434085 -78.497063
v 25.000000 -9.858539 -79.390236
v 25.000000 -4.233876 -79.887886
v 25.000000 1.411878 -79.987541
v 25.000000 7.050599 -79.688698
v 25.000000 12.654195 -78.992859
v 25.000000 18.194748 -77.903473
v 25.000000 23.644655 -76.425980
v 25.000000 28.976765 -74.567734
v 25.000000 34.164516 -72.337997
v 25.000000 39.182060 -69.747879
v 25.000000 44.004402 -66.810272
v 25.000000 48.607513 -63.539825
v 25.000000 52.968468 -59.952827
v 25.000000 57.065533 -56.067146
v 25.000000 60.878304 -51.902142
v 25.000000 64.387779 -47.478561
v 25.000000 67.576477 -42.818447
v 25.000000 70.428520 -37.945011
v 25.000000 72.929680 -32.882538
v 25.000000 75.067520 -27.656244
v 25.000000 76.831367 -22.292170
v 25.000000 78.212448 -16.817036
v 25.000000 79.203880 -11.258120
v 25.000000 79.800720 -5.643117
v 25.000000 27.929472 -28.634674
v 25.000000 30.641777 -25.711504
v 25.000000 24.939592 -31.273260
v 25.000000 33.049549 -22.532803
v 25.000000 21.701851 -33.601036
v 25.000000 35.128864 -19.130159
v 25.000000 18.248426 -35.594872
v 25.000000 36.859047 -15.537392
v 25.000000 14.613641 -37.234951
v 25.000000 38.222912 -11.790207
v 25.000000 10.833619 -38.504971
v 25.000000 39.206898 -7.925846
v 25.000000 6.945927 -39.392311
v 25.000000 39.801231 -3.982714
v 25.000000 2.989204 -39.888153
v 25.000000 40.000000 0.000000
v 25.000000 -0.997228 -39.987568
v 25.000000 39.801231 3.982714
v 25.000000 -4.973748 -39.689568
v 25.000000 39.206898 7.925846
v 25.000000 -8.900837 -38.997116
v 25.000000 38.222912 11.790207
v 25.000000 -12.739466 -37.917095
v 25.000000 36.859047 15.537392
v 25.000000 -16.451485 -36.460236
v 25.000000 35.128864 19.130159
v 25.000000 -20.000000 -34.641018
v 25.000000 33.049549 22.532803
v 25.000000 -23.349747 -32.477520
v 25.000000 30.641777 25.711504
v 25.000000 -26.467434 -29.991247
v 25.000000 27.929472 28.634674
v 25.000000 -29.322075 -27.206909
v 25.000000 24.939592 31.273260
v 25.000000 -31.885300 -24.152176
v 25.000000 21.701851 33.601036
v 25.000000 -34.131634 -20.857409
v 25.000000 -36.038754 -17.355350
v 25.000000 18.248426 35.594872
v 25.000000 14.613641 37.234951
v 25.000000 -37.587704 -13.680806
v 25.000000 -38.763092 -9.870296
v 25.000000 10.833619 38.504971
v 25.000000 6.945927 39.392311
v 25.000000 -39.553234 -5.961690
v 25.000000 2.989204 39.888153
v 25.000000 -39.950275 -1.993835
v 25.000000 -0.997228 39.987568
v 25.000000 -39.950275 1.993835
v 25.000000 -4.973748 39.689568
v 25.000000 -39.553234 5.961690
v 25.000000 -38.763092 9.870296
v 25.000000 -8.900837 38.997116
v 25.000000 -12.739466 37.917095
v 25.000000 -37.587704 13.680806
v 25.000000 -36.038754 17.355350
v 25.000000 -16.451485 36.460236
v 25.000000 -20.000000 34.641018
v 25.000000 -34.131634 20.857409
v 25.000000 -23.349747 32.477520
v 25.000000 -31.885300 24.152176
v 25.000000 -29.322075 27.206909
v 25.000000 -26.467434 29.991247
v 0.000000 40.000000 0.000000
v 0.000000 39.801231 3.982714
v 0.000000 39.206898 7.925846
v 0.000000 38.222912 11.790207
v 0.000000 36.859047 15.537392
v 0.000000 35.128864 19.130159
v 0.000000 33.049549 22.532803
v 0.000000 30.641777 25.711504
v 0.000000 27.929472 28.634674
v 0.000000 24.939592 31.273260
v 0.000000 21.701851 33.601036
v 0.000000 18.248426 35.594872
v 0.000000 14.613641 37.234951
v 0.000000 10.833619 38.504971
v 0.000000 6.945927 39.392311
v 0.000000 2.989204 39.888153
v 0.000000 -0.997228 39.987568
v 0.000000 -4.973748 39.689568
v 0.000000 -8.900837 38.997116
v 0.000000 -12.739466 37.917095
v 0.000000 -16.451485 36.460236
v 0.000000 -20.000000 34.641018
v 0.000000 -23.349747 32.477520
v 0.000000 -26.467434 29.991247
v 0.000000 -29.322075 27.206909
v 0.000000 -31.885300 24.152176
v 0.000000 -34.131634 20.857409
v 0.000000 -36.038754 17.355350
v 0.000000 -37.587704 13.680806
v 0.000000 -38.763092 9.870296
v 0.000000 -39.553234 5.961690
v 0.000000 -39.950275 1.993835
v 0.000000 -39.950275 -1.993835
v 0.000000 -39.553234 -5.961690
v 0.000000 -38.763092 -9.870296
v 0.000000 -37.587704 -13.680806
v 0.000000 -36.038754 -17.355350
v 0.000000 -34.131634 -20.857409
v 0.000000 -31.885300 -24.152176
v 0.000000 -29.322075 -27.206909
v 0.000000 -26.467434 -29.991247
v 0.000000 -23.349747 -32.477520
v 0.000000 -20.000000 -34.641018
v 0.000000 -16.451485 -36.460236
v 0.000000 -12.739466 -37.917095
v 0.000000 -8.900837 -38.997116
v 0.000000 -4.973748 -39.689568
v 0.000000 -0.997228 -39.987568
v 0.000000 2.989204 -39.888153
v 0.000000 6.945927 -39.392311
v 0.000000 10.833619 -38.504971
v 0.000000 14.613641 -37.234951
v 0.000000 18.248426 -35.594872
v 0.000000 21.701851 -33.601036
v 0.000000 24.939592 -31.273260
v 0.000000 27.929472 -28.634674
v 0.000000 30.641777 -25.711504
v 0.000000 33.049549 -22.532803
v 0.000000 35.128864 -19.130159
v 0.000000 36.859047 -15.537392
v 0.000000 38.222912 -11.790207
v 0.000000 39.206898 -7.925846
v 0.000000 39.801231 -3.982714
vn 0.000000 -0.998176 -0.060378
vn 0.000000 -0.998176 -0.060378
vn 0.000000 -0.983620 -0.180255
vn 0.000000 -0.983620 -0.180255
vn 0.000000 -0.954721 -0.297503
vn 0.000000 -0.954721 -0.297503
vn 0.000000 -0.911900 -0.410413
vn 0.000000 -0.911900 -0.410413
vn 0.000000 -0.855781 -0.517338
vn 0.000000 -0.855781 -0.517338
vn 0.000000 -0.787184 -0.616719
vn 0.000000 -0.787184 -0.616719
vn 0.000000 -0.707107 -0.707107
vn 0.000000 -0.707107 -0.707107
vn 0.000000 -0.616719 -0.787184
vn 0.000000 -0.616719 -0.787184
vn 0.000000 -0.517338 -0.855781
vn 0.000000 -0.517338 -0.855781
vn 0.000000 -0.410413 -0.911900
vn 0.000000 -0.410413 -0.911900
vn 0.000000 -0.297503 -0.954721
vn 0.000000 -0.297503 -0.954721
vn 0.000000 -0.180255 -0.983620
vn 0.000000 -0.180255 -0.983620
vn 0.000000 -0.060378 -0.998176
vn 0.000000 -0.060378 -0.998176
vn 0.000000 0.060378 -0.998176
vn 0.000000 0.060378 -0.998176
vn 0.000000 0.180255 -0.983620
vn 0.000000 0.180255 -0.983620
vn 0.000000 0.297503 -0.954721
vn 0.000000 0.410413 -0.911900
vn 0.000000 0.297503 -0.954721
vn 0.000000 0.410413 -0.911900
vn 0.000000 0.517338 -0.855781
vn 0.000000 0.517338 -0.855781
vn 0.000000 0.616719 -0.787184
vn 0.000000 0.616719 -0.787184
vn 0.000000 0.707107 -0.707107
vn 0.000000 0.707107 -0.707107
vn 0.000000 0.787184 -0.616719
vn 0.000000 0.855781 -0.517338
vn 0.000000 0.787184 -0.616719
vn 0.000000 0.911900 -0.410413
vn 0.000000 0.855781 -0.517338
vn 0.000000 0.911900 -0.410413
vn 0.000000 0.954721 -0.297503
vn 0.000000 0.954721 -0.297503
vn 0.000000 0.983620 -0.180255
vn 0.000000 0.983620 -0.180255
vn 0.000000 0.998176 -0.060378
vn 0.000000 0.998176 -0.060378
vn -0.000000 0.998176 0.060378
vn -0.000000 0.998176 0.060378
vn 0.000000 0.983620 0.180255
vn -0.000000 0.983620 0.180255
vn -0.000000 0.954721 0.297503
vn -0.000000 0.954721 0.297503
vn -0.000000 0.911900 0.410413
vn -0.000000 0.911900 0.410413
vn -0.000000 0.855781 0.517338
vn -0.000000 0.855781 0.517338
vn 0.000000 0.787184 0.616719
vn -0.000000 0.787184 0.616719
vn 0.000000 0.707107 0.707107
vn -0.000000 0.707107 0.707107
vn 0.000000 0.616719 0.787184
vn -0.000000 0.616719 0.787184
vn 0.000000 0.517338 0.855781
vn -0.000000 0.517338 0.855781
vn 0.000000 0.410413 0.911900
vn -0.000000 0.410413 0.911900
vn 0.000000 0.297503 0.954721
vn -0.000000 0.297503 0.954721
vn -0.000000 0.180255 0.983620
vn -0.000000 0.180255 0.983620
vn 0.000000 0.060378 0.998176
vn -0.000000 0.060378 0.998176
vn 0.000000 -0.060378 0.998176
vn 0.000000 -0.060378 0.998176
vn 0.000000 -0.180255 0.983620
vn 0.000000 -0.180255 0.983620
vn 0.000000 -0.297503 0.954721
vn 0.000000 -0.297503 0.954721
vn 0.000000 -0.410413 0.911900
vn 0.000000 -0.410413 0.911900
vn 0.000000 -0.517338 0.855781
vn 0.000000 -0.517338 0.855781
vn 0.000000 -0.616719 0.787184
vn 0.000000 -0.616719 0.787184
vn 0.000000 -0.707107 0.707107
vn 0.000000 -0.707107 0.707107
vn 0.000000 -0.787184 0.616719
vn 0.000000 -0.787184 0.616719
vn 0.000000 -0.855781 0.517338
vn 0.000000 -0.855781 0.517338
vn 0.000000 -0.911900 0.410413
vn 0.000000 -0.911900 0.410413
vn 0.000000 -0.954721 0.297503
vn 0.000000 -0.954721 0.297503
vn 0.000000 -0.983620 0.180255
vn 0.000000 -0.983620 0.180255
vn 0.000000 -0.998176 0.060378
vn 0.000000 -0.998176 0.060378
vn 1.000000 0.000000 0.000000
vn 1.000000 0.000000 0.000000
vn 1.000000 0.000000 0.000000
vn 1.000000 0.000000 0.000000
vn 1.000000 0.000000 0.000000
vn 1.000000 0.000000 0.000000
vn 1.000000 0.000000 0.000000
vn 1.000000 0.000000 0.000000
vn 1.000000 0.000000 0.000000
vn 1.000000 0.000000 0.000000
vn 1.000000 0.000000 0.000000
vn 1.000000 0.000000 0.000000
vn 1.000000 0.000000 0.000000
vn 1.000000 0.000000 0.000000
vn 1.000000 0.000000 0.000000
vn 1.000000 0.000000 0.000000
vn 1.000000 0.000000 0.000000
vn 1.000000 0.000000 0.000000
vn 1.000000 0.000000 0.000000
vn 1.000000 0.000000 0.000000
vn 1.000000 0.000000 0.000000
vn 1.000000 0.000000 0.000000
vn 1.000000 0.000000 0.000000
vn 1.000000 0.000000 0.000000
vn 1.000000 0.000000 0.000000
vn 1.000000 0.000000 0.000000
vn 1.000000 0.000000 0.000000
vn 1.000000 0.000000 0.000000
vn 1.000000 0.000000 0.000000
vn 1.000000 0.000000 0.000000
vn 1.000000 0.000000 0.000000
vn 1.000000 0.000000 0.000000
vn 1.000000 0.000000 0.000000
vn 1.000000 0.000000 0.000000
vn 1.000000 0.000000 0.000000
vn 1.000000 0.000000 0.000000
vn 1.000000 0.000000 0.000000
vn 1.000000 0.000000 0.000000
vn 1.000000 0.000000 0.000000
vn 1.000000 0.000000 0.000000
vn 1.000000 0.000000 0.000000
vn 1.000000 0.000000 0.000000
vn 1.000000 0.000000 0.000000
vn 1.000000 0.000000 0.000000
vn 1.000000 0.000000 0.000000
vn 1.000000 0.000000 0.000000
vn 1.000000 0.000000 0.000000
vn 1.000000 0.000000 0.000000
vn 1.000000 0.000000 0.000000
vn 1.000000 0.000000 0.000000
vn 1.000000 0.000000 0.000000
vn 1.000000 0.000000 0.000000
vn 1.000000 0.000000 0.000000
vn 1.000000 0.000000 0.000000
vn 1.000000 0.000000 0.000000
vn 1.000000 0.000000 0.000000
vn 1.000000 0.000000 0.000000
vn 1.000000 0.000000 0.000000
vn 1.000000 0.000000 0.000000
vn 1.000000 0.000000 0.000000
vn 1.000000 0.000000 0.000000
vn 1.000000 0.000000 0.000000
vn 1.000000 0.000000 0.000000
vn 1.000000 0.000000 0.000000
vn 1.000000 0.000000 0.000000
vn 1.000000 0.000000 0.000000
vn 1.000000 0.000000 0.000000
vn 1.000000 0.000000 0.000000
vn 1.000000 0.000000 0.000000
vn 1.000000 0.000000 0.000000
vn 1.000000 0.000000 0.000000
vn 1.000000 0.000000 0.000000
vn 1.000000 0.000000 0.000000
vn 1.000000 0.000000 0.000000
vn 1.000000 0.000000 0.000000
vn 1.000000 0.000000 0.000000
vn 1.000000 0.000000 0.000000
vn 1.000000 0.000000 0.000000
vn 1.000000 0.000000 0.000000
vn 1.000000 0.000000 0.000000
vn 1.000000 0.000000 0.000000
vn 1.000000 0.000000 0.000000
vn 1.000000 0.000000 0.000000
vn 1.000000 0.000000 0.000000
vn 1.000000 0.000000 0.000000
vn 1.000000 0.000000 0.000000
vn 1.000000 0.000000 0.000000
vn 1.000000 0.000000 0.000000
vn 1.000000 0.000000 0.000000
vn 1.000000 0.000000 0.000000
vn 1.000000 0.000000 0.000000
vn 1.000000 0.000000 0.000000
vn 1.000000 0.000000 0.000000
vn 1.000000 0.000000 0.000000
vn 1.000000 0.000000 0.000000
vn 1.000000 0.000000 0.000000
vn 1.000000 0.000000 0.000000
vn 1.000000 0.000000 0.000000
vn 1.000000 0.000000 0.000000
vn 1.000000 0.000000 0.000000
vn 1.000000 0.000000 0.000000
vn 1.000000 0.000000 0.000000
vn 1.000000 0.000000 0.000000
vn 1.000000 0.000000 0.000000
vn 1.000000 0.000000 0.000000
vn 1.000000 0.000000 0.000000
vn 1.000000 0.000000 0.000000
vn 1.000000 0.000000 0.000000
vn 1.000000 0.000000 0.000000
vn 1.000000 0.000000 0.000000
vn 1.000000 0.000000 0.000000
vn 1.000000 0.000000 0.000000
vn 1.000000 0.000000 0.000000
vn 1.000000 0.000000 0.000000
vn 1.000000 0.000000 0.000000
vn 1.000000 0.000000 0.000000
vn 0.000000 0.998795 0.049068
vn 0.000000 0.989177 0.146731
vn 0.000000 0.998795 0.049068
vn 0.000000 0.989177 0.146731
vn 0.000000 0.970031 0.242980
vn 0.000000 0.970031 0.242980
vn 0.000000 0.941544 0.336890
vn 0.000000 0.941544 0.336890
vn 0.000000 0.903989 0.427555
vn 0.000000 0.903989 0.427555
vn 0.000000 0.857729 0.514102
vn 0.000000 0.857729 0.514102
vn 0.000000 0.803207 0.595700
vn 0.000000 0.803207 0.595700
vn 0.000000 0.740951 0.671559
vn 0.000000 0.740951 0.671559
vn 0.000000 0.671559 0.740951
vn 0.000000 0.671559 0.740951
vn 0.000000 0.595700 0.803207
vn 0.000000 0.595700 0.803207
vn 0.000000 0.514102 0.857729
vn 0.000000 0.427555 0.903989
vn 0.000000 0.514102 0.857729
vn 0.000000 0.427555 0.903989
vn 0.000000 0.336890 0.941544
vn 0.000000 0.336890 0.941544
vn 0.000000 0.242980 0.970031
vn 0.000000 0.242980 0.970031
vn 0.000000 0.146731 0.989177
vn 0.000000 0.146731 0.989177
vn 0.000000 0.049068 0.998795
vn 0.000000 0.049068 0.998795
vn 0.000000 -0.049068 0.998795
vn 0.000000 -0.049068 0.998795
vn 0.000000 -0.146731 0.989177
vn 0.000000 -0.146731 0.989177
vn 0.000000 -0.242980 0.970031
vn 0.000000 -0.242980 0.970031
vn 0.000000 -0.336890 0.941544
vn 0.000000 -0.336890 0.941544
vn 0.000000 -0.427555 0.903989
vn 0.000000 -0.427555 0.903989
vn 0.000000 -0.514102 0.857729
vn 0.000000 -0.514102 0.857729
vn 0.000000 -0.595700 0.803207
vn 0.000000 -0.595700 0.803207
vn 0.000000 -0.671559 0.740951
vn 0.000000 -0.671559 0.740951
vn 0.000000 -0.740951 0.671559
vn 0.000000 -0.740951 0.671559
vn 0.000000 -0.803207 0.595700
vn 0.000000 -0.803207 0.595700
vn 0.000000 -0.857729 0.514102
vn 0.000000 -0.857729 0.514102
vn 0.000000 -0.903989 0.427555
vn 0.000000 -0.903989 0.427555
vn 0.000000 -0.941544 0.336890
vn 0.000000 -0.970031 0.242980
vn 0.000000 -0.941544 0.336890
vn 0.000000 -0.970031 0.242980
vn 0.000000 -0.989177 0.146731
vn 0.000000 -0.989177 0.146731
vn 0.000000 -0.998795 0.049068
vn 0.000000 -0.998795 0.049068
vn -0.000000 -0.998795 -0.049068
vn 0.000000 -0.998795 -0.049068
vn -0.000000 -0.989177 -0.146731
vn 0.000000 -0.989177 -0.146731
vn -0.000000 -0.970031 -0.242980
vn -0.000000 -0.941544 -0.336890
vn 0.000000 -0.970031 -0.242980
vn -0.000000 -0.941544 -0.336890
vn -0.000000 -0.903989 -0.427555
vn 0.000000 -0.903989 -0.427555
vn -0.000000 -0.857729 -0.514102
vn 0.000000 -0.857729 -0.514102
vn -0.000000 -0.803207 -0.595700
vn -0.000000 -0.740951 -0.671559
vn 0.000000 -0.803207 -0.595700
vn -0.000000 -0.740951 -0.671559
vn -0.000000 -0.671559 -0.740951
vn 0.000000 -0.671559 -0.740951
vn 0.000000 -0.595700 -0.803207
vn -0.000000 -0.595700 -0.803207
vn 0.000000 -0.514102 -0.857729
vn -0.000000 -0.514102 -0.857729
vn 0.000000 -0.427555 -0.903989
vn -0.000000 -0.427555 -0.903989
vn -0.000000 -0.336890 -0.941544
vn -0.000000 -0.336890 -0.941544
vn -0.000000 -0.242980 -0.970031
vn -0.000000 -0.242980 -0.970031
vn 0.000000 -0.146731 -0.989177
vn -0.000000 -0.146731 -0.989177
vn 0.000000 -0.049068 -0.998795
vn -0.000000 -0.049068 -0.998795
vn 0.000000 0.049068 -0.998795
vn 0.000000 0.049068 -0.998795
vn 0.000000 0.146731 -0.989177
vn 0.000000 0.146731 -0.989177
vn 0.000000 0.242980 -0.970031
vn 0.000000 0.242980 -0.970031
vn 0.000000 0.336890 -0.941544
vn 0.000000 0.336890 -0.941544
vn 0.000000 0.427555 -0.903989
vn 0.000000 0.427555 -0.903989
vn 0.000000 0.514102 -0.857729
vn 0.000000 0.514102 -0.857729
vn 0.000000 0.595700 -0.803207
vn 0.000000 0.595700 -0.803207
vn 0.000000 0.671559 -0.740951
vn 0.000000 0.671559 -0.740951
vn 0.000000 0.740951 -0.671559
vn 0.000000 0.740951 -0.671559
vn 0.000000 0.803207 -0.595700
vn 0.000000 0.857729 -0.514102
vn 0.000000 0.803207 -0.595700
vn 0.000000 0.857729 -0.514102
vn 0.000000 0.903989 -0.427555
vn 0.000000 0.941544 -0.336890
vn 0.000000 0.903989 -0.427555
vn 0.000000 0.941544 -0.336890
vn 0.000000 0.970031 -0.242980
vn 0.000000 0.989177 -0.146731
vn 0.000000 0.970031 -0.242980
vn 0.000000 0.998795 -0.049068
vn 0.000000 0.989177 -0.146731
vn 0.000000 0.998795 -0.049068
vn 1.000000 0.000000 0.000000
vn 1.000000 0.000000 0.000000
vn 1.000000 0.000000 0.000000
vn 1.000000 0.000000 0.000000
vn 1.000000 0.000000 0.000000
vn 1.000000 0.000000 0.000000
vn 1.000000 0.000000 0.000000
vn 1.000000 0.000000 0.000000
vn 1.000000 0.000000 0.000000
vn 1.000000 0.000000 0.000000
vn 1.000000 0.000000 0.000000
vn 1.000000 0.000000 0.000000
vn 1.000000 0.000000 0.000000
vn 1.000000 0.000000 0.000000
vn 1.000000 0.000000 0.000000
vn 1.000000 0.000000 0.000000
vn 1.000000 0.000000 0.000000
vn 1.000000 0.000000 0.000000
vn 1.000000 0.000000 0.000000
vn 1.000000 0.000000 0.000000
vn 1.000000 0.000000 0.000000
vn 1.000000 0.000000 0.000000
vn 1.000000 0.000000 0.000000
vn 1.000000 0.000000 0.000000
vn 1.000000 0.000000 0.000000
vn 1.000000 0.000000 0.000000
vn 1.000000 0.000000 0.000000
vn 1.000000 0.000000 0.000000
vn 1.000000 0.000000 0.000000
vn 1.000000 0.000000 0.000000
vn 1.000000 0.000000 0.000000
vn 1.000000 0.000000 0.000000
vn 1.000000 0.000000 0.000000
vn 1.000000 0.000000 0.000000
vn 1.000000 0.000000 0.000000
vn 1.000000 0.000000 0.000000
vn 1.000000 0.000000 0.000000
vn 1.000000 0.000000 0.000000
vn 1.000000 0.000000 0.000000
vn 1.000000 0.000000 0.000000
vn 1.000000 0.000000 0.000000
vn 1.000000 0.000000 0.000000
vn 1.000000 0.000000 0.000000
vn 1.000000 0.000000 0.000000
vn 1.000000 0.000000 0.000000
vn 1.000000 0.000000 0.000000
vn 1.000000 0.000000 0.000000
vn 1.000000 0.000000 0.000000
vn 1.000000 0.000000 0.000000
vn 1.000000 0.000000 0.000000
vn 1.000000 0.000000 0.000000
vn 1.000000 0.000000 0.000000
vn 1.000000 0.000000 0.000000
vn 1.000000 0.000000 0.000000
vn 1.000000 0.000000 0.000000
vn 1.000000 0.000000 0.000000
vn 1.000000 0.000000 0.000000
vn 1.000000 0.000000 0.000000
vn 1.000000 0.000000 0.000000
vn 1.000000 0.000000 0.000000
vn 1.000000 0.000000 0.000000
vn 1.000000 0.000000 0.000000
vn 1.000000 0.000000 0.000000
vn 1.000000 0.000000 0.000000
vn 1.000000 0.000000 0.000000
vn 1.000000 0.000000 0.000000
vn 1.000000 0.000000 0.000000
vn 1.000000 0.000000 0.000000
vn 1.000000 0.000000 0.000000
vn 1.000000 0.000000 0.000000
vn 1.000000 0.000000 0.000000
vn 1.000000 0.000000 0.000000
vn 1.000000 0.000000 0.000000
vn 1.000000 0.000000 0.000000
vn 1.000000 0.000000 0.000000
vn 1.000000 0.000000 0.000000
vn 1.000000 0.000000 0.000000
vn 1.000000 0.000000 0.000000
vn 1.000000 0.000000 0.000000
vn 1.000000 0.000000 0.000000
vn 1.000000 0.000000 0.000000
vn 1.000000 0.000000 0.000000
vn 1.000000 0.000000 0.000000
vn 1.000000 0.000000 0.000000
vn 1.000000 0.000000 0.000000
vn 1.000000 0.000000 0.000000
vn 1.000000 0.000000 0.000000
vn 1.000000 0.000000 0.000000
vn 1.000000 0.000000 0.000000
vn 1.000000 0.000000 0.000000
vn 1.000000 0.000000 0.000000
vn 1.000000 0.000000 0.000000
vn 1.000000 0.000000 0.000000
vn 1.000000 0.000000 0.000000
vn 1.000000 0.000000 0.000000
vn 1.000000 0.000000 0.000000
vn 1.000000 0.000000 0.000000
vn 1.000000 0.000000 0.000000
vn 1.000000 0.000000 0.000000
vn 1.000000 0.000000 0.000000
vn 1.000000 0.000000 0.000000
vn 1.000000 0.000000 0.000000
vn 1.000000 0.000000 0.000000
vn 1.000000 0.000000 0.000000
vn 1.000000 0.000000 0.000000
vn 1.000000 0.000000 0.000000
vn 1.000000 0.000000 0.000000
vn 1.000000 0.000000 0.000000
vn 1.000000 0.000000 0.000000
vn 1.000000 0.000000 0.000000
vn 1.000000 0.000000 0.000000
vn 1.000000 0.000000 0.000000
vn 1.000000 0.000000 0.000000
vn 1.000000 0.000000 0.000000
vn 1.000000 0.000000 0.000000
vn 1.000000 0.000000 0.000000
vn 1.000000 0.000000 0.000000
vn 1.000000 0.000000 0.000000
vn 1.000000 0.000000 0.000000
vn 1.000000 0.000000 0.000000
vn 1.000000 0.000000 0.000000
vn 1.000000 0.000000 0.000000
vn 1.000000 0.000000 0.000000
vn 1.000000 0.000000 0.000000
vn 1.000000 0.000000 0.000000
vn 1.000000 0.000000 0.000000
vn 1.000000 0.000000 0.000000
vn 1.000000 0.000000 0.000000
vn 1.000000 0.000000 0.000000
vn 1.000000 0.000000 0.000000
vn 1.000000 0.000000 0.000000
vn 1.000000 0.000000 0.000000
vn 1.000000 0.000000 0.000000
vn 1.000000 0.000000 0.000000
vn 1.000000 0.000000 0.000000
vn 1.000000 0.000000 0.000000
vn 1.000000 0.000000 0.000000
vn 1.000000 0.000000 0.000000
vn 1.000000 0.000000 0.000000
vn 1.000000 0.000000 0.000000
vn 1.000000 0.000000 0.000000
vn 1.000000 0.000000 0.000000
vn 1.000000 0.000000 0.000000
vn 1.000000 0.000000 0.000000
vn 1.000000 0.000000 0.000000
vn 1.000000 0.000000 0.000000
vn 1.000000 0.000000 0.000000
vn 1.000000 0.000000 0.000000
vn 1.000000 0.000000 0.000000
vn 1.000000 0.000000 0.000000
vn 1.000000 0.000000 0.000000
vn 1.000000 0.000000 0.000000
vn 0.000000 0.999363 0.035693
vn 0.000000 0.999363 0.035693
vn 0.000000 0.994270 0.106895
vn 0.000000 0.994270 0.106895
vn 0.000000 0.984111 0.177553
vn 0.000000 0.968938 0.247306
vn 0.000000 0.984111 0.177553
vn 0.000000 0.968938 0.247306
vn 0.000000 0.948826 0.315800
vn 0.000000 0.948826 0.315800
vn 0.000000 0.923880 0.382683
vn 0.000000 0.923880 0.382683
vn 0.000000 0.894225 0.447617
vn 0.000000 0.894225 0.447617
vn 0.000000 0.860014 0.510270
vn 0.000000 0.821421 0.570323
vn 0.000000 0.860014 0.510270
vn 0.000000 0.778642 0.627469
vn 0.000000 0.821421 0.570323
vn 0.000000 0.731894 0.681418
vn 0.000000 0.778642 0.627469
vn 0.000000 0.731894 0.681418
vn 0.000000 0.681418 0.731894
vn 0.000000 0.627469 0.778642
vn 0.000000 0.681418 0.731894
vn 0.000000 0.570323 0.821421
vn 0.000000 0.627469 0.778642
vn 0.000000 0.510270 0.860014
vn 0.000000 0.570323 0.821421
vn 0.000000 0.510270 0.860014
vn 0.000000 0.447617 0.894225
vn 0.000000 0.447617 0.894225
vn 0.000000 0.382683 0.923880
vn 0.000000 0.315800 0.948826
vn 0.000000 0.382683 0.923880
vn 0.000000 0.315800 0.948826
vn 0.000000 0.247306 0.968938
vn 0.000000 0.177553 0.984111
vn 0.000000 0.247306 0.968938
vn 0.000000 0.177553 0.984111
vn 0.000000 0.106895 0.994270
vn 0.000000 0.106895 0.994270
vn 0.000000 0.035693 0.999363
vn 0.000000 0.035693 0.999363
vn 0.000000 -0.035693 0.999363
vn 0.000000 -0.035693 0.999363
vn 0.000000 -0.106895 0.994270
vn 0.000000 -0.106895 0.994270
vn 0.000000 -0.177553 0.984111
vn 0.000000 -0.177553 0.984111
vn 0.000000 -0.247306 0.968938
vn 0.000000 -0.247306 0.968938
vn 0.000000 -0.315800 0.948826
vn 0.000000 -0.382683 0.923880
vn 0.000000 -0.315800 0.948826
vn 0.000000 -0.447617 0.894225
vn 0.000000 -0.382683 0.923880
vn 0.000000 -0.510270 0.860014
vn 0.000000 -0.447617 0.894225
vn 0.000000 -0.510270 0.860014
vn 0.000000 -0.570323 0.821421
vn 0.000000 -0.570323 0.821421
vn 0.000000 -0.627469 0.778642
vn 0.000000 -0.627469 0.778642
vn 0.000000 -0.681418 0.731894
vn 0.000000 -0.681418 0.731894
vn 0.000000 -0.731894 0.681418
vn 0.000000 -0.731894 0.681418
vn 0.000000 -0.778642 0.627469
vn 0.000000 -0.778642 0.627469
vn 0.000000 -0.821421 0.570323
vn 0.000000 -0.821421 0.570323
vn 0.000000 -0.860014 0.510270
vn 0.000000 -0.860014 0.510270
vn 0.000000 -0.894225 0.447617
vn 0.000000 -0.894225 0.447617
vn 0.000000 -0.923880 0.382683
vn 0.000000 -0.923880 0.382683
vn 0.000000 -0.948826 0.315800
vn 0.000000 -0.948826 0.315800
vn 0.000000 -0.968938 0.247306
vn 0.000000 -0.968938 0.247306
vn 0.000000 -0.984111 0.177553
vn 0.000000 -0.984111 0.177553
vn 0.000000 -0.994270 0.106895
vn 0.000000 -0.994270 0.106895
vn 0.000000 -0.999363 0.035693
vn 0.000000 -0.999363 0.035693
vn -0.000000 -0.999363 -0.035693
vn 0.000000 -0.999363 -0.035693
vn -0.000000 -0.994270 -0.106895
vn -0.000000 -0.984111 -0.177553
vn 0.000000 -0.994270 -0.106895
vn -0.000000 -0.984111 -0.177553
vn -0.000000 -0.968938 -0.247306
vn 0.000000 -0.968938 -0.247306
vn -0.000000 -0.948826 -0.315800
vn 0.000000 -0.948826 -0.315800
vn -0.000000 -0.923880 -0.382683
vn 0.000000 -0.923880 -0.382683
vn -0.000000 -0.894225 -0.447617
vn -0.000000 -0.860014 -0.510270
vn 0.000000 -0.894225 -0.447617
vn -0.000000 -0.860014 -0.510270
vn -0.000000 -0.821421 -0.570323
vn 0.000000 -0.821421 -0.570323
vn -0.000000 -0.778642 -0.627469
vn 0.000000 -0.778642 -0.627469
vn -0.000000 -0.731894 -0.681418
vn -0.000000 -0.681418 -0.731894
vn 0.000000 -0.731894 -0.681418
vn -0.000000 -0.627469 -0.778642
vn -0.000000 -0.681418 -0.731894
vn -0.000000 -0.627469 -0.778642
vn 0.000000 -0.570323 -0.821421
vn -0.000000 -0.570323 -0.821421
vn 0.000000 -0.510270 -0.860014
vn -0.000000 -0.510270 -0.860014
vn -0.000000 -0.447617 -0.894225
vn -0.000000 -0.447617 -0.894225
vn 0.000000 -0.382683 -0.923880
vn -0.000000 -0.382683 -0.923880
vn -0.000000 -0.315800 -0.948826
vn -0.000000 -0.315800 -0.948826
vn -0.000000 -0.247306 -0.968938
vn -0.000000 -0.247306 -0.968938
vn 0.000000 -0.177553 -0.984111
vn -0.000000 -0.177553 -0.984111
vn 0.000000 -0.106895 -0.994270
vn -0.000000 -0.106895 -0.994270
vn -0.000000 -0.035693 -0.999363
vn -0.000000 -0.035693 -0.999363
vn 0.000000 0.035693 -0.999363
vn 0.000000 0.035693 -0.999363
vn 0.000000 0.106895 -0.994270
vn 0.000000 0.106895 -0.994270
vn 0.000000 0.177553 -0.984111
vn 0.000000 0.177553 -0.984111
vn 0.000000 0.247306 -0.968938
vn 0.000000 0.247306 -0.968938
vn 0.000000 0.315800 -0.948826
vn 0.000000 0.315800 -0.948826
vn 0.000000 0.382683 -0.923880
vn 0.000000 0.382683 -0.923880
vn 0.000000 0.447617 -0.894225
vn 0.000000 0.447617 -0.894225
vn 0.000000 0.510270 -0.860014
vn 0.000000 0.510270 -0.860014
vn 0.000000 0.570323 -0.821421
vn 0.000000 0.627469 -0.778642
vn 0.000000 0.570323 -0.821421
vn 0.000000 0.627469 -0.778642
vn 0.000000 0.681418 -0.731894
vn 0.000000 0.731894 -0.681418
vn 0.000000 0.681418 -0.731894
vn 0.000000 0.731894 -0.681418
vn 0.000000 0.778642 -0.627469
vn 0.000000 0.778642 -0.627469
vn 0.000000 0.821421 -0.570323
vn 0.000000 0.821421 -0.570323
vn 0.000000 0.860014 -0.510270
vn 0.000000 0.860014 -0.510270
vn 0.000000 0.894225 -0.447617
vn 0.000000 0.894225 -0.447617
vn 0.000000 0.923880 -0.382683
vn 0.000000 0.923880 -0.382683
vn 0.000000 0.948826 -0.315800
vn 0.000000 0.948826 -0.315800
vn 0.000000 0.968938 -0.247306
vn 0.000000 0.968938 -0.247306
vn 0.000000 0.984111 -0.177553
vn 0.000000 0.994270 -0.106895
vn 0.000000 0.984111 -0.177553
vn 0.000000 0.994270 -0.106895
vn 0.000000 0.999363 -0.035693
vn 0.000000 0.999363 -0.035693
vn 1.000000 0.000000 0.000000
vn 1.000000 0.000000 0.000000
vn 1.000000 0.000000 0.000000
vn 1.000000 0.000000 0.000000
vn 1.000000 0.000000 0.000000
vn 1.000000 0.000000 0.000000
vn 1.000000 0.000000 0.000000
vn 1.000000 0.000000 0.000000
vn 1.000000 0.000000 0.000000
vn 1.000000 0.000000 0.000000
vn 1.000000 0.000000 0.000000
vn 1.000000 0.000000 0.000000
vn 1.000000 0.000000 0.000000
vn 1.000000 0.000000 0.000000
vn 1.000000 0.000000 0.000000
vn 1.000000 0.000000 0.000000
vn 1.000000 0.000000 0.000000
vn 1.000000 0.000000 0.000000
vn 1.000000 0.000000 0.000000
vn 1.000000 0.000000 0.000000
vn 1.000000 0.000000 0.000000
vn 1.000000 0.000000 0.000000
vn 1.000000 0.000000 0.000000
vn 1.000000 0.000000 0.000000
vn 1.000000 0.000000 0.000000
vn 1.000000 0.000000 0.000000
vn 1.000000 0.000000 0.000000
vn 1.000000 0.000000 0.000000
vn 1.000000 0.000000 0.000000
vn 1.000000 0.000000 0.000000
vn 1.000000 0.000000 0.000000
vn 1.000000 0.000000 0.000000
vn 1.000000 0.000000 0.000000
vn 1.000000 0.000000 0.000000
vn 1.000000 0.000000 0.000000
vn 1.000000 0.000000 0.000000
vn 1.000000 0.000000 0.000000
vn 1.000000 0.000000 0.000000
vn 1.000000 0.000000 0.000000
vn 1.000000 0.000000 0.000000
vn 1.000000 0.000000 0.000000
vn 1.000000 0.000000 0.000000
vn 1.000000 0.000000 0.000000
vn 1.000000 0.000000 0.000000
vn 1.000000 0.000000 0.000000
vn 1.000000 0.000000 0.000000
vn 1.000000 0.000000 0.000000
vn 1.000000 0.000000 0.000000
vn 1.000000 0.000000 0.000000
vn 1.000000 0.000000 0.000000
vn 1.000000 0.000000 0.000000
vn 1.000000 0.000000 0.000000
vn 1.000000 0.000000 0.000000
vn 1.000000 0.000000 0.000000
vn 1.000000 0.000000 0.000000
vn 1.000000 0.000000 0.000000
vn 1.000000 0.000000 0.000000
vn 1.000000 0.000000 0.000000
vn 1.000000 0.000000 0.000000
vn 1.000000 0.000000 0.000000
vn 1.000000 0.000000 0.000000
vn 1.000000 0.000000 0.000000
vn 1.000000 0.000000 0.000000
vn 1.000000 0.000000 0.000000
vn 1.000000 0.000000 0.000000
vn 1.000000 0.000000 0.000000
vn 1.000000 0.000000 0.000000
vn 1.000000 0.000000 0.000000
vn 1.000000 0.000000 0.000000
vn 1.000000 0.000000 0.000000
vn 1.000000 0.000000 0.000000
vn 1.000000 0.000000 0.000000
vn 1.000000 0.000000 0.000000
vn 1.000000 0.000000 0.000000
vn 1.000000 0.000000 0.000000
vn 1.000000 0.000000 0.000000
vn 1.000000 0.000000 0.000000
vn 1.000000 0.000000 0.000000
vn 1.000000 0.000000 0.000000
vn 1.000000 0.000000 0.000000
vn 1.000000 0.000000 0.000000
vn 1.000000 0.000000 0.000000
vn 1.000000 0.000000 0.000000
vn 1.000000 0.000000 0.000000
vn 1.000000 0.000000 0.000000
vn 1.000000 0.000000 0.000000
vn 1.000000 0.000000 0.000000
vn 1.000000 0.000000 0.000000
vn 1.000000 0.000000 0.000000
vn 1.000000 0.000000 0.000000
vn 1.000000 0.000000 0.000000
vn 1.000000 0.000000 0.000000
vn 1.000000 0.000000 0.000000
vn 1.000000 0.000000 0.000000
vn 1.000000 0.000000 0.000000
vn 1.000000 0.000000 0.000000
vn 1.000000 0.000000 0.000000
vn 1.000000 0.000000 0.000000
vn 1.000000 0.000000 0.000000
vn 1.000000 0.000000 0.000000
vn 1.000000 0.000000 0.000000
vn 1.000000 0.000000 0.000000
vn 1.000000 0.000000 0.000000
vn 1.000000 0.000000 0.000000
vn 1.000000 0.000000 0.000000
vn 1.000000 0.000000 0.000000
vn 1.000000 0.000000 0.000000
vn 1.000000 0.000000 0.000000
vn 1.000000 0.000000 0.000000
vn 1.000000 0.000000 0.000000
vn 1.000000 0.000000 0.000000
vn 1.000000 0.000000 0.000000
vn 1.000000 0.000000 0.000000
vn 1.000000 0.000000 0.000000
vn 1.000000 0.000000 0.000000
vn 1.000000 0.000000 0.000000
vn 1.000000 0.000000 0.000000
vn 1.000000 0.000000 0.000000
vn 1.000000 0.000000 0.000000
vn 1.000000 0.000000 0.000000
vn 1.000000 0.000000 0.000000
vn 1.000000 0.000000 0.000000
vn 1.000000 0.000000 0.000000
vn 1.000000 0.000000 0.000000
vn 1.000000 0.000000 0.000000
vn 1.000000 0.000000 0.000000
vn 1.000000 0.000000 0.000000
vn 1.000000 0.000000 0.000000
vn 1.000000 0.000000 0.000000
vn 1.000000 0.000000 0.000000
vn 1.000000 0.000000 0.000000
vn 1.000000 0.000000 0.000000
vn 1.000000 0.000000 0.000000
vn 1.000000 0.000000 0.000000
vn 1.000000 0.000000 0.000000
vn 1.000000 0.000000 0.000000
vn 1.000000 0.000000 0.000000
vn 1.000000 0.000000 0.000000
vn 1.000000 0.000000 0.000000
vn 1.000000 0.000000 0.000000
vn 1.000000 0.000000 0.000000
vn 1.000000 0.000000 0.000000
vn 1.000000 0.000000 0.000000
vn 1.000000 0.000000 0.000000
vn 1.000000 0.000000 0.000000
vn 1.000000 0.000000 0.000000
vn 1.000000 0.000000 0.000000
vn 1.000000 0.000000 0.000000
vn 1.000000 0.000000 0.000000
vn 1.000000 0.000000 0.000000
vn 1.000000 0.000000 0.000000
vn 1.000000 0.000000 0.000000
vn 1.000000 0.000000 0.000000
vn 1.000000 0.000000 0.000000
vn 1.000000 0.000000 0.000000
vn 1.000000 0.000000 0.000000
vn 1.000000 0.000000 0.000000
vn 1.000000 0.000000 0.000000
vn 1.000000 0.000000 0.000000
vn 1.000000 0.000000 0.000000
vn 1.000000 0.000000 0.000000
vn 1.000000 0.000000 0.000000
vn 1.000000 0.000000 0.000000
vn 1.000000 0.000000 0.000000
vn 1.000000 0.000000 0.000000
vn 1.000000 0.000000 0.000000
vn 1.000000 0.000000 0.000000
vn 1.000000 0.000000 0.000000
vn 1.000000 0.000000 0.000000
vn 1.000000 0.000000 0.000000
vn 1.000000 0.000000 0.000000
vn 1.000000 0.000000 0.000000
vn 1.000000 0.000000 0.000000
vn 1.000000 0.000000 0.000000
vn 1.000000 0.000000 0.000000
vn 1.000000 0.000000 0.000000
vn 1.000000 0.000000 0.000000
vn 0.000000 0.999377 0.035292
vn 0.000000 0.999377 0.035292
vn 0.000000 0.994398 0.105698
vn 0.000000 0.994398 0.105698
vn 0.000000 0.984465 0.175579
vn 0.000000 0.969628 0.244585
vn 0.000000 0.984465 0.175579
vn 0.000000 0.969628 0.244585
vn 0.000000 0.949960 0.312372
vn 0.000000 0.949960 0.312372
vn 0.000000 0.925559 0.378604
vn 0.000000 0.925559 0.378604
vn 0.000000 0.896548 0.442947
vn 0.000000 0.896548 0.442947
vn 0.000000 0.863068 0.505087
vn 0.000000 0.863068 0.505087
vn 0.000000 0.825291 0.564708
vn 0.000000 0.825291 0.564708
vn 0.000000 0.783401 0.621516
vn 0.000000 0.737608 0.675229
vn 0.000000 0.783401 0.621516
vn 0.000000 0.737608 0.675229
vn 0.000000 0.688141 0.725577
vn 0.000000 0.688141 0.725577
vn 0.000000 0.635245 0.772310
vn 0.000000 0.635245 0.772310
vn 0.000000 0.579185 0.815196
vn 0.000000 0.520240 0.854020
vn 0.000000 0.579185 0.815196
vn 0.000000 0.520240 0.854020
vn 0.000000 0.458701 0.888590
vn 0.000000 0.458701 0.888590
vn 0.000000 0.394879 0.918733
vn 0.000000 0.329089 0.944299
vn 0.000000 0.394879 0.918733
vn 0.000000 0.329089 0.944299
vn 0.000000 0.261659 0.965160
vn 0.000000 0.261659 0.965160
vn 0.000000 0.192927 0.981213
vn 0.000000 0.123231 0.992378
vn 0.000000 0.192927 0.981213
vn 0.000000 0.123231 0.992378
vn 0.000000 0.052924 0.998599
vn 0.000000 0.052924 0.998599
vn 0.000000 -0.017649 0.999844
vn 0.000000 -0.017649 0.999844
vn 0.000000 -0.088132 0.996109
vn 0.000000 -0.088132 0.996109
vn 0.000000 -0.158178 0.987411
vn 0.000000 -0.158178 0.987411
vn 0.000000 -0.227435 0.973793
vn 0.000000 -0.227435 0.973793
vn 0.000000 -0.295558 0.955325
vn 0.000000 -0.295558 0.955325
vn 0.000000 -0.362210 0.932097
vn 0.000000 -0.362210 0.932097
vn 0.000000 -0.427056 0.904225
vn 0.000000 -0.489776 0.871848
vn 0.000000 -0.427056 0.904225
vn 0.000000 -0.489776 0.871848
vn 0.000000 -0.550055 0.835129
vn 0.000000 -0.550055 0.835129
vn 0.000000 -0.607594 0.794248
vn 0.000000 -0.607594 0.794248
vn 0.000000 -0.662106 0.749410
vn 0.000000 -0.662106 0.749410
vn 0.000000 -0.713319 0.700840
vn 0.000000 -0.713319 0.700840
vn 0.000000 -0.760979 0.648776
vn 0.000000 -0.760979 0.648776
vn 0.000000 -0.804847 0.593482
vn 0.000000 -0.804847 0.593482
vn 0.000000 -0.844706 0.535231
vn 0.000000 -0.844706 0.535231
vn 0.000000 -0.880357 0.474312
vn 0.000000 -0.880357 0.474312
vn 0.000000 -0.911621 0.411032
vn 0.000000 -0.911621 0.411032
vn 0.000000 -0.938344 0.345703
vn 0.000000 -0.938344 0.345703
vn 0.000000 -0.960392 0.278652
vn 0.000000 -0.960392 0.278652
vn 0.000000 -0.977656 0.210213
vn 0.000000 -0.990049 0.140727
vn 0.000000 -0.977656 0.210213
vn 0.000000 -0.990049 0.140727
vn 0.000000 -0.997509 0.070539
vn 0.000000 -0.997509 0.070539
vn 0.000000 -1.000000 0.000000
vn -0.000000 -0.997509 -0.070539
vn 0.000000 -1.000000 0.000000
vn -0.000000 -0.990049 -0.140727
vn -0.000000 -0.997509 -0.070539
vn -0.000000 -0.990049 -0.140727
vn -0.000000 -0.977656 -0.210213
vn -0.000000 -0.960392 -0.278652
vn 0.000000 -0.977656 -0.210213
vn -0.000000 -0.960392 -0.278652
vn -0.000000 -0.938344 -0.345703
vn 0.000000 -0.938344 -0.345703
vn -0.000000 -0.911621 -0.411032
vn 0.000000 -0.911621 -0.411032
vn -0.000000 -0.880357 -0.474312
vn -0.000000 -0.844706 -0.535231
vn 0.000000 -0.880357 -0.474312
vn -0.000000 -0.844706 -0.535231
vn -0.000000 -0.804847 -0.593482
vn 0.000000 -0.804847 -0.593482
vn -0.000000 -0.760979 -0.648776
vn 0.000000 -0.760979 -0.648776
vn 0.000000 -0.713319 -0.700840
vn -0.000000 -0.713319 -0.700840
vn 0.000000 -0.662106 -0.749410
vn -0.000000 -0.662106 -0.749410
vn 0.000000 -0.607594 -0.794248
vn -0.000000 -0.607594 -0.794248
vn 0.000000 -0.550055 -0.835129
vn -0.000000 -0.550055 -0.835129
vn 0.000000 -0.489776 -0.871848
vn -0.000000 -0.489776 -0.871848
vn 0.000000 -0.427056 -0.904225
vn -0.000000 -0.427056 -0.904225
vn 0.000000 -0.362210 -0.932097
vn -0.000000 -0.362210 -0.932097
vn -0.000000 -0.295558 -0.955325
vn -0.000000 -0.295558 -0.955325
vn 0.000000 -0.227435 -0.973793
vn -0.000000 -0.227435 -0.973793
vn 0.000000 -0.158178 -0.987411
vn -0.000000 -0.158178 -0.987411
vn 0.000000 -0.088132 -0.996109
vn -0.000000 -0.088132 -0.996109
vn 0.000000 -0.017649 -0.999844
vn -0.000000 -0.017649 -0.999844
vn 0.000000 0.052924 -0.998599
vn 0.000000 0.052924 -0.998599
vn 0.000000 0.123231 -0.992378
vn 0.000000 0.123231 -0.992378
vn 0.000000 0.192927 -0.981213
vn 0.000000 0.192927 -0.981213
vn 0.000000 0.261659 -0.965160
vn 0.000000 0.261659 -0.965160
vn 0.000000 0.329089 -0.944299
vn 0.000000 0.329089 -0.944299
vn 0.000000 0.394879 -0.918733
vn 0.000000 0.394879 -0.918733
vn 0.000000 0.458701 -0.888590
vn 0.000000 0.458701 -0.888590
vn 0.000000 0.520240 -0.854020
vn 0.000000 0.520240 -0.854020
vn 0.000000 0.579185 -0.815196
vn 0.000000 0.579185 -0.815196
vn 0.000000 0.635245 -0.772310
vn 0.000000 0.635245 -0.772310
vn 0.000000 0.688141 -0.725577
vn 0.000000 0.688141 -0.725577
vn 0.000000 0.737608 -0.675229
vn 0.000000 0.737608 -0.675229
vn 0.000000 0.783401 -0.621516
vn 0.000000 0.825291 -0.564708
vn 0.000000 0.783401 -0.621516
vn 0.000000 0.825291 -0.564708
vn 0.000000 0.863068 -0.505087
vn 0.000000 0.863068 -0.505087
vn 0.000000 0.896548 -0.442947
vn 0.000000 0.896548 -0.442947
vn 0.000000 0.925559 -0.378604
vn 0.000000 0.925559 -0.378604
vn 0.000000 0.949960 -0.312372
vn 0.000000 0.949960 -0.312372
vn 0.000000 0.969628 -0.244585
vn 0.000000 0.969628 -0.244585
vn 0.000000 0.984465 -0.175579
vn 0.000000 0.984465 -0.175579
vn 0.000000 0.994398 -0.105698
vn 0.000000 0.994398 -0.105698
vn 0.000000 0.999377 -0.035292
vn 0.000000 0.999377 -0.035292
vn -1.000000 0.000000 0.000000
vn -1.000000 0.000000 0.000000
vn -1.000000 0.000000 0.000000
vn -1.000000 0.000000 -0.000000
vn -1.000000 0.000000 0.000000
vn -1.000000 0.000000 0.000000
vn -1.000000 0.000000 -0.000000
vn -1.000000 0.000000 0.000000
vn -1.000000 0.000000 0.000000
vn -1.000000 0.000000 0.000000
vn -1.000000 0.000000 0.000000
vn -1.000000 0.000000 -0.000000
vn -1.000000 0.000000 0.000000
vn -1.000000 0.000000 0.000000
vn -1.000000 0.000000 0.000000
vn -1.000000 0.000000 0.000000
vn -1.000000 0.000000 -0.000000
vn -1.000000 0.000000 0.000000
vn -1.000000 0.000000 0.000000
vn -1.000000 0.000000 0.000000
vn -1.000000 0.000000 0.000000
vn -1.000000 0.000000 -0.000000
vn -1.000000 0.000000 0.000000
vn -1.000000 0.000000 0.000000
vn -1.000000 0.000000 0.000000
vn -1.000000 0.000000 -0.000000
vn -1.000000 0.000000 0.000000
vn -1.000000 0.000000 0.000000
vn -1.000000 0.000000 0.000000
vn -1.000000 0.000000 0.000000
vn -1.000000 0.000000 -0.000000
vn -1.000000 0.000000 0.000000
vn -1.000000 0.000000 0.000000
vn -1.000000 0.000000 -0.000000
vn -1.000000 0.000000 0.000000
vn -1.000000 0.000000 0.000000
vn -1.000000 0.000000 -0.000000
vn -1.000000 0.000000 0.000000
vn -1.000000 0.000000 0.000000
vn -1.000000 0.000000 -0.000000
vn -1.000000 0.000000 0.000000
vn -1.000000 0.000000 0.000000
vn -1.000000 0.000000 0.000000
vn -1.000000 0.000000 0.000000
vn -1.000000 0.000000 -0.000000
vn -1.000000 0.000000 0.000000
vn -1.000000 0.000000 0.000000
vn -1.000000 0.000000 0.000000
vn -1.000000 0.000000 -0.000000
vn -1.000000 0.000000 0.000000
vn -1.000000 0.000000 0.000000
vn -1.000000 0.000000 0.000000
vn -1.000000 0.000000 0.000000
vn -1.000000 0.000000 0.000000
vn -1.000000 0.000000 -0.000000
vn -1.000000 0.000000 0.000000
vn -1.000000 0.000000 0.000000
vn -1.000000 0.000000 0.000000
vn -1.000000 0.000000 -0.000000
vn -1.000000 0.000000 0.000000
vn -1.000000 0.000000 0.000000
vn -1.000000 0.000000 0.000000
vn -1.000000 0.000000 0.000000
vn -1.000000 0.000000 -0.000000
vn -1.000000 0.000000 0.000000
vn -1.000000 0.000000 0.000000
vn -1.000000 0.000000 0.000000
vn -1.000000 0.000000 0.000000
vn -1.000000 0.000000 -0.000000
vn -1.000000 0.000000 0.000000
vn -1.000000 0.000000 0.000000
vn -1.000000 0.000000 -0.000000
vn -1.000000 0.000000 0.000000
vn -1.000000 0.000000 -0.000000
vn -1.000000 0.000000 0.000000
vn -1.000000 0.000000 -0.000000
vn -1.000000 0.000000 0.000000
vn -1.000000 0.000000 -0.000000
vn -1.000000 0.000000 0.000000
vn -1.000000 0.000000 0.000000
vn -1.000000 0.000000 0.000000
vn -1.000000 0.000000 -0.000000
vn -1.000000 0.000000 0.000000
vn -1.000000 0.000000 0.000000
vn -1.000000 0.000000 0.000000
vn -1.000000 0.000000 -0.000000
vn -1.000000 0.000000 0.000000
vn -1.000000 0.000000 0.000000
vn -1.000000 0.000000 -0.000000
vn -1.000000 0.000000 0.000000
vn -1.000000 0.000000 0.000000
vn -1.000000 0.000000 0.000000
vn -1.000000 0.000000 -0.000000
vn -1.000000 0.000000 0.000000
vn -1.000000 0.000000 0.000000
vn -1.000000 0.000000 -0.000000
vn -1.000000 0.000000 0.000000
vn -1.000000 0.000000 0.000000
vn -1.000000 0.000000 0.000000
vn -1.000000 0.000000 -0.000000
vn -1.000000 0.000000 0.000000
vn -1.000000 0.000000 0.000000
vn -1.000000 0.000000 -0.000000
vn -1.000000 0.000000 0.000000
vn -1.000000 0.000000 0.000000
vn -1.000000 0.000000 0.000000
vn -1.000000 0.000000 -0.000000
vn -1.000000 0.000000 0.000000
vn -1.000000 0.000000 0.000000
vn -1.000000 0.000000 -0.000000
vn -1.000000 0.000000 0.000000
vn -1.000000 0.000000 -0.000000
vn -1.000000 0.000000 0.000000
vn -1.000000 0.000000 0.000000
vn -1.000000 0.000000 0.000000
vn -1.000000 0.000000 -0.000000
vn -1.000000 0.000000 0.000000
vn -1.000000 0.000000 -0.000000
vn -1.000000 0.000000 0.000000
vn -1.000000 0.000000 0.000000
vn -1.000000 0.000000 -0.000000
vn -1.000000 0.000000 0.000000
vn -1.000000 0.000000 0.000000
vn -1.000000 0.000000 0.000000
vn -1.000000 0.000000 -0.000000
vn -1.000000 0.000000 0.000000
vn -1.000000 0.000000 0.000000
vn -1.000000 0.000000 0.000000
vn -1.000000 0.000000 -0.000000
vn -1.000000 0.000000 0.000000
vn -1.000000 0.000000 0.000000
vn -1.000000 0.000000 -0.000000
vn -1.000000 0.000000 0.000000
vn -1.000000 0.000000 0.000000
vn -1.000000 0.000000 -0.000000
vn -1.000000 0.000000 0.000000
vn -1.000000 0.000000 0.000000
vn -1.000000 0.000000 0.000000
vn -1.000000 0.000000 -0.000000
vn -1.000000 0.000000 0.000000
vn -1.000000 0.000000 0.000000
vn -1.000000 0.000000 0.000000
vn -1.000000 0.000000 -0.000000
vn -1.000000 0.000000 0.000000
vn -1.000000 0.000000 0.000000
vn -1.000000 0.000000 -0.000000
vn -1.000000 0.000000 0.000000
vn -1.000000 0.000000 0.000000
vn -1.000000 0.000000 -0.000000
vn -1.000000 0.000000 0.000000
vn -1.000000 0.000000 -0.000000
vn -1.000000 0.000000 0.000000
vn 0.000000 0.998757 0.049846
vn 0.000000 0.998757 0.049846
vn 0.000000 0.988831 0.149043
vn 0.000000 0.988831 0.149043
vn 0.000000 0.969077 0.246757
vn 0.000000 0.969077 0.246757
vn 0.000000 0.939692 0.342020
vn 0.000000 0.939692 0.342020
vn 0.000000 0.900969 0.433883
vn 0.000000 0.900969 0.433883
vn 0.000000 0.853291 0.521436
vn 0.000000 0.853291 0.521436
vn 0.000000 0.797133 0.603804
vn 0.000000 0.797133 0.603804
vn 0.000000 0.733052 0.680173
vn 0.000000 0.733052 0.680173
vn 0.000000 0.661686 0.749781
vn 0.000000 0.661686 0.749781
vn 0.000000 0.583743 0.811938
vn 0.000000 0.583743 0.811938
vn 0.000000 0.500000 0.866025
vn 0.000000 0.500000 0.866025
vn 0.000000 0.411287 0.911506
vn 0.000000 0.411287 0.911506
vn 0.000000 0.318487 0.947927
vn 0.000000 0.318487 0.947927
vn 0.000000 0.222521 0.974928
vn 0.000000 0.124344 0.992239
vn 0.000000 0.222521 0.974928
vn 0.000000 0.124344 0.992239
vn 0.000000 0.024931 0.999689
vn 0.000000 -0.074730 0.997204
vn 0.000000 0.024931 0.999689
vn 0.000000 -0.074730 0.997204
vn 0.000000 -0.173648 0.984808
vn 0.000000 -0.173648 0.984808
vn 0.000000 -0.270840 0.962624
vn 0.000000 -0.270840 0.962624
vn 0.000000 -0.365341 0.930874
vn 0.000000 -0.365341 0.930874
vn 0.000000 -0.456211 0.889872
vn 0.000000 -0.456211 0.889872
vn 0.000000 -0.542547 0.840026
vn 0.000000 -0.542547 0.840026
vn 0.000000 -0.623490 0.781832
vn 0.000000 -0.623490 0.781832
vn 0.000000 -0.698237 0.715867
vn 0.000000 -0.698237 0.715867
vn 0.000000 -0.766045 0.642788
vn 0.000000 -0.766045 0.642788
vn 0.000000 -0.826239 0.563320
vn 0.000000 -0.878222 0.478254
vn 0.000000 -0.826239 0.563320
vn 0.000000 -0.878222 0.478254
vn 0.000000 -0.921476 0.388435
vn 0.000000 -0.921476 0.388435
vn 0.000000 -0.955573 0.294756
vn 0.000000 -0.980172 0.198146
vn 0.000000 -0.955573 0.294756
vn 0.000000 -0.980172 0.198146
vn 0.000000 -0.995031 0.099567
vn -0.000000 -1.000000 0.000000
vn 0.000000 -0.995031 0.099567
vn 0.000000 -1.000000 0.000000
vn -0.000000 -0.995031 -0.099567
vn 0.000000 -0.995031 -0.099567
vn -0.000000 -0.980172 -0.198146
vn -0.000000 -0.955573 -0.294756
vn 0.000000 -0.980172 -0.198146
vn -0.000000 -0.955573 -0.294756
vn -0.000000 -0.921476 -0.388435
vn -0.000000 -0.878222 -0.478254
vn 0.000000 -0.921476 -0.388435
vn -0.000000 -0.878222 -0.478254
vn -0.000000 -0.826239 -0.563320
vn -0.000000 -0.766045 -0.642788
vn 0.000000 -0.826239 -0.563320
vn -0.000000 -0.698237 -0.715867
vn -0.000000 -0.766045 -0.642788
vn -0.000000 -0.698237 -0.715867
vn -0.000000 -0.623490 -0.781832
vn 0.000000 -0.623490 -0.781832
vn -0.000000 -0.542547 -0.840026
vn 0.000000 -0.542547 -0.840026
vn 0.000000 -0.456211 -0.889872
vn -0.000000 -0.456211 -0.889872
vn 0.000000 -0.365341 -0.930874
vn -0.000000 -0.365341 -0.930874
vn 0.000000 -0.270840 -0.962624
vn -0.000000 -0.270840 -0.962624
vn 0.000000 -0.173648 -0.984808
vn -0.000000 -0.173648 -0.984808
vn 0.000000 -0.074730 -0.997204
vn -0.000000 -0.074730 -0.997204
vn 0.000000 0.024931 -0.999689
vn 0.000000 0.024931 -0.999689
vn 0.000000 0.124344 -0.992239
vn 0.000000 0.124344 -0.992239
vn 0.000000 0.222521 -0.974928
vn 0.000000 0.222521 -0.974928
vn 0.000000 0.318487 -0.947927
vn 0.000000 0.318487 -0.947927
vn 0.000000 0.411287 -0.911506
vn 0.000000 0.411287 -0.911506
vn 0.000000 0.500000 -0.866025
vn 0.000000 0.500000 -0.866025
vn 0.000000 0.583743 -0.811938
vn 0.000000 0.583743 -0.811938
vn 0.000000 0.661686 -0.749781
vn 0.000000 0.661686 -0.749781
vn 0.000000 0.733052 -0.680173
vn 0.000000 0.733052 -0.680173
vn 0.000000 0.797133 -0.603804
vn 0.000000 0.797133 -0.603804
vn 0.000000 0.853291 -0.521436
vn 0.000000 0.853291 -0.521436
vn 0.000000 0.900969 -0.433883
vn 0.000000 0.900969 -0.433883
vn 0.000000 0.939692 -0.342020
vn 0.000000 0.939692 -0.342020
vn 0.000000 0.969077 -0.246757
vn 0.000000 0.969077 -0.246757
vn 0.000000 0.988831 -0.149043
vn 0.000000 0.998757 -0.049846
vn 0.000000 0.988831 -0.149043
vn 0.000000 0.998757 -0.049846
vn -1.000000 0.000000 0.000000
vn -1.000000 0.000000 -0.000000
vn -1.000000 0.000000 0.000000
vn -1.000000 0.000000 0.000000
vn -1.000000 0.000000 0.000000
vn -1.000000 0.000000 -0.000000
vn -1.000000 0.000000 0.000000
vn -1.000000 0.000000 0.000000
vn -1.000000 0.000000 0.000000
vn -1.000000 0.000000 0.000000
vn -1.000000 0.000000 0.000000
vn -1.000000 0.000000 -0.000000
vn -1.000000 0.000000 0.000000
vn -1.000000 0.000000 0.000000
vn -1.000000 0.000000 0.000000
vn -1.000000 0.000000 -0.000000
vn -1.000000 0.000000 0.000000
vn -1.000000 0.000000 0.000000
vn -1.000000 0.000000 0.000000
vn -1.000000 0.000000 -0.000000
vn -1.000000 0.000000 0.000000
vn -1.000000 0.000000 -0.000000
vn -1.000000 0.000000 0.000000
vn -1.000000 0.000000 -0.000000
vn -1.000000 0.000000 0.000000
vn -1.000000 0.000000 0.000000
vn -1.000000 0.000000 0.000000
vn -1.000000 0.000000 -0.000000
vn -1.000000 0.000000 0.000000
vn -1.000000 0.000000 -0.000000
vn -1.000000 0.000000 0.000000
vn -1.000000 0.000000 0.000000
vn -1.000000 0.000000 0.000000
vn -1.000000 0.000000 -0.000000
vn -1.000000 0.000000 0.000000
vn -1.000000 0.000000 0.000000
vn -1.000000 0.000000 0.000000
vn -1.000000 0.000000 0.000000
vn -1.000000 0.000000 -0.000000
vn -1.000000 0.000000 0.000000
vn -1.000000 0.000000 0.000000
vn -1.000000 0.000000 0.000000
vn -1.000000 0.000000 -0.000000
vn -1.000000 0.000000 0.000000
vn -1.000000 0.000000 0.000000
vn -1.000000 0.000000 -0.000000
vn -1.000000 0.000000 0.000000
vn -1.000000 0.000000 0.000000
vn -1.000000 0.000000 0.000000
vn -1.000000 0.000000 -0.000000
vn -1.000000 0.000000 0.000000
vn -1.000000 0.000000 -0.000000
vn -1.000000 0.000000 0.000000
vn -1.000000 0.000000 -0.000000
vn -1.000000 0.000000 0.000000
vn -1.000000 0.000000 -0.000000
vn -1.000000 0.000000 0.000000
vn -1.000000 0.000000 0.000000
vn -1.000000 0.000000 -0.000000
vn -1.000000 0.000000 -0.000000
vn -1.000000 0.000000 0.000000
vn -1.000000 0.000000 0.000000
vn -1.000000 0.000000 0.000000
vn -1.000000 0.000000 -0.000000
vn -1.000000 0.000000 0.000000
vn -1.000000 0.000000 0.000000
vn -1.000000 0.000000 0.000000
vn -1.000000 0.000000 -0.000000
vn -1.000000 0.000000 0.000000
vn -1.000000 0.000000 0.000000
vn -1.000000 0.000000 -0.000000
vn -1.000000 0.000000 0.000000
vn -1.000000 0.000000 0.000000
vn -1.000000 0.000000 0.000000
vn -1.000000 0.000000 -0.000000
vn -1.000000 0.000000 0.000000
vn -1.000000 0.000000 0.000000
vn -1.000000 0.000000 0.000000
vn -1.000000 0.000000 -0.000000
vn -1.000000 0.000000 0.000000
vn -1.000000 0.000000 0.000000
vn -1.000000 0.000000 -0.000000
vn -1.000000 0.000000 0.000000
vn -1.000000 0.000000 0.000000
vn -1.000000 0.000000 0.000000
vn -1.000000 0.000000 -0.000000
vn -1.000000 0.000000 0.000000
vn -1.000000 0.000000 0.000000
vn -1.000000 0.000000 0.000000
vn -1.000000 0.000000 0.000000
vn -1.000000 0.000000 -0.000000
vn -1.000000 0.000000 0.000000
vn -1.000000 0.000000 0.000000
vn -1.000000 0.000000 0.000000
vn -1.000000 0.000000 -0.000000
vn -1.000000 0.000000 0.000000
vn -1.000000 0.000000 0.000000
vn -1.000000 0.000000 0.000000
vn -1.000000 0.000000 -0.000000
vn -1.000000 0.000000 0.000000
vn -1.000000 0.000000 0.000000
vn -1.000000 0.000000 -0.000000
vn -1.000000 0.000000 0.000000
vn -1.000000 0.000000 0.000000
vn -1.000000 0.000000 0.000000
vn -1.000000 0.000000 -0.000000
vn -1.000000 0.000000 0.000000
vn -1.000000 0.000000 0.000000
vn -1.000000 0.000000 0.000000
vn -1.000000 0.000000 -0.000000
vn -1.000000 0.000000 0.000000
vn -1.000000 0.000000 0.000000
vn -1.000000 0.000000 -0.000000
vn -1.000000 0.000000 0.000000
vn -1.000000 0.000000 0.000000
f 1//1 2//1 3//1
f 1//2 3//2 4//2
f 5//3 1//3 4//3
f 5//4 4//4 6//4
f 7//5 5//5 6//5
f 7//6 6//6 8//6
f 9//7 7//7 8//7
f 9//8 8//8 10//8
f 11//9 9//9 10//9
f 11//10 10//10 12//10
f 13//11 11//11 12//11
f 13//12 12//12 14//12
f 15//13 13//13 14//13
f 15//14 14//14 16//14
f 17//15 15//15 16//15
f 17//16 16//16 18//16
f 19//17 17//17 18//17
f 19//18 18//18 20//18
f 21//19 19//19 20//19
f 21//20 20//20 22//20
f 23//21 21//21 22//21
f 23//22 22//22 24//22
f 23//23 24//23 25//23
f 26//24 23//24 25//24
f 27//25 26//25 25//25
f 27//26 25//26 28//26
f 29//27 28//27 30//27
f 29//28 27//28 28//28
f 29//29 30//29 31//29
f 32//30 29//30 31//30
f 33//31 31//31 34//31
f 33//32 34//32 35//32
f 33//33 32//33 31//33
f 36//34 33//34 35//34
f 37//35 35//35 38//35
f 37//36 36//36 35//36
f 39//37 38//37 40//37
f 39//38 37//38 38//38
f 41//39 40//39 42//39
f 41//40 39//40 40//40
f 43//41 42//41 44//41
f 43//42 44//42 45//42
f 43//43 41//43 42//43
f 46//44 45//44 47//44
f 46//45 43//45 45//45
f 48//46 46//46 47//46
f 48//47 47//47 49//47
f 50//48 48//48 49//48
f 50//49 49//49 51//49
f 52//50 50//50 51//50
f 53//51 52//51 51//51
f 53//52 51//52 54//52
f 53//53 54//53 55//53
f 56//54 53//54 55//54
f 57//55 56//55 55//55
f 57//56 55//56 58//56
f 57//57 58//57 59//57
f 60//58 57//58 59//58
f 60//59 59//59 61//59
f 62//60 60//60 61//60
f 62//61 61//61 63//61
f 64//62 62//62 63//62
f 65//63 64//63 63//63
f 65//64 63//64 66//64
f 67//65 65//65 66//65
f 67//66 66//66 68//66
f 69//67 67//67 68//67
f 69//68 68//68 70//68
f 71//69 69//69 70//69
f 71//70 70//70 72//70
f 73//71 71//71 72//71
f 73//72 72//72 74//72
f 75//73 73//73 74//73
f 75//74 74//74 76//74
f 75//75 76//75 77//75
f 78//76 75//76 77//76
f 79//77 78//77 77//77
f 79//78 77//78 80//78
f 81//79 79//79 80//79
f 81//80 80//80 82//80
f 81//81 82//81 83//81
f 84//82 81//82 83//82
f 85//83 84//83 83//83
f 85//84 83//84 86//84
f 87//85 85//85 86//85
f 87//86 86//86 88//86
f 87//87 88//87 89//87
f 90//88 87//88 89//88
f 91//89 90//89 89//89
f 91//90 89//90 92//90
f 93//91 91//91 92//91
f 93//92 92//92 94//92
f 95//93 93//93 94//93
f 95//94 94//94 96//94
f 97//95 96//95 98//95
f 97//96 95//96 96//96
f 99//97 98//97 100//97
f 99//98 97//98 98//98
f 101//99 100//99 102//99
f 101//100 99//100 100//100
f 103//101 102//101 104//101
f 103//102 101//102 102//102
f 2//103 104//103 3//103
f 2//104 103//104 104//104
f 68//105 105//105 106//105
f 66//106 107//106 105//106
f 66//107 105//107 68//107
f 70//108 68//108 106//108
f 70//109 106//109 108//109
f 63//110 109//110 107//110
f 63//111 107//111 66//111
f 72//112 108//112 110//112
f 72//113 110//113 111//113
f 72//114 70//114 108//114
f 61//115 112//115 113//115
f 61//116 113//116 109//116
f 61//117 109//117 63//117
f 74//118 72//118 111//118
f 74//119 111//119 114//119
f 59//120 115//120 112//120
f 59//121 112//121 61//121
f 76//122 114//122 116//122
f 76//123 74//123 114//123
f 58//124 117//124 115//124
f 58//125 115//125 59//125
f 77//126 116//126 118//126
f 77//127 76//127 116//127
f 55//128 119//128 117//128
f 55//129 117//129 58//129
f 80//130 77//130 118//130
f 80//131 118//131 120//131
f 80//132 120//132 121//132
f 54//133 122//133 123//133
f 54//134 123//134 119//134
f 54//135 119//135 55//135
f 82//136 80//136 121//136
f 82//137 121//137 124//137
f 51//138 125//138 122//138
f 51//139 122//139 54//139
f 83//140 124//140 126//140
f 83//141 82//141 124//141
f 49//142 127//142 125//142
f 49//143 125//143 51//143
f 86//144 83//144 126//144
f 86//145 126//145 128//145
f 47//146 127//146 49//146
f 47//147 129//147 127//147
f 88//148 86//148 128//148
f 88//149 128//149 130//149
f 88//150 130//150 131//150
f 45//151 129//151 47//151
f 45//152 132//152 133//152
f 45//153 133//153 129//153
f 89//154 88//154 131//154
f 44//155 132//155 45//155
f 134//156 89//156 131//156
f 135//157 132//157 44//157
f 42//158 135//158 44//158
f 92//159 89//159 134//159
f 136//160 92//160 134//160
f 137//161 135//161 42//161
f 40//162 137//162 42//162
f 94//163 92//163 136//163
f 138//164 94//164 136//164
f 139//165 137//165 40//165
f 38//166 139//166 40//166
f 96//167 94//167 138//167
f 140//168 98//168 96//168
f 140//169 96//169 138//169
f 141//170 139//170 38//170
f 141//171 38//171 35//171
f 142//172 98//172 140//172
f 143//173 141//173 35//173
f 144//174 100//174 98//174
f 144//175 98//175 142//175
f 145//176 143//176 35//176
f 145//177 35//177 34//177
f 146//178 102//178 100//178
f 146//179 100//179 144//179
f 147//180 145//180 34//180
f 147//181 34//181 31//181
f 148//182 104//182 102//182
f 148//183 102//183 146//183
f 149//184 31//184 30//184
f 149//185 147//185 31//185
f 150//186 3//186 104//186
f 150//187 104//187 148//187
f 151//188 30//188 28//188
f 151//189 149//189 30//189
f 152//190 151//190 28//190
f 153//191 3//191 150//191
f 154//192 152//192 28//192
f 154//193 28//193 25//193
f 155//194 3//194 153//194
f 155//195 4//195 3//195
f 156//196 4//196 155//196
f 156//197 6//197 4//197
f 157//198 154//198 25//198
f 157//199 25//199 24//199
f 158//200 6//200 156//200
f 158//201 8//201 6//201
f 159//202 157//202 24//202
f 159//203 24//203 22//203
f 160//204 8//204 158//204
f 160//205 10//205 8//205
f 161//206 159//206 22//206
f 161//207 22//207 20//207
f 162//208 10//208 160//208
f 163//209 161//209 20//209
f 164//210 163//210 20//210
f 164//211 20//211 18//211
f 165//212 10//212 162//212
f 165//213 12//213 10//213
f 166//214 164//214 18//214
f 166//215 18//215 16//215
f 167//216 12//216 165//216
f 167//217 14//217 12//217
f 168//218 166//218 16//218
f 168//219 14//219 167//219
f 168//220 16//220 14//220
f 153//221 169//221 170//221
f 155//222 170//222 171//222
f 155//223 153//223 170//223
f 156//224 155//224 171//224
f 158//225 171//225 172//225
f 158//226 156//226 171//226
f 160//227 172//227 173//227
f 160//228 158//228 172//228
f 162//229 173//229 174//229
f 162//230 160//230 173//230
f 165//231 174//231 175//231
f 165//232 162//232 174//232
f 167//233 175//233 176//233
f 167//234 165//234 175//234
f 168//235 176//235 177//235
f 168//236 167//236 176//236
f 166//237 177//237 178//237
f 166//238 168//238 177//238
f 164//239 178//239 179//239
f 164//240 166//240 178//240
f 163//241 179//241 180//241
f 163//242 180//242 181//242
f 163//243 164//243 179//243
f 161//244 163//244 181//244
f 159//245 181//245 182//245
f 159//246 161//246 181//246
f 157//247 182//247 183//247
f 157//248 159//248 182//248
f 154//249 183//249 184//249
f 154//250 157//250 183//250
f 152//251 184//251 185//251
f 152//252 154//252 184//252
f 151//253 185//253 186//253
f 151//254 152//254 185//254
f 149//255 151//255 186//255
f 149//256 186//256 187//256
f 147//257 149//257 187//257
f 147//258 187//258 188//258
f 145//259 147//259 188//259
f 145//260 188//260 189//260
f 143//261 145//261 189//261
f 143//262 189//262 190//262
f 141//263 190//263 191//263
f 141//264 143//264 190//264
f 139//265 191//265 192//265
f 139//266 141//266 191//266
f 137//267 192//267 193//267
f 137//268 139//268 192//268
f 135//269 193//269 194//269
f 135//270 137//270 193//270
f 132//271 194//271 195//271
f 132//272 135//272 194//272
f 133//273 195//273 196//273
f 133//274 132//274 195//274
f 129//275 196//275 197//275
f 129//276 133//276 196//276
f 127//277 197//277 198//277
f 127//278 198//278 199//278
f 127//279 129//279 197//279
f 125//280 127//280 199//280
f 122//281 199//281 200//281
f 122//282 125//282 199//282
f 123//283 200//283 201//283
f 123//284 122//284 200//284
f 119//285 201//285 202//285
f 119//286 123//286 201//286
f 117//287 202//287 203//287
f 117//288 119//288 202//288
f 115//289 203//289 204//289
f 115//290 204//290 205//290
f 115//291 117//291 203//291
f 112//292 115//292 205//292
f 113//293 205//293 206//293
f 113//294 112//294 205//294
f 109//295 206//295 207//295
f 109//296 113//296 206//296
f 107//297 207//297 208//297
f 107//298 208//298 209//298
f 107//299 109//299 207//299
f 105//300 107//300 209//300
f 106//301 209//301 210//301
f 106//302 105//302 209//302
f 108//303 106//303 210//303
f 108//304 210//304 211//304
f 110//305 108//305 211//305
f 110//306 211//306 212//306
f 111//307 110//307 212//307
f 111//308 212//308 213//308
f 111//309 213//309 214//309
f 114//310 111//310 214//310
f 114//311 214//311 215//311
f 116//312 114//312 215//312
f 118//313 116//313 215//313
f 118//314 215//314 216//314
f 120//315 118//315 216//315
f 120//316 216//316 217//316
f 120//317 217//317 218//317
f 121//318 120//318 218//318
f 124//319 121//319 218//319
f 124//320 218//320 219//320
f 124//321 219//321 220//321
f 126//322 124//322 220//322
f 128//323 126//323 220//323
f 128//324 220//324 221//324
f 130//325 128//325 221//325
f 130//326 221//326 222//326
f 130//327 222//327 223//327
f 131//328 130//328 223//328
f 134//329 131//329 223//329
f 134//330 223//330 224//330
f 134//331 224//331 225//331
f 136//332 134//332 225//332
f 136//333 225//333 226//333
f 138//334 136//334 226//334
f 140//335 226//335 227//335
f 140//336 227//336 228//336
f 140//337 138//337 226//337
f 142//338 140//338 228//338
f 144//339 228//339 229//339
f 144//340 229//340 230//340
f 144//341 142//341 228//341
f 146//342 144//342 230//342
f 148//343 230//343 231//343
f 148//344 231//344 232//344
f 148//345 146//345 230//345
f 150//346 232//346 169//346
f 150//347 148//347 232//347
f 153//348 150//348 169//348
f 209//349 233//349 234//349
f 209//350 234//350 235//350
f 208//351 236//351 233//351
f 208//352 233//352 209//352
f 210//353 235//353 237//353
f 210//354 209//354 235//354
f 207//355 236//355 208//355
f 207//356 238//356 236//356
f 211//357 210//357 237//357
f 211//358 237//358 239//358
f 206//359 238//359 207//359
f 206//360 240//360 241//360
f 206//361 241//361 238//361
f 212//362 239//362 242//362
f 212//363 242//363 243//363
f 212//364 211//364 239//364
f 205//365 240//365 206//365
f 205//366 244//366 240//366
f 213//367 243//367 245//367
f 213//368 212//368 243//368
f 204//369 244//369 205//369
f 204//370 246//370 247//370
f 204//371 247//371 244//371
f 214//372 245//372 248//372
f 214//373 213//373 245//373
f 214//374 248//374 249//374
f 203//375 246//375 204//375
f 203//376 250//376 246//376
f 215//377 249//377 251//377
f 215//378 214//378 249//378
f 202//379 250//379 203//379
f 202//380 252//380 250//380
f 216//381 215//381 251//381
f 216//382 251//382 253//382
f 201//383 254//383 255//383
f 201//384 255//384 252//384
f 201//385 252//385 202//385
f 217//386 216//386 253//386
f 217//387 253//387 256//387
f 217//388 256//388 257//388
f 200//389 258//389 254//389
f 200//390 254//390 201//390
f 218//391 217//391 257//391
f 218//392 257//392 259//392
f 199//393 260//393 258//393
f 199//394 258//394 200//394
f 219//395 218//395 259//395
f 219//396 259//396 261//396
f 198//397 260//397 199//397
f 198//398 262//398 263//398
f 198//399 263//399 260//399
f 220//400 219//400 261//400
f 220//401 261//401 264//401
f 220//402 264//402 265//402
f 197//403 262//403 198//403
f 197//404 266//404 262//404
f 221//405 265//405 267//405
f 221//406 220//406 265//406
f 222//407 221//407 267//407
f 222//408 267//408 268//408
f 222//409 268//409 269//409
f 196//410 270//410 271//410
f 196//411 271//411 266//411
f 196//412 266//412 197//412
f 223//413 269//413 272//413
f 223//414 222//414 269//414
f 195//415 273//415 270//415
f 195//416 270//416 196//416
f 224//417 272//417 274//417
f 224//418 223//418 272//418
f 194//419 275//419 273//419
f 194//420 273//420 195//420
f 225//421 224//421 274//421
f 193//422 275//422 194//422
f 276//423 275//423 193//423
f 277//424 225//424 274//424
f 278//425 276//425 193//425
f 278//426 193//426 192//426
f 279//427 226//427 225//427
f 279//428 225//428 277//428
f 280//429 192//429 191//429
f 280//430 278//430 192//430
f 281//431 227//431 226//431
f 281//432 226//432 279//432
f 282//433 191//433 190//433
f 282//434 280//434 191//434
f 283//435 227//435 281//435
f 283//436 228//436 227//436
f 284//437 282//437 190//437
f 285//438 228//438 283//438
f 286//439 190//439 189//439
f 286//440 284//440 190//440
f 287//441 228//441 285//441
f 287//442 229//442 228//442
f 288//443 189//443 188//443
f 288//444 286//444 189//444
f 289//445 229//445 287//445
f 289//446 230//446 229//446
f 290//447 288//447 188//447
f 291//448 230//448 289//448
f 292//449 188//449 187//449
f 292//450 290//450 188//450
f 293//451 231//451 230//451
f 293//452 230//452 291//452
f 294//453 187//453 186//453
f 294//454 292//454 187//454
f 295//455 232//455 231//455
f 295//456 231//456 293//456
f 296//457 186//457 185//457
f 296//458 294//458 186//458
f 297//459 169//459 232//459
f 297//460 232//460 295//460
f 298//461 169//461 297//461
f 299//462 296//462 185//462
f 300//463 169//463 298//463
f 300//464 170//464 169//464
f 301//465 185//465 184//465
f 301//466 299//466 185//466
f 302//467 170//467 300//467
f 302//468 171//468 170//468
f 303//469 184//469 183//469
f 303//470 301//470 184//470
f 304//471 171//471 302//471
f 304//472 172//472 171//472
f 305//473 183//473 182//473
f 305//474 303//474 183//474
f 306//475 172//475 304//475
f 307//476 305//476 182//476
f 308//477 182//477 181//477
f 308//478 307//478 182//478
f 309//479 172//479 306//479
f 309//480 173//480 172//480
f 310//481 308//481 181//481
f 310//482 181//482 180//482
f 311//483 173//483 309//483
f 311//484 174//484 173//484
f 312//485 174//485 311//485
f 313//486 310//486 180//486
f 314//487 174//487 312//487
f 314//488 175//488 174//488
f 315//489 313//489 180//489
f 315//490 180//490 179//490
f 316//491 175//491 314//491
f 316//492 176//492 175//492
f 317//493 315//493 179//493
f 317//494 179//494 178//494
f 318//495 176//495 316//495
f 318//496 177//496 176//496
f 319//497 317//497 178//497
f 319//498 178//498 177//498
f 320//499 177//499 318//499
f 320//500 319//500 177//500
f 300//501 321//501 322//501
f 300//502 298//502 321//502
f 302//503 322//503 323//503
f 302//504 300//504 322//504
f 304//505 323//505 324//505
f 304//506 324//506 325//506
f 304//507 302//507 323//507
f 306//508 304//508 325//508
f 309//509 306//509 325//509
f 309//510 325//510 326//510
f 311//511 309//511 326//511
f 311//512 326//512 327//512
f 311//513 327//513 328//513
f 312//514 311//514 328//514
f 314//515 328//515 329//515
f 314//516 329//516 330//516
f 314//517 312//517 328//517
f 316//518 330//518 331//518
f 316//519 314//519 330//519
f 318//520 331//520 332//520
f 318//521 316//521 331//521
f 320//522 318//522 332//522
f 319//523 332//523 333//523
f 319//524 333//524 334//524
f 319//525 320//525 332//525
f 317//526 334//526 335//526
f 317//527 319//527 334//527
f 315//528 335//528 336//528
f 315//529 317//529 335//529
f 313//530 315//530 336//530
f 310//531 336//531 337//531
f 310//532 313//532 336//532
f 308//533 337//533 338//533
f 308//534 338//534 339//534
f 308//535 310//535 337//535
f 307//536 308//536 339//536
f 305//537 339//537 340//537
f 305//538 340//538 341//538
f 305//539 307//539 339//539
f 303//540 305//540 341//540
f 301//541 341//541 342//541
f 301//542 303//542 341//542
f 299//543 342//543 343//543
f 299//544 301//544 342//544
f 296//545 343//545 344//545
f 296//546 299//546 343//546
f 294//547 344//547 345//547
f 294//548 296//548 344//548
f 292//549 345//549 346//549
f 292//550 294//550 345//550
f 290//551 346//551 347//551
f 290//552 292//552 346//552
f 288//553 347//553 348//553
f 288//554 348//554 349//554
f 288//555 290//555 347//555
f 286//556 349//556 350//556
f 286//557 288//557 349//557
f 284//558 350//558 351//558
f 284//559 286//559 350//559
f 282//560 284//560 351//560
f 282//561 351//561 352//561
f 280//562 282//562 352//562
f 280//563 352//563 353//563
f 278//564 280//564 353//564
f 276//565 278//565 353//565
f 276//566 353//566 354//566
f 275//567 276//567 354//567
f 275//568 354//568 355//568
f 273//569 275//569 355//569
f 273//570 355//570 356//570
f 270//571 273//571 356//571
f 270//572 356//572 357//572
f 271//573 270//573 357//573
f 271//574 357//574 358//574
f 266//575 271//575 358//575
f 266//576 358//576 359//576
f 266//577 359//577 360//577
f 262//578 266//578 360//578
f 263//579 262//579 360//579
f 263//580 360//580 361//580
f 263//581 361//581 362//581
f 260//582 263//582 362//582
f 258//583 362//583 363//583
f 258//584 260//584 362//584
f 258//585 363//585 364//585
f 254//586 258//586 364//586
f 255//587 364//587 365//587
f 255//588 254//588 364//588
f 252//589 365//589 366//589
f 252//590 255//590 365//590
f 250//591 366//591 367//591
f 250//592 367//592 368//592
f 250//593 252//593 366//593
f 246//594 250//594 368//594
f 247//595 368//595 369//595
f 247//596 246//596 368//596
f 244//597 369//597 370//597
f 244//598 247//598 369//598
f 240//599 370//599 371//599
f 240//600 244//600 370//600
f 241//601 371//601 372//601
f 241//602 372//602 373//602
f 241//603 240//603 371//603
f 238//604 241//604 373//604
f 236//605 373//605 374//605
f 236//606 238//606 373//606
f 233//607 374//607 375//607
f 233//608 236//608 374//608
f 234//609 375//609 376//609
f 234//610 376//610 377//610
f 234//611 233//611 375//611
f 235//612 377//612 378//612
f 235//613 234//613 377//613
f 237//614 235//614 378//614
f 239//615 237//615 378//615
f 239//616 378//616 379//616
f 242//617 239//617 379//617
f 242//618 379//618 380//618
f 242//619 380//619 381//619
f 243//620 242//620 381//620
f 245//621 243//621 381//621
f 245//622 381//622 382//622
f 245//623 382//623 383//623
f 248//624 245//624 383//624
f 248//625 383//625 384//625
f 249//626 248//626 384//626
f 251//627 249//627 384//627
f 251//628 384//628 385//628
f 253//629 251//629 385//629
f 253//630 385//630 386//630
f 253//631 386//631 387//631
f 256//632 253//632 387//632
f 257//633 256//633 387//633
f 257//634 387//634 388//634
f 257//635 388//635 389//635
f 259//636 257//636 389//636
f 261//637 259//637 389//637
f 261//638 389//638 390//638
f 264//639 261//639 390//639
f 264//640 390//640 391//640
f 265//641 264//641 391//641
f 265//642 391//642 392//642
f 267//643 265//643 392//643
f 267//644 392//644 393//644
f 268//645 267//645 393//645
f 268//646 393//646 394//646
f 268//647 394//647 395//647
f 269//648 268//648 395//648
f 272//649 395//649 396//649
f 272//650 396//650 397//650
f 272//651 269//651 395//651
f 274//652 272//652 397//652
f 277//653 397//653 398//653
f 277//654 398//654 399//654
f 277//655 274//655 397//655
f 279//656 277//656 399//656
f 281//657 399//657 400//657
f 281//658 279//658 399//658
f 283//659 400//659 401//659
f 283//660 281//660 400//660
f 285//661 283//661 401//661
f 285//662 401//662 402//662
f 287//663 285//663 402//663
f 287//664 402//664 403//664
f 289//665 287//665 403//665
f 289//666 403//666 404//666
f 291//667 289//667 404//667
f 291//668 404//668 405//668
f 293//669 291//669 405//669
f 293//670 405//670 406//670
f 293//671 406//671 407//671
f 295//672 407//672 408//672
f 295//673 293//673 407//673
f 297//674 295//674 408//674
f 298//675 297//675 408//675
f 298//676 408//676 321//676
f 376//677 409//677 410//677
f 377//678 410//678 411//678
f 377//679 376//679 410//679
f 375//680 412//680 409//680
f 375//681 409//681 376//681
f 378//682 411//682 413//682
f 378//683 377//683 411//683
f 374//684 414//684 412//684
f 374//685 412//685 375//685
f 379//686 413//686 415//686
f 379//687 378//687 413//687
f 373//688 414//688 374//688
f 373//689 416//689 414//689
f 380//690 379//690 415//690
f 380//691 415//691 417//691
f 372//692 416//692 373//692
f 372//693 418//693 416//693
f 381//694 417//694 419//694
f 381//695 380//695 417//695
f 371//696 418//696 372//696
f 371//697 420//697 418//697
f 382//698 381//698 419//698
f 382//699 419//699 421//699
f 370//700 420//700 371//700
f 370//701 422//701 420//701
f 383//702 382//702 421//702
f 383//703 421//703 423//703
f 369//704 422//704 370//704
f 369//705 424//705 422//705
f 384//706 383//706 423//706
f 384//707 423//707 425//707
f 368//708 424//708 369//708
f 368//709 426//709 424//709
f 385//710 384//710 425//710
f 385//711 425//711 427//711
f 367//712 426//712 368//712
f 428//713 426//713 367//713
f 386//714 385//714 427//714
f 386//715 427//715 429//715
f 366//716 428//716 367//716
f 430//717 428//717 366//717
f 387//718 386//718 429//718
f 387//719 429//719 431//719
f 365//720 430//720 366//720
f 432//721 430//721 365//721
f 364//722 432//722 365//722
f 388//723 431//723 433//723
f 388//724 387//724 431//724
f 434//725 432//725 364//725
f 363//726 434//726 364//726
f 389//727 433//727 435//727
f 389//728 388//728 433//728
f 436//729 434//729 363//729
f 362//730 436//730 363//730
f 390//731 435//731 437//731
f 390//732 389//732 435//732
f 438//733 436//733 362//733
f 361//734 438//734 362//734
f 391//735 390//735 437//735
f 439//736 391//736 437//736
f 440//737 438//737 361//737
f 360//738 440//738 361//738
f 392//739 391//739 439//739
f 441//740 392//740 439//740
f 442//741 440//741 360//741
f 359//742 442//742 360//742
f 393//743 392//743 441//743
f 443//744 393//744 441//744
f 444//745 442//745 359//745
f 358//746 444//746 359//746
f 394//747 393//747 443//747
f 445//748 394//748 443//748
f 446//749 444//749 358//749
f 357//750 446//750 358//750
f 395//751 394//751 445//751
f 447//752 395//752 445//752
f 448//753 446//753 357//753
f 356//754 448//754 357//754
f 396//755 395//755 447//755
f 449//756 396//756 447//756
f 450//757 448//757 356//757
f 355//758 450//758 356//758
f 397//759 396//759 449//759
f 451//760 397//760 449//760
f 452//761 450//761 355//761
f 354//762 452//762 355//762
f 398//763 397//763 451//763
f 453//764 398//764 451//764
f 454//765 452//765 354//765
f 353//766 454//766 354//766
f 399//767 398//767 453//767
f 455//768 399//768 453//768
f 456//769 454//769 353//769
f 352//770 456//770 353//770
f 400//771 399//771 455//771
f 457//772 400//772 455//772
f 458//773 456//773 352//773
f 351//774 458//774 352//774
f 401//775 400//775 457//775
f 459//776 401//776 457//776
f 460//777 458//777 351//777
f 350//778 460//778 351//778
f 402//779 401//779 459//779
f 461//780 402//780 459//780
f 462//781 460//781 350//781
f 349//782 462//782 350//782
f 403//783 402//783 461//783
f 463//784 403//784 461//784
f 464//785 462//785 349//785
f 348//786 464//786 349//786
f 404//787 403//787 463//787
f 465//788 404//788 463//788
f 466//789 464//789 348//789
f 347//790 466//790 348//790
f 405//791 404//791 465//791
f 467//792 405//792 465//792
f 468//793 466//793 347//793
f 346//794 468//794 347//794
f 406//795 405//795 467//795
f 469//796 406//796 467//796
f 470//797 468//797 346//797
f 345//798 470//798 346//798
f 407//799 406//799 469//799
f 471//800 407//800 469//800
f 472//801 470//801 345//801
f 344//802 472//802 345//802
f 408//803 407//803 471//803
f 473//804 408//804 471//804
f 474//805 472//805 344//805
f 321//806 408//806 473//806
f 343//807 474//807 344//807
f 475//808 321//808 473//808
f 476//809 474//809 343//809
f 342//810 476//810 343//810
f 477//811 321//811 475//811
f 477//812 322//812 321//812
f 478//813 476//813 342//813
f 341//814 478//814 342//814
f 479//815 322//815 477//815
f 479//816 323//816 322//816
f 480//817 478//817 341//817
f 340//818 480//818 341//818
f 481//819 323//819 479//819
f 481//820 324//820 323//820
f 482//821 480//821 340//821
f 339//822 482//822 340//822
f 483//823 324//823 481//823
f 483//824 325//824 324//824
f 484//825 482//825 339//825
f 338//826 484//826 339//826
f 485//827 325//827 483//827
f 485//828 326//828 325//828
f 486//829 338//829 337//829
f 486//830 484//830 338//830
f 487//831 326//831 485//831
f 487//832 327//832 326//832
f 488//833 337//833 336//833
f 488//834 486//834 337//834
f 489//835 327//835 487//835
f 489//836 328//836 327//836
f 490//837 336//837 335//837
f 490//838 488//838 336//838
f 491//839 328//839 489//839
f 491//840 329//840 328//840
f 492//841 335//841 334//841
f 492//842 490//842 335//842
f 493//843 329//843 491//843
f 493//844 330//844 329//844
f 494//845 334//845 333//845
f 494//846 492//846 334//846
f 495//847 330//847 493//847
f 495//848 331//848 330//848
f 496//849 333//849 332//849
f 496//850 494//850 333//850
f 497//851 496//851 332//851
f 497//852 331//852 495//852
f 497//853 332//853 331//853
f 475//854 498//854 499//854
f 477//855 475//855 499//855
f 479//856 499//856 500//856
f 479//857 477//857 499//857
f 481//858 500//858 501//858
f 481//859 501//859 502//859
f 481//860 479//860 500//860
f 483//861 481//861 502//861
f 485//862 483//862 502//862
f 485//863 502//863 503//863
f 487//864 485//864 503//864
f 487//865 503//865 504//865
f 487//866 504//866 505//866
f 489//867 487//867 505//867
f 489//868 505//868 506//868
f 491//869 489//869 506//869
f 493//870 506//870 507//870
f 493//871 491//871 506//871
f 495//872 507//872 508//872
f 495//873 508//873 509//873
f 495//874 493//874 507//874
f 497//875 495//875 509//875
f 496//876 509//876 510//876
f 496//877 497//877 509//877
f 494//878 510//878 511//878
f 494//879 496//879 510//879
f 492//880 511//880 512//880
f 492//881 512//881 513//881
f 492//882 494//882 511//882
f 490//883 492//883 513//883
f 488//884 513//884 514//884
f 488//885 490//885 513//885
f 486//886 514//886 515//886
f 486//887 515//887 516//887
f 486//888 488//888 514//888
f 484//889 486//889 516//889
f 482//890 516//890 517//890
f 482//891 484//891 516//891
f 480//892 517//892 518//892
f 480//893 518//893 519//893
f 480//894 482//894 517//894
f 478//895 480//895 519//895
f 476//896 519//896 520//896
f 476//897 478//897 519//897
f 474//898 520//898 521//898
f 474//899 476//899 520//899
f 472//900 521//900 522//900
f 472//901 474//901 521//901
f 470//902 522//902 523//902
f 470//903 472//903 522//903
f 468//904 523//904 524//904
f 468//905 470//905 523//905
f 466//906 524//906 525//906
f 466//907 468//907 524//907
f 464//908 525//908 526//908
f 464//909 466//909 525//909
f 462//910 526//910 527//910
f 462//911 527//911 528//911
f 462//912 464//912 526//912
f 460//913 462//913 528//913
f 458//914 460//914 528//914
f 458//915 528//915 529//915
f 456//916 458//916 529//916
f 456//917 529//917 530//917
f 454//918 456//918 530//918
f 454//919 530//919 531//919
f 454//920 531//920 532//920
f 452//921 454//921 532//921
f 450//922 452//922 532//922
f 450//923 532//923 533//923
f 450//924 533//924 534//924
f 448//925 450//925 534//925
f 446//926 448//926 534//926
f 446//927 534//927 535//927
f 444//928 446//928 535//928
f 444//929 535//929 536//929
f 442//930 536//930 537//930
f 442//931 444//931 536//931
f 440//932 537//932 538//932
f 440//933 442//933 537//933
f 438//934 538//934 539//934
f 438//935 440//935 538//935
f 436//936 539//936 540//936
f 436//937 540//937 541//937
f 436//938 438//938 539//938
f 434//939 436//939 541//939
f 432//940 434//940 541//940
f 432//941 541//941 542//941
f 430//942 542//942 543//942
f 430//943 543//943 544//943
f 430//944 432//944 542//944
f 428//945 544//945 545//945
f 428//946 430//946 544//946
f 426//947 428//947 545//947
f 424//948 545//948 546//948
f 424//949 546//949 547//949
f 424//950 426//950 545//950
f 422//951 424//951 547//951
f 420//952 547//952 548//952
f 420//953 422//953 547//953
f 418//954 548//954 549//954
f 418//955 420//955 548//955
f 416//956 549//956 550//956
f 416//957 550//957 551//957
f 416//958 418//958 549//958
f 414//959 416//959 551//959
f 412//960 551//960 552//960
f 412//961 414//961 551//961
f 409//962 552//962 553//962
f 409//963 412//963 552//963
f 410//964 409//964 553//964
f 410//965 553//965 554//965
f 411//966 410//966 554//966
f 411//967 554//967 555//967
f 413//968 411//968 555//968
f 413//969 555//969 556//969
f 415//970 413//970 556//970
f 415//971 556//971 557//971
f 417//972 415//972 557//972
f 417//973 557//973 558//973
f 419//974 417//974 558//974
f 419//975 558//975 559//975
f 421//976 419//976 559//976
f 421//977 559//977 560//977
f 421//978 560//978 561//978
f 423//979 421//979 561//979
f 425//980 423//980 561//980
f 425//981 561//981 562//981
f 427//982 425//982 562//982
f 427//983 562//983 563//983
f 429//984 427//984 563//984
f 429//985 563//985 564//985
f 431//986 429//986 564//986
f 431//987 564//987 565//987
f 433//988 431//988 565//988
f 433//989 565//989 566//989
f 435//990 433//990 566//990
f 435//991 566//991 567//991
f 437//992 435//992 567//992
f 437//993 567//993 568//993
f 439//994 437//994 568//994
f 439//995 568//995 569//995
f 441//996 439//996 569//996
f 441//997 569//997 570//997
f 443//998 441//998 570//998
f 443//999 570//999 571//999
f 445//1000 443//1000 571//1000
f 445//1001 571//1001 572//1001
f 447//1002 572//1002 573//1002
f 447//1003 445//1003 572//1003
f 449//1004 573//1004 574//1004
f 449//1005 447//1005 573//1005
f 451//1006 574//1006 575//1006
f 451//1007 449//1007 574//1007
f 453//1008 575//1008 576//1008
f 453//1009 451//1009 575//1009
f 455//1010 576//1010 577//1010
f 455//1011 453//1011 576//1011
f 457//1012 577//1012 578//1012
f 457//1013 578//1013 579//1013
f 457//1014 455//1014 577//1014
f 459//1015 457//1015 579//1015
f 461//1016 459//1016 579//1016
f 461//1017 579//1017 580//1017
f 463//1018 461//1018 580//1018
f 463//1019 580//1019 581//1019
f 463//1020 581//1020 582//1020
f 465//1021 463//1021 582//1021
f 465//1022 582//1022 583//1022
f 467//1023 465//1023 583//1023
f 469//1024 467//1024 583//1024
f 469//1025 583//1025 584//1025
f 471//1026 469//1026 584//1026
f 471//1027 584//1027 585//1027
f 473//1028 471//1028 585//1028
f 473//1029 585//1029 586//1029
f 473//1030 586//1030 498//1030
f 475//1031 473//1031 498//1031
f 587//1032 576//1032 575//1032
f 588//1033 577//1033 576//1033
f 588//1034 578//1034 577//1034
f 588//1035 576//1035 587//1035
f 589//1036 587//1036 575//1036
f 589//1037 575//1037 574//1037
f 590//1038 578//1038 588//1038
f 590//1039 579//1039 578//1039
f 591//1040 589//1040 574//1040
f 591//1041 573//1041 572//1041
f 591//1042 574//1042 573//1042
f 592//1043 579//1043 590//1043
f 592//1044 580//1044 579//1044
f 592//1045 581//1045 580//1045
f 593//1046 591//1046 572//1046
f 593//1047 572//1047 571//1047
f 594//1048 581//1048 592//1048
f 594//1049 582//1049 581//1049
f 595//1050 593//1050 571//1050
f 595//1051 570//1051 569//1051
f 595//1052 571//1052 570//1052
f 596//1053 582//1053 594//1053
f 596//1054 583//1054 582//1054
f 597//1055 595//1055 569//1055
f 597//1056 569//1056 568//1056
f 598//1057 583//1057 596//1057
f 598//1058 584//1058 583//1058
f 598//1059 585//1059 584//1059
f 599//1060 597//1060 568//1060
f 599//1061 568//1061 567//1061
f 600//1062 585//1062 598//1062
f 600//1063 586//1063 585//1063
f 601//1064 599//1064 567//1064
f 601//1065 566//1065 565//1065
f 601//1066 567//1066 566//1066
f 602//1067 499//1067 498//1067
f 602//1068 586//1068 600//1068
f 602//1069 498//1069 586//1069
f 603//1070 601//1070 565//1070
f 603//1071 565//1071 564//1071
f 604//1072 500//1072 499//1072
f 604//1073 499//1073 602//1073
f 605//1074 603//1074 564//1074
f 605//1075 563//1075 562//1075
f 605//1076 564//1076 563//1076
f 606//1077 501//1077 500//1077
f 606//1078 502//1078 501//1078
f 606//1079 500//1079 604//1079
f 607//1080 605//1080 562//1080
f 607//1081 562//1081 561//1081
f 608//1082 502//1082 606//1082
f 608//1083 503//1083 502//1083
f 609//1084 560//1084 559//1084
f 609//1085 561//1085 560//1085
f 609//1086 607//1086 561//1086
f 610//1087 504//1087 503//1087
f 610//1088 503//1088 608//1088
f 611//1089 559//1089 558//1089
f 611//1090 609//1090 559//1090
f 612//1091 505//1091 504//1091
f 612//1092 506//1092 505//1092
f 612//1093 504//1093 610//1093
f 613//1094 558//1094 557//1094
f 613//1095 611//1095 558//1095
f 614//1096 507//1096 506//1096
f 614//1097 506//1097 612//1097
f 615//1098 556//1098 555//1098
f 615//1099 557//1099 556//1099
f 615//1100 613//1100 557//1100
f 616//1101 508//1101 507//1101
f 616//1102 507//1102 614//1102
f 617//1103 615//1103 555//1103
f 554//1104 617//1104 555//1104
f 509//1105 508//1105 616//1105
f 618//1106 509//1106 616//1106
f 619//1107 617//1107 554//1107
f 553//1108 619//1108 554//1108
f 510//1109 509//1109 618//1109
f 510//1110 618//1110 620//1110
f 552//1111 619//1111 553//1111
f 552//1112 621//1112 619//1112
f 511//1113 510//1113 620//1113
f 511//1114 620//1114 622//1114
f 551//1115 621//1115 552//1115
f 551//1116 623//1116 621//1116
f 512//1117 511//1117 622//1117
f 550//1118 624//1118 623//1118
f 550//1119 623//1119 551//1119
f 513//1120 512//1120 622//1120
f 513//1121 622//1121 625//1121
f 549//1122 624//1122 550//1122
f 514//1123 625//1123 626//1123
f 514//1124 513//1124 625//1124
f 548//1125 627//1125 624//1125
f 548//1126 624//1126 549//1126
f 515//1127 514//1127 626//1127
f 547//1128 628//1128 627//1128
f 547//1129 627//1129 548//1129
f 516//1130 626//1130 629//1130
f 516//1131 515//1131 626//1131
f 546//1132 628//1132 547//1132
f 517//1133 629//1133 630//1133
f 517//1134 516//1134 629//1134
f 545//1135 631//1135 628//1135
f 545//1136 628//1136 546//1136
f 518//1137 630//1137 632//1137
f 518//1138 517//1138 630//1138
f 544//1139 633//1139 631//1139
f 544//1140 631//1140 545//1140
f 519//1141 518//1141 632//1141
f 543//1142 633//1142 544//1142
f 520//1143 632//1143 634//1143
f 520//1144 519//1144 632//1144
f 542//1145 633//1145 543//1145
f 542//1146 635//1146 633//1146
f 521//1147 634//1147 636//1147
f 521//1148 520//1148 634//1148
f 541//1149 635//1149 542//1149
f 541//1150 637//1150 635//1150
f 522//1151 521//1151 636//1151
f 540//1152 637//1152 541//1152
f 540//1153 638//1153 637//1153
f 523//1154 636//1154 639//1154
f 523//1155 522//1155 636//1155
f 539//1156 638//1156 540//1156
f 524//1157 639//1157 640//1157
f 524//1158 523//1158 639//1158
f 538//1159 641//1159 638//1159
f 538//1160 638//1160 539//1160
f 525//1161 524//1161 640//1161
f 537//1162 642//1162 641//1162
f 537//1163 641//1163 538//1163
f 526//1164 640//1164 643//1164
f 526//1165 525//1165 640//1165
f 536//1166 642//1166 537//1166
f 527//1167 643//1167 644//1167
f 527//1168 526//1168 643//1168
f 535//1169 645//1169 642//1169
f 535//1170 642//1170 536//1170
f 528//1171 644//1171 646//1171
f 528//1172 527//1172 644//1172
f 534//1173 647//1173 645//1173
f 534//1174 645//1174 535//1174
f 529//1175 528//1175 646//1175
f 533//1176 648//1176 647//1176
f 533//1177 647//1177 534//1177
f 530//1178 646//1178 649//1178
f 530//1179 529//1179 646//1179
f 532//1180 648//1180 533//1180
f 531//1181 649//1181 648//1181
f 531//1182 648//1182 532//1182
f 531//1183 530//1183 649//1183
f 604//1184 650//1184 651//1184
f 604//1185 602//1185 650//1185
f 606//1186 651//1186 652//1186
f 606//1187 604//1187 651//1187
f 608//1188 652//1188 653//1188
f 608//1189 606//1189 652//1189
f 610//1190 653//1190 654//1190
f 610//1191 608//1191 653//1191
f 612//1192 654//1192 655//1192
f 612//1193 610//1193 654//1193
f 614//1194 655//1194 656//1194
f 614//1195 612//1195 655//1195
f 616//1196 656//1196 657//1196
f 616//1197 614//1197 656//1197
f 618//1198 657//1198 658//1198
f 618//1199 616//1199 657//1199
f 620//1200 658//1200 659//1200
f 620//1201 618//1201 658//1201
f 622//1202 659//1202 660//1202
f 622//1203 620//1203 659//1203
f 625//1204 660//1204 661//1204
f 625//1205 622//1205 660//1205
f 626//1206 661//1206 662//1206
f 626//1207 625//1207 661//1207
f 629//1208 662//1208 663//1208
f 629//1209 626//1209 662//1209
f 630//1210 663//1210 664//1210
f 630//1211 664//1211 665//1211
f 630//1212 629//1212 663//1212
f 632//1213 630//1213 665//1213
f 634//1214 665//1214 666//1214
f 634//1215 666//1215 667//1215
f 634//1216 632//1216 665//1216
f 636//1217 634//1217 667//1217
f 639//1218 636//1218 667//1218
f 639//1219 667//1219 668//1219
f 639//1220 668//1220 669//1220
f 640//1221 639//1221 669//1221
f 640//1222 669//1222 670//1222
f 643//1223 640//1223 670//1223
f 644//1224 643//1224 670//1224
f 644//1225 670//1225 671//1225
f 646//1226 644//1226 671//1226
f 646//1227 671//1227 672//1227
f 649//1228 672//1228 673//1228
f 649//1229 646//1229 672//1229
f 648//1230 673//1230 674//1230
f 648//1231 649//1231 673//1231
f 647//1232 648//1232 674//1232
f 647//1233 674//1233 675//1233
f 647//1234 675//1234 676//1234
f 645//1235 676//1235 677//1235
f 645//1236 647//1236 676//1236
f 642//1237 645//1237 677//1237
f 641//1238 677//1238 678//1238
f 641//1239 642//1239 677//1239
f 638//1240 678//1240 679//1240
f 638//1241 679//1241 680//1241
f 638//1242 641//1242 678//1242
f 637//1243 638//1243 680//1243
f 635//1244 680//1244 681//1244
f 635//1245 681//1245 682//1245
f 635//1246 637//1246 680//1246
f 633//1247 635//1247 682//1247
f 631//1248 682//1248 683//1248
f 631//1249 633//1249 682//1249
f 628//1250 683//1250 684//1250
f 628//1251 684//1251 685//1251
f 628//1252 631//1252 683//1252
f 627//1253 628//1253 685//1253
f 624//1254 685//1254 686//1254
f 624//1255 686//1255 687//1255
f 624//1256 627//1256 685//1256
f 623//1257 624//1257 687//1257
f 621//1258 687//1258 688//1258
f 621//1259 688//1259 689//1259
f 621//1260 623//1260 687//1260
f 619//1261 689//1261 690//1261
f 619//1262 621//1262 689//1262
f 617//1263 619//1263 690//1263
f 615//1264 690//1264 691//1264
f 615//1265 617//1265 690//1265
f 613//1266 691//1266 692//1266
f 613//1267 615//1267 691//1267
f 611//1268 613//1268 692//1268
f 611//1269 692//1269 693//1269
f 609//1270 611//1270 693//1270
f 609//1271 693//1271 694//1271
f 607//1272 609//1272 694//1272
f 607//1273 694//1273 695//1273
f 605//1274 607//1274 695//1274
f 605//1275 695//1275 696//1275
f 603//1276 605//1276 696//1276
f 603//1277 696//1277 697//1277
f 601//1278 603//1278 697//1278
f 601//1279 697//1279 698//1279
f 599//1280 601//1280 698//1280
f 599//1281 698//1281 699//1281
f 597//1282 599//1282 699//1282
f 597//1283 699//1283 700//1283
f 597//1284 700//1284 701//1284
f 595//1285 597//1285 701//1285
f 593//1286 595//1286 701//1286
f 593//1287 701//1287 702//1287
f 593//1288 702//1288 703//1288
f 591//1289 593//1289 703//1289
f 589//1290 591//1290 703//1290
f 589//1291 703//1291 704//1291
f 587//1292 589//1292 704//1292
f 587//1293 704//1293 705//1293
f 588//1294 587//1294 705//1294
f 588//1295 705//1295 706//1295
f 590//1296 706//1296 707//1296
f 590//1297 588//1297 706//1297
f 592//1298 707//1298 708//1298
f 592//1299 590//1299 707//1299
f 594//1300 708//1300 709//1300
f 594//1301 592//1301 708//1301
f 596//1302 709//1302 710//1302
f 596//1303 594//1303 709//1303
f 598//1304 710//1304 711//1304
f 598//1305 596//1305 710//1305
f 600//1306 711//1306 712//1306
f 600//1307 712//1307 650//1307
f 600//1308 598//1308 711//1308
f 602//1309 600//1309 650//1309
f 91//1310 705//1310 704//1310
f 93//1311 705//1311 91//1311
f 93//1312 706//1312 705//1312
f 90//1313 91//1313 704//1313
f 90//1314 704//1314 703//1314
f 95//1315 706//1315 93//1315
f 95//1316 707//1316 706//1316
f 95//1317 708//1317 707//1317
f 87//1318 702//1318 701//1318
f 87//1319 703//1319 702//1319
f 87//1320 90//1320 703//1320
f 97//1321 708//1321 95//1321
f 97//1322 709//1322 708//1322
f 85//1323 701//1323 700//1323
f 85//1324 87//1324 701//1324
f 99//1325 709//1325 97//1325
f 99//1326 710//1326 709//1326
f 84//1327 85//1327 700//1327
f 84//1328 700//1328 699//1328
f 101//1329 710//1329 99//1329
f 101//1330 711//1330 710//1330
f 81//1331 699//1331 698//1331
f 81//1332 84//1332 699//1332
f 103//1333 711//1333 101//1333
f 103//1334 712//1334 711//1334
f 2//1335 651//1335 650//1335
f 2//1336 650//1336 712//1336
f 2//1337 712//1337 103//1337
f 79//1338 81//1338 698//1338
f 79//1339 698//1339 697//1339
f 1//1340 652//1340 651//1340
f 1//1341 651//1341 2//1341
f 78//1342 696//1342 695//1342
f 78//1343 697//1343 696//1343
f 78//1344 79//1344 697//1344
f 5//1345 653//1345 652//1345
f 5//1346 652//1346 1//1346
f 75//1347 695//1347 694//1347
f 75//1348 78//1348 695//1348
f 7//1349 654//1349 653//1349
f 7//1350 653//1350 5//1350
f 73//1351 694//1351 693//1351
f 73//1352 75//1352 694//1352
f 9//1353 654//1353 7//1353
f 9//1354 655//1354 654//1354
f 71//1355 73//1355 693//1355
f 71//1356 693//1356 692//1356
f 11//1357 655//1357 9//1357
f 11//1358 656//1358 655//1358
f 69//1359 71//1359 692//1359
f 69//1360 692//1360 691//1360
f 657//1361 656//1361 11//1361
f 13//1362 657//1362 11//1362
f 67//1363 69//1363 691//1363
f 67//1364 691//1364 690//1364
f 658//1365 657//1365 13//1365
f 689//1366 67//1366 690//1366
f 15//1367 658//1367 13//1367
f 65//1368 67//1368 689//1368
f 659//1369 658//1369 15//1369
f 17//1370 659//1370 15//1370
f 688//1371 65//1371 689//1371
f 688//1372 64//1372 65//1372
f 660//1373 659//1373 17//1373
f 660//1374 17//1374 19//1374
f 687//1375 64//1375 688//1375
f 687//1376 62//1376 64//1376
f 661//1377 660//1377 19//1377
f 686//1378 62//1378 687//1378
f 686//1379 60//1379 62//1379
f 662//1380 661//1380 19//1380
f 662//1381 19//1381 21//1381
f 685//1382 60//1382 686//1382
f 685//1383 57//1383 60//1383
f 663//1384 662//1384 21//1384
f 663//1385 21//1385 23//1385
f 684//1386 57//1386 685//1386
f 664//1387 23//1387 26//1387
f 664//1388 663//1388 23//1388
f 683//1389 57//1389 684//1389
f 683//1390 56//1390 57//1390
f 665//1391 26//1391 27//1391
f 665//1392 664//1392 26//1392
f 682//1393 53//1393 56//1393
f 682//1394 56//1394 683//1394
f 666//1395 27//1395 29//1395
f 666//1396 665//1396 27//1396
f 681//1397 53//1397 682//1397
f 681//1398 52//1398 53//1398
f 667//1399 666//1399 29//1399
f 680//1400 52//1400 681//1400
f 680//1401 50//1401 52//1401
f 668//1402 667//1402 29//1402
f 668//1403 29//1403 32//1403
f 679//1404 50//1404 680//1404
f 669//1405 668//1405 32//1405
f 669//1406 32//1406 33//1406
f 678//1407 48//1407 50//1407
f 678//1408 50//1408 679//1408
f 670//1409 33//1409 36//1409
f 670//1410 669//1410 33//1410
f 677//1411 48//1411 678//1411
f 677//1412 46//1412 48//1412
f 671//1413 670//1413 36//1413
f 671//1414 36//1414 37//1414
f 676//1415 46//1415 677//1415
f 676//1416 43//1416 46//1416
f 672//1417 671//1417 37//1417
f 672//1418 37//1418 39//1418
f 675//1419 43//1419 676//1419
f 675//1420 41//1420 43//1420
f 673//1421 672//1421 39//1421
f 674//1422 41//1422 675//1422
f 674//1423 673//1423 39//1423
f 674//1424 39//1424 41//1424
