# Created by FreeCAD <https://www.freecad.org>
v 0.000000 55.333332 0.000000
v 80.000000 55.333332 0.000000
v 80.000000 55.133995 4.692595
v 0.000000 55.133995 4.692595
v 0.000000 54.537415 9.351378
v 80.000000 54.537415 9.351378
v 0.000000 53.547890 13.942786
v 80.000000 53.547890 13.942786
v 0.000000 52.172550 18.433735
v 80.000000 52.172550 18.433735
v 80.000000 50.421310 22.791868
v 0.000000 50.421310 22.791868
v 0.000000 48.306782 26.985786
v 80.000000 48.306782 26.985786
v 0.000000 45.844200 30.985271
v 80.000000 45.844200 30.985271
v 80.000000 43.051311 34.761505
v 0.000000 43.051311 34.761505
v 0.000000 39.948238 38.287285
v 80.000000 39.948238 38.287285
v 0.000000 36.557335 41.537201
v 80.000000 36.557335 41.537201
v 80.000000 32.903034 44.487843
v 0.000000 32.903034 44.487843
v 0.000000 29.011669 47.117947
v 80.000000 29.011669 47.117947
v 80.000000 24.911274 49.408566
v 0.000000 24.911274 49.408566
v 0.000000 20.631392 51.343193
v 80.000000 20.631392 51.343193
v 0.000000 16.202860 52.907894
v 80.000000 16.202860 52.907894
v 80.000000 11.657586 54.091389
v 0.000000 11.657586 54.091389
v 0.000000 7.028319 54.885159
v 80.000000 7.028319 54.885159
v 0.000000 2.348413 55.283478
v 80.000000 2.348413 55.283478
v 0.000000 -2.348413 55.283478
v 80.000000 -2.348413 55.283478
v 0.000000 -7.028319 54.885159
v 80.000000 -7.028319 54.885159
v 0.000000 -11.657586 54.091389
v 80.000000 -11.657586 54.091389
v 0.000000 -16.202860 52.907894
v 80.000000 -16.202860 52.907894
v 0.000000 -20.631392 51.343193
v 80.000000 -20.631392 51.343193
v 80.000000 -24.911274 49.408566
v 0.000000 -24.911274 49.408566
v 0.000000 -29.011669 47.117947
v 80.000000 -29.011669 47.117947
v 80.000000 -32.903034 44.487843
v 0.000000 -32.903034 44.487843
v 0.000000 -36.557335 41.537201
v 80.000000 -36.557335 41.537201
v 0.000000 -39.948238 38.287285
v 80.000000 -39.948238 38.287285
v 0.000000 -43.051311 34.761505
v 80.000000 -43.051311 34.761505
v 0.000000 -45.844200 30.985271
v 80.000000 -45.844200 30.985271
v 80.000000 -48.306782 26.985786
v 0.000000 -48.306782 26.985786
v 0.000000 -50.421310 22.791868
v 80.000000 -50.421310 22.791868
v 0.000000 -52.172550 18.433735
v 80.000000 -52.172550 18.433735
v 80.000000 -53.547890 13.942786
v 0.000000 -53.547890 13.942786
v 0.000000 -54.537415 9.351378
v 80.000000 -54.537415 9.351378
v 80.000000 -55.133995 4.692595
v 0.000000 -55.133995 4.692595
v 0.000000 -55.333332 -0.000000
v 80.000000 -55.333332 -0.000000
v 0.000000 -55.133995 -4.692595
v 80.000000 -55.133995 -4.692595
v 0.000000 -54.537415 -9.351378
v 80.000000 -54.537415 -9.351378
v 0.000000 -53.547890 -13.942786
v 80.000000 -53.547890 -13.942786
v 0.000000 -52.172550 -18.433735
v 80.000000 -52.172550 -18.433735
v 0.000000 -50.421310 -22.791868
v 80.000000 -50.421310 -22.791868
v 0.000000 -48.306782 -26.985786
v 80.000000 -48.306782 -26.985786
v 0.000000 -45.844200 -30.985271
v 80.000000 -45.844200 -30.985271
v 0.000000 -43.051311 -34.761505
v 80.000000 -43.051311 -34.761505
v 0.000000 -39.948238 -38.287285
v 80.000000 -39.948238 -38.287285
v 0.000000 -36.557335 -41.537201
v 80.000000 -36.557335 -41.537201
v 0.000000 -32.903034 -44.487843
v 80.000000 -32.903034 -44.487843
v 0.000000 -29.011669 -47.117947
v 80.000000 -29.011669 -47.117947
v 0.000000 -24.911274 -49.408566
v 80.000000 -24.911274 -49.408566
v 80.000000 -20.631392 -51.343193
v 0.000000 -20.631392 -51.343193
v 80.000000 -16.202860 -52.907894
v 0.000000 -16.202860 -52.907894
v 0.000000 -11.657586 -54.091389
v 80.000000 -11.657586 -54.091389
v 0.000000 -7.028319 -54.885159
v 80.000000 -7.028319 -54.885159
v 0.000000 -2.348413 -55.283478
v 80.000000 -2.348413 -55.283478
v 0.000000 2.348413 -55.283478
v 80.000000 2.348413 -55.283478
v 0.000000 7.028319 -54.885159
v 80.000000 7.028319 -54.885159
v 0.000000 11.657586 -54.091389
v 80.000000 11.657586 -54.091389
v 0.000000 16.202860 -52.907894
v 80.000000 16.202860 -52.907894
v 0.000000 20.631392 -51.343193
v 80.000000 20.631392 -51.343193
v 0.000000 24.911274 -49.408566
v 80.000000 24.911274 -49.408566
v 0.000000 29.011669 -47.117947
v 80.000000 29.011669 -47.117947
v 0.000000 32.903034 -44.487843
v 80.000000 32.903034 -44.487843
v 0.000000 36.557335 -41.537201
v 80.000000 36.557335 -41.537201
v 0.000000 39.948238 -38.287285
v 80.000000 39.948238 -38.287285
v 0.000000 43.051311 -34.761505
v 80.000000 43.051311 -34.761505
v 0.000000 45.844200 -30.985271
v 80.000000 45.844200 -30.985271
v 0.000000 48.306782 -26.985786
v 80.000000 48.306782 -26.985786
v 0.000000 50.421310 -22.791868
v 80.000000 50.421310 -22.791868
v 0.000000 52.172550 -18.433735
v 80.000000 52.172550 -18.433735
v 80.000000 53.547890 -13.942786
v 0.000000 53.547890 -13.942786
v 0.000000 54.537415 -9.351378
v 80.000000 54.537415 -9.351378
v 0.000000 55.133995 -4.692595
v 80.000000 55.133995 -4.692595
v 80.000000 -61.390221 -57.334465
v 80.000000 -57.334465 -61.390221
v 80.000000 -53.011387 -65.159752
v 80.000000 -68.625473 -48.441147
v 80.000000 -65.159752 -53.011387
v 80.000000 -48.441147 -68.625473
v 80.000000 -71.771233 -43.645050
v 80.000000 -43.645050 -71.771233
v 80.000000 -38.645462 -74.582359
v 80.000000 -74.582359 -38.645462
v 80.000000 -33.465691 -77.045746
v 80.000000 -77.045746 -33.465691
v 80.000000 -28.129887 -79.149918
v 80.000000 -80.885056 -22.662930
v 80.000000 -79.149918 -28.129887
v 80.000000 -22.662930 -80.885056
v 80.000000 -82.243065 -17.090305
v 80.000000 -17.090305 -82.243065
v 80.000000 -11.437999 -83.217621
v 80.000000 -83.217621 -11.437999
v 80.000000 -5.732363 -83.804176
v 80.000000 -83.804176 -5.732363
v 80.000000 0.000000 -84.000000
v 80.000000 -83.804176 5.732363
v 80.000000 -84.000000 -0.000000
v 80.000000 5.732363 -83.804176
v 80.000000 -83.217621 11.437999
v 80.000000 11.437999 -83.217621
v 80.000000 -82.243065 17.090305
v 80.000000 17.090305 -82.243065
v 80.000000 22.662930 -80.885056
v 80.000000 -80.885056 22.662930
v 80.000000 28.129887 -79.149918
v 80.000000 -77.045746 33.465691
v 80.000000 -79.149918 28.129887
v 80.000000 33.465691 -77.045746
v 80.000000 -74.582359 38.645462
v 80.000000 38.645462 -74.582359
v 80.000000 -71.771233 43.645050
v 80.000000 43.645050 -71.771233
v 80.000000 48.441147 -68.625473
v 80.000000 -68.625473 48.441147
v 80.000000 53.011387 -65.159752
v 80.000000 -65.159752 53.011387
v 80.000000 -61.390221 57.334465
v 80.000000 57.334465 -61.390221
v 80.000000 -57.334465 61.390221
v 80.000000 61.390221 -57.334465
v 80.000000 -53.011387 65.159752
v 80.000000 65.159752 -53.011387
v 80.000000 -48.441147 68.625473
v 80.000000 68.625473 -48.441147
v 80.000000 -43.645050 71.771233
v 80.000000 71.771233 -43.645050
v 80.000000 -38.645462 74.582359
v 80.000000 74.582359 -38.645462
v 80.000000 -33.465691 77.045746
v 80.000000 77.045746 -33.465691
v 80.000000 -28.129887 79.149918
v 80.000000 79.149918 -28.129887
v 80.000000 -22.662930 80.885056
v 80.000000 80.885056 -22.662930
v 80.000000 -17.090305 82.243065
v 80.000000 82.243065 -17.090305
v 80.000000 -11.437999 83.217621
v 80.000000 83.217621 -11.437999
v 80.000000 -5.732363 83.804176
v 80.000000 83.804176 -5.732363
v 80.000000 84.000000 0.000000
v 80.000000 0.000000 84.000000
v 80.000000 83.804176 5.732363
v 80.000000 5.732363 83.804176
v 80.000000 11.437999 83.217621
v 80.000000 83.217621 11.437999
v 80.000000 82.243065 17.090305
v 80.000000 17.090305 82.243065
v 80.000000 22.662930 80.885056
v 80.000000 80.885056 22.662930
v 80.000000 79.149918 28.129887
v 80.000000 28.129887 79.149918
v 80.000000 33.465691 77.045746
v 80.000000 77.045746 33.465691
v 80.000000 74.582359 38.645462
v 80.000000 38.645462 74.582359
v 80.000000 43.645050 71.771233
v 80.000000 71.771233 43.645050
v 80.000000 68.625473 48.441147
v 80.000000 48.441147 68.625473
v 80.000000 65.159752 53.011387
v 80.000000 53.011387 65.159752
v 80.000000 61.390221 57.334465
v 80.000000 57.334465 61.390221
v 58.500000 84.000000 0.000000
v 58.500000 83.804176 5.732363
v 58.500000 83.217621 11.437999
v 58.500000 82.243065 17.090305
v 58.500000 80.885056 22.662930
v 58.500000 79.149918 28.129887
v 58.500000 77.045746 33.465691
v 58.500000 74.582359 38.645462
v 58.500000 71.771233 43.645050
v 58.500000 68.625473 48.441147
v 58.500000 65.159752 53.011387
v 58.500000 61.390221 57.334465
v 58.500000 57.334465 61.390221
v 58.500000 53.011387 65.159752
v 58.500000 48.441147 68.625473
v 58.500000 43.645050 71.771233
v 58.500000 38.645462 74.582359
v 58.500000 33.465691 77.045746
v 58.500000 28.129887 79.149918
v 58.500000 22.662930 80.885056
v 58.500000 17.090305 82.243065
v 58.500000 11.437999 83.217621
v 58.500000 5.732363 83.804176
v 58.500000 0.000000 84.000000
v 58.500000 -5.732363 83.804176
v 58.500000 -11.437999 83.217621
v 58.500000 -17.090305 82.243065
v 58.500000 -22.662930 80.885056
v 58.500000 -28.129887 79.149918
v 58.500000 -33.465691 77.045746
v 58.500000 -38.645462 74.582359
v 58.500000 -43.645050 71.771233
v 58.500000 -48.441147 68.625473
v 58.500000 -53.011387 65.159752
v 58.500000 -57.334465 61.390221
v 58.500000 -61.390221 57.334465
v 58.500000 -65.159752 53.011387
v 58.500000 -68.625473 48.441147
v 58.500000 -71.771233 43.645050
v 58.500000 -74.582359 38.645462
v 58.500000 -77.045746 33.465691
v 58.500000 -79.149918 28.129887
v 58.500000 -80.885056 22.662930
v 58.500000 -82.243065 17.090305
v 58.500000 -83.217621 11.437999
v 58.500000 -83.804176 5.732363
v 58.500000 -84.000000 -0.000000
v 58.500000 -83.804176 -5.732363
v 58.500000 -83.217621 -11.437999
v 58.500000 -82.243065 -17.090305
v 58.500000 -80.885056 -22.662930
v 58.500000 -79.149918 -28.129887
v 58.500000 -77.045746 -33.465691
v 58.500000 -74.582359 -38.645462
v 58.500000 -71.771233 -43.645050
v 58.500000 -68.625473 -48.441147
v 58.500000 -65.159752 -53.011387
v 58.500000 -61.390221 -57.334465
v 58.500000 -57.334465 -61.390221
v 58.500000 -53.011387 -65.159752
v 58.500000 -48.441147 -68.625473
v 58.500000 -43.645050 -71.771233
v 58.500000 -38.645462 -74.582359
v 58.500000 -33.465691 -77.045746
v 58.500000 -28.129887 -79.149918
v 58.500000 -22.662930 -80.885056
v 58.500000 -17.090305 -82.243065
v 58.500000 -11.437999 -83.217621
v 58.500000 -5.732363 -83.804176
v 58.500000 0.000000 -84.000000
v 58.500000 5.732363 -83.804176
v 58.500000 11.437999 -83.217621
v 58.500000 17.090305 -82.243065
v 58.500000 22.662930 -80.885056
v 58.500000 28.129887 -79.149918
v 58.500000 33.465691 -77.045746
v 58.500000 38.645462 -74.582359
v 58.500000 43.645050 -71.771233
v 58.500000 48.441147 -68.625473
v 58.500000 53.011387 -65.159752
v 58.500000 57.334465 -61.390221
v 58.500000 61.390221 -57.334465
v 58.500000 65.159752 -53.011387
v 58.500000 68.625473 -48.441147
v 58.500000 71.771233 -43.645050
v 58.500000 74.582359 -38.645462
v 58.500000 77.045746 -33.465691
v 58.500000 79.149918 -28.129887
v 58.500000 80.885056 -22.662930
v 58.500000 82.243065 -17.090305
v 58.500000 83.217621 -11.437999
v 58.500000 83.804176 -5.732363
v 58.500000 -121.515984 -110.135666
v 58.500000 -115.965515 -115.965515
v 58.500000 -110.135666 -121.515984
v 58.500000 -131.726028 -97.694687
v 58.500000 -126.773712 -104.040497
v 58.500000 -104.040497 -126.773712
v 58.500000 -97.694687 -131.726028
v 58.500000 -136.361023 -91.113518
v 58.500000 -91.113518 -136.361023
v 58.500000 -144.635086 -77.309067
v 58.500000 -140.667496 -84.312851
v 58.500000 -84.312851 -140.667496
v 58.500000 -77.309067 -144.635086
v 58.500000 -148.254242 -70.119034
v 58.500000 -70.119034 -148.254242
v 58.500000 -151.516251 -62.760082
v 58.500000 -62.760082 -151.516251
v 58.500000 -156.938217 -47.606686
v 58.500000 -154.413223 -55.249935
v 58.500000 -55.249935 -154.413223
v 58.500000 -47.606686 -156.938217
v 58.500000 -159.085129 -39.848751
v 58.500000 -39.848751 -159.085129
v 58.500000 -162.224945 -24.063797
v 58.500000 -160.848785 -31.994812
v 58.500000 -31.994812 -160.848785
v 58.500000 -24.063797 -162.224945
v 58.500000 -163.210297 -16.074812
v 58.500000 -16.074812 -163.210297
v 58.500000 -163.802460 -8.047098
v 58.500000 -8.047098 -163.802460
v 58.500000 -163.802460 8.047098
v 58.500000 -164.000000 0.000000
v 58.500000 -0.000000 -164.000000
v 58.500000 8.047098 -163.802460
v 58.500000 -163.210297 16.074812
v 58.500000 16.074812 -163.210297
v 58.500000 -162.224945 24.063797
v 58.500000 24.063797 -162.224945
v 58.500000 -159.085129 39.848751
v 58.500000 -160.848785 31.994812
v 58.500000 31.994812 -160.848785
v 58.500000 39.848751 -159.085129
v 58.500000 -156.938217 47.606686
v 58.500000 47.606686 -156.938217
v 58.500000 -151.516251 62.760082
v 58.500000 -154.413223 55.249935
v 58.500000 55.249935 -154.413223
v 58.500000 62.760082 -151.516251
v 58.500000 -148.254242 70.119034
v 58.500000 70.119034 -148.254242
v 58.500000 -144.635086 77.309067
v 58.500000 77.309067 -144.635086
v 58.500000 -136.361023 91.113518
v 58.500000 -140.667496 84.312851
v 58.500000 84.312851 -140.667496
v 58.500000 91.113518 -136.361023
v 58.500000 -131.726028 97.694687
v 58.500000 97.694687 -131.726028
v 58.500000 -126.773712 104.040497
v 58.500000 104.040497 -126.773712
v 58.500000 110.135666 -121.515984
v 58.500000 -121.515984 110.135666
v 58.500000 115.965515 -115.965515
v 58.500000 -115.965515 115.965515
v 58.500000 121.515984 -110.135666
v 58.500000 -110.135666 121.515984
v 58.500000 126.773712 -104.040497
v 58.500000 -104.040497 126.773712
v 58.500000 131.726028 -97.694687
v 58.500000 -97.694687 131.726028
v 58.500000 136.361023 -91.113518
v 58.500000 -91.113518 136.361023
v 58.500000 140.667496 -84.312851
v 58.500000 -84.312851 140.667496
v 58.500000 144.635086 -77.309067
v 58.500000 -77.309067 144.635086
v 58.500000 148.254242 -70.119034
v 58.500000 -70.119034 148.254242
v 58.500000 151.516251 -62.760082
v 58.500000 -62.760082 151.516251
v 58.500000 154.413223 -55.249935
v 58.500000 -55.249935 154.413223
v 58.500000 156.938217 -47.606686
v 58.500000 -47.606686 156.938217
v 58.500000 159.085129 -39.848751
v 58.500000 -39.848751 159.085129
v 58.500000 160.848785 -31.994812
v 58.500000 -31.994812 160.848785
v 58.500000 162.224945 -24.063797
v 58.500000 -24.063797 162.224945
v 58.500000 163.210297 -16.074812
v 58.500000 -16.074812 163.210297
v 58.500000 163.802460 -8.047098
v 58.500000 -8.047098 163.802460
v 58.500000 -0.000000 164.000000
v 58.500000 164.000000 0.000000
v 58.500000 8.047098 163.802460
v 58.500000 163.802460 8.047098
v 58.500000 16.074812 163.210297
v 58.500000 163.210297 16.074812
v 58.500000 24.063797 162.224945
v 58.500000 162.224945 24.063797
v 58.500000 160.848785 31.994812
v 58.500000 31.994812 160.848785
v 58.500000 39.848751 159.085129
v 58.500000 159.085129 39.848751
v 58.500000 47.606686 156.938217
v 58.500000 156.938217 47.606686
v 58.500000 55.249935 154.413223
v 58.500000 154.413223 55.249935
v 58.500000 62.760082 151.516251
v 58.500000 151.516251 62.760082
v 58.500000 70.119034 148.254242
v 58.500000 148.254242 70.119034
v 58.500000 144.635086 77.309067
v 58.500000 77.309067 144.635086
v 58.500000 84.312851 140.667496
v 58.500000 140.667496 84.312851
v 58.500000 91.113518 136.361023
v 58.500000 136.361023 91.113518
v 58.500000 97.694687 131.726028
v 58.500000 131.726028 97.694687
v 58.500000 104.040497 126.773712
v 58.500000 126.773712 104.040497
v 58.500000 110.135666 121.515984
v 58.500000 121.515984 110.135666
v 58.500000 115.965515 115.965515
v 36.500000 164.000000 0.000000
v 36.500000 163.802460 8.047098
v 36.500000 163.210297 16.074812
v 36.500000 162.224945 24.063797
v 36.500000 160.848785 31.994812
v 36.500000 159.085129 39.848751
v 36.500000 156.938217 47.606686
v 36.500000 154.413223 55.249935
v 36.500000 151.516251 62.760082
v 36.500000 148.254242 70.119034
v 36.500000 144.635086 77.309067
v 36.500000 140.667496 84.312851
v 36.500000 136.361023 91.113518
v 36.500000 131.726028 97.694687
v 36.500000 126.773712 104.040497
v 36.500000 121.515984 110.135666
v 36.500000 115.965515 115.965515
v 36.500000 110.135666 121.515984
v 36.500000 104.040497 126.773712
v 36.500000 97.694687 131.726028
v 36.500000 91.113518 136.361023
v 36.500000 84.312851 140.667496
v 36.500000 77.309067 144.635086
v 36.500000 70.119034 148.254242
v 36.500000 62.760082 151.516251
v 36.500000 55.249935 154.413223
v 36.500000 47.606686 156.938217
v 36.500000 39.848751 159.085129
v 36.500000 31.994812 160.848785
v 36.500000 24.063797 162.224945
v 36.500000 16.074812 163.210297
v 36.500000 8.047098 163.802460
v 36.500000 -0.000000 164.000000
v 36.500000 -8.047098 163.802460
v 36.500000 -16.074812 163.210297
v 36.500000 -24.063797 162.224945
v 36.500000 -31.994812 160.848785
v 36.500000 -39.848751 159.085129
v 36.500000 -47.606686 156.938217
v 36.500000 -55.249935 154.413223
v 36.500000 -62.760082 151.516251
v 36.500000 -70.119034 148.254242
v 36.500000 -77.309067 144.635086
v 36.500000 -84.312851 140.667496
v 36.500000 -91.113518 136.361023
v 36.500000 -97.694687 131.726028
v 36.500000 -104.040497 126.773712
v 36.500000 -110.135666 121.515984
v 36.500000 -115.965515 115.965515
v 36.500000 -121.515984 110.135666
v 36.500000 -126.773712 104.040497
v 36.500000 -131.726028 97.694687
v 36.500000 -136.361023 91.113518
v 36.500000 -140.667496 84.312851
v 36.500000 -144.635086 77.309067
v 36.500000 -148.254242 70.119034
v 36.500000 -151.516251 62.760082
v 36.500000 -154.413223 55.249935
v 36.500000 -156.938217 47.606686
v 36.500000 -159.085129 39.848751
v 36.500000 -160.848785 31.994812
v 36.500000 -162.224945 24.063797
v 36.500000 -163.210297 16.074812
v 36.500000 -163.802460 8.047098
v 36.500000 -164.000000 0.000000
v 36.500000 -163.802460 -8.047098
v 36.500000 -163.210297 -16.074812
v 36.500000 -162.224945 -24.063797
v 36.500000 -160.848785 -31.994812
v 36.500000 -159.085129 -39.848751
v 36.500000 -156.938217 -47.606686
v 36.500000 -154.413223 -55.249935
v 36.500000 -151.516251 -62.760082
v 36.500000 -148.254242 -70.119034
v 36.500000 -144.635086 -77.309067
v 36.500000 -140.667496 -84.312851
v 36.500000 -136.361023 -91.113518
v 36.500000 -131.726028 -97.694687
v 36.500000 -126.773712 -104.040497
v 36.500000 -121.515984 -110.135666
v 36.500000 -115.965515 -115.965515
v 36.500000 -110.135666 -121.515984
v 36.500000 -104.040497 -126.773712
v 36.500000 -97.694687 -131.726028
v 36.500000 -91.113518 -136.361023
v 36.500000 -84.312851 -140.667496
v 36.500000 -77.309067 -144.635086
v 36.500000 -70.119034 -148.254242
v 36.500000 -62.760082 -151.516251
v 36.500000 -55.249935 -154.413223
v 36.500000 -47.606686 -156.938217
v 36.500000 -39.848751 -159.085129
v 36.500000 -31.994812 -160.848785
v 36.500000 -24.063797 -162.224945
v 36.500000 -16.074812 -163.210297
v 36.500000 -8.047098 -163.802460
v 36.500000 -0.000000 -164.000000
v 36.500000 8.047098 -163.802460
v 36.500000 16.074812 -163.210297
v 36.500000 24.063797 -162.224945
v 36.500000 31.994812 -160.848785
v 36.500000 39.848751 -159.085129
v 36.500000 47.606686 -156.938217
v 36.500000 55.249935 -154.413223
v 36.500000 62.760082 -151.516251
v 36.500000 70.119034 -148.254242
v 36.500000 77.309067 -144.635086
v 36.500000 84.312851 -140.667496
v 36.500000 91.113518 -136.361023
v 36.500000 97.694687 -131.726028
v 36.500000 104.040497 -126.773712
v 36.500000 110.135666 -121.515984
v 36.500000 115.965515 -115.965515
v 36.500000 121.515984 -110.135666
v 36.500000 126.773712 -104.040497
v 36.500000 131.726028 -97.694687
v 36.500000 136.361023 -91.113518
v 36.500000 140.667496 -84.312851
v 36.500000 144.635086 -77.309067
v 36.500000 148.254242 -70.119034
v 36.500000 151.516251 -62.760082
v 36.500000 154.413223 -55.249935
v 36.500000 156.938217 -47.606686
v 36.500000 159.085129 -39.848751
v 36.500000 160.848785 -31.994812
v 36.500000 162.224945 -24.063797
v 36.500000 163.210297 -16.074812
v 36.500000 163.802460 -8.047098
v 36.500000 -117.379723 -117.379723
v 36.500000 -111.478790 -122.997887
v 36.500000 -105.309288 -128.319733
v 36.500000 -128.319733 -105.309288
v 36.500000 -122.997887 -111.478790
v 36.500000 -98.886086 -133.332443
v 36.500000 -92.224655 -138.023956
v 36.500000 -138.023956 -92.224655
v 36.500000 -133.332443 -98.886086
v 36.500000 -85.341057 -142.382950
v 36.500000 -142.382950 -85.341057
v 36.500000 -78.251862 -146.398926
v 36.500000 -146.398926 -78.251862
v 36.500000 -150.062225 -70.974144
v 36.500000 -70.974144 -150.062225
v 36.500000 -153.363998 -63.525452
v 36.500000 -63.525452 -153.363998
v 36.500000 -55.923717 -156.296310
v 36.500000 -156.296310 -55.923717
v 36.500000 -48.187256 -158.852097
v 36.500000 -158.852097 -48.187256
v 36.500000 -161.025192 -40.334709
v 36.500000 -40.334709 -161.025192
v 36.500000 -32.384995 -162.810364
v 36.500000 -162.810364 -32.384995
v 36.500000 -24.357258 -164.203308
v 36.500000 -164.203308 -24.357258
v 36.500000 -16.270845 -165.200668
v 36.500000 -165.200668 -16.270845
v 36.500000 -8.145234 -165.800049
v 36.500000 -165.800049 -8.145234
v 36.500000 -0.000000 -166.000000
v 36.500000 -166.000000 0.000000
v 36.500000 8.145234 -165.800049
v 36.500000 -165.800049 8.145234
v 36.500000 16.270845 -165.200668
v 36.500000 -165.200668 16.270845
v 36.500000 -164.203308 24.357258
v 36.500000 24.357258 -164.203308
v 36.500000 32.384995 -162.810364
v 36.500000 -162.810364 32.384995
v 36.500000 40.334709 -161.025192
v 36.500000 -161.025192 40.334709
v 36.500000 -158.852097 48.187256
v 36.500000 48.187256 -158.852097
v 36.500000 55.923717 -156.296310
v 36.500000 -156.296310 55.923717
v 36.500000 63.525452 -153.363998
v 36.500000 -153.363998 63.525452
v 36.500000 -150.062225 70.974144
v 36.500000 70.974144 -150.062225
v 36.500000 78.251862 -146.398926
v 36.500000 -146.398926 78.251862
v 36.500000 85.341057 -142.382950
v 36.500000 -142.382950 85.341057
v 36.500000 92.224655 -138.023956
v 36.500000 -138.023956 92.224655
v 36.500000 -133.332443 98.886086
v 36.500000 98.886086 -133.332443
v 36.500000 105.309288 -128.319733
v 36.500000 -128.319733 105.309288
v 36.500000 -122.997887 111.478790
v 36.500000 111.478790 -122.997887
v 36.500000 117.379723 -117.379723
v 36.500000 -117.379723 117.379723
v 36.500000 122.997887 -111.478790
v 36.500000 -111.478790 122.997887
v 36.500000 128.319733 -105.309288
v 36.500000 -105.309288 128.319733
v 36.500000 133.332443 -98.886086
v 36.500000 -98.886086 133.332443
v 36.500000 138.023956 -92.224655
v 36.500000 -92.224655 138.023956
v 36.500000 142.382950 -85.341057
v 36.500000 -85.341057 142.382950
v 36.500000 146.398926 -78.251862
v 36.500000 -78.251862 146.398926
v 36.500000 150.062225 -70.974144
v 36.500000 -70.974144 150.062225
v 36.500000 153.363998 -63.525452
v 36.500000 -63.525452 153.363998
v 36.500000 156.296310 -55.923717
v 36.500000 -55.923717 156.296310
v 36.500000 158.852097 -48.187256
v 36.500000 -48.187256 158.852097
v 36.500000 161.025192 -40.334709
v 36.500000 -40.334709 161.025192
v 36.500000 162.810364 -32.384995
v 36.500000 -32.384995 162.810364
v 36.500000 164.203308 -24.357258
v 36.500000 -24.357258 164.203308
v 36.500000 165.200668 -16.270845
v 36.500000 -16.270845 165.200668
v 36.500000 165.800049 -8.145234
v 36.500000 -8.145234 165.800049
v 36.500000 -0.000000 166.000000
v 36.500000 166.000000 0.000000
v 36.500000 8.145234 165.800049
v 36.500000 165.800049 8.145234
v 36.500000 16.270845 165.200668
v 36.500000 165.200668 16.270845
v 36.500000 24.357258 164.203308
v 36.500000 164.203308 24.357258
v 36.500000 32.384995 162.810364
v 36.500000 162.810364 32.384995
v 36.500000 40.334709 161.025192
v 36.500000 161.025192 40.334709
v 36.500000 48.187256 158.852097
v 36.500000 158.852097 48.187256
v 36.500000 55.923717 156.296310
v 36.500000 156.296310 55.923717
v 36.500000 63.525452 153.363998
v 36.500000 153.363998 63.525452
v 36.500000 150.062225 70.974144
v 36.500000 70.974144 150.062225
v 36.500000 146.398926 78.251862
v 36.500000 78.251862 146.398926
v 36.500000 85.341057 142.382950
v 36.500000 142.382950 85.341057
v 36.500000 92.224655 138.023956
v 36.500000 138.023956 92.224655
v 36.500000 98.886086 133.332443
v 36.500000 133.332443 98.886086
v 36.500000 105.309288 128.319733
v 36.500000 128.319733 105.309288
v 36.500000 111.478790 122.997887
v 36.500000 122.997887 111.478790
v 36.500000 117.379723 117.379723
v 16.500000 166.000000 0.000000
v 16.500000 165.800049 8.145234
v 16.500000 165.200668 16.270845
v 16.500000 164.203308 24.357258
v 16.500000 162.810364 32.384995
v 16.500000 161.025192 40.334709
v 16.500000 158.852097 48.187256
v 16.500000 156.296310 55.923717
v 16.500000 153.363998 63.525452
v 16.500000 150.062225 70.974144
v 16.500000 146.398926 78.251862
v 16.500000 142.382950 85.341057
v 16.500000 138.023956 92.224655
v 16.500000 133.332443 98.886086
v 16.500000 128.319733 105.309288
v 16.500000 122.997887 111.478790
v 16.500000 117.379723 117.379723
v 16.500000 111.478790 122.997887
v 16.500000 105.309288 128.319733
v 16.500000 98.886086 133.332443
v 16.500000 92.224655 138.023956
v 16.500000 85.341057 142.382950
v 16.500000 78.251862 146.398926
v 16.500000 70.974144 150.062225
v 16.500000 63.525452 153.363998
v 16.500000 55.923717 156.296310
v 16.500000 48.187256 158.852097
v 16.500000 40.334709 161.025192
v 16.500000 32.384995 162.810364
v 16.500000 24.357258 164.203308
v 16.500000 16.270845 165.200668
v 16.500000 8.145234 165.800049
v 16.500000 -0.000000 166.000000
v 16.500000 -8.145234 165.800049
v 16.500000 -16.270845 165.200668
v 16.500000 -24.357258 164.203308
v 16.500000 -32.384995 162.810364
v 16.500000 -40.334709 161.025192
v 16.500000 -48.187256 158.852097
v 16.500000 -55.923717 156.296310
v 16.500000 -63.525452 153.363998
v 16.500000 -70.974144 150.062225
v 16.500000 -78.251862 146.398926
v 16.500000 -85.341057 142.382950
v 16.500000 -92.224655 138.023956
v 16.500000 -98.886086 133.332443
v 16.500000 -105.309288 128.319733
v 16.500000 -111.478790 122.997887
v 16.500000 -117.379723 117.379723
v 16.500000 -122.997887 111.478790
v 16.500000 -128.319733 105.309288
v 16.500000 -133.332443 98.886086
v 16.500000 -138.023956 92.224655
v 16.500000 -142.382950 85.341057
v 16.500000 -146.398926 78.251862
v 16.500000 -150.062225 70.974144
v 16.500000 -153.363998 63.525452
v 16.500000 -156.296310 55.923717
v 16.500000 -158.852097 48.187256
v 16.500000 -161.025192 40.334709
v 16.500000 -162.810364 32.384995
v 16.500000 -164.203308 24.357258
v 16.500000 -165.200668 16.270845
v 16.500000 -165.800049 8.145234
v 16.500000 -166.000000 0.000000
v 16.500000 -165.800049 -8.145234
v 16.500000 -165.200668 -16.270845
v 16.500000 -164.203308 -24.357258
v 16.500000 -162.810364 -32.384995
v 16.500000 -161.025192 -40.334709
v 16.500000 -158.852097 -48.187256
v 16.500000 -156.296310 -55.923717
v 16.500000 -153.363998 -63.525452
v 16.500000 -150.062225 -70.974144
v 16.500000 -146.398926 -78.251862
v 16.500000 -142.382950 -85.341057
v 16.500000 -138.023956 -92.224655
v 16.500000 -133.332443 -98.886086
v 16.500000 -128.319733 -105.309288
v 16.500000 -122.997887 -111.478790
v 16.500000 -117.379723 -117.379723
v 16.500000 -111.478790 -122.997887
v 16.500000 -105.309288 -128.319733
v 16.500000 -98.886086 -133.332443
v 16.500000 -92.224655 -138.023956
v 16.500000 -85.341057 -142.382950
v 16.500000 -78.251862 -146.398926
v 16.500000 -70.974144 -150.062225
v 16.500000 -63.525452 -153.363998
v 16.500000 -55.923717 -156.296310
v 16.500000 -48.187256 -158.852097
v 16.500000 -40.334709 -161.025192
v 16.500000 -32.384995 -162.810364
v 16.500000 -24.357258 -164.203308
v 16.500000 -16.270845 -165.200668
v 16.500000 -8.145234 -165.800049
v 16.500000 -0.000000 -166.000000
v 16.500000 8.145234 -165.800049
v 16.500000 16.270845 -165.200668
v 16.500000 24.357258 -164.203308
v 16.500000 32.384995 -162.810364
v 16.500000 40.334709 -161.025192
v 16.500000 48.187256 -158.852097
v 16.500000 55.923717 -156.296310
v 16.500000 63.525452 -153.363998
v 16.500000 70.974144 -150.062225
v 16.500000 78.251862 -146.398926
v 16.500000 85.341057 -142.382950
v 16.500000 92.224655 -138.023956
v 16.500000 98.886086 -133.332443
v 16.500000 105.309288 -128.319733
v 16.500000 111.478790 -122.997887
v 16.500000 117.379723 -117.379723
v 16.500000 122.997887 -111.478790
v 16.500000 128.319733 -105.309288
v 16.500000 133.332443 -98.886086
v 16.500000 138.023956 -92.224655
v 16.500000 142.382950 -85.341057
v 16.500000 146.398926 -78.251862
v 16.500000 150.062225 -70.974144
v 16.500000 153.363998 -63.525452
v 16.500000 156.296310 -55.923717
v 16.500000 158.852097 -48.187256
v 16.500000 161.025192 -40.334709
v 16.500000 162.810364 -32.384995
v 16.500000 164.203308 -24.357258
v 16.500000 165.200668 -16.270845
v 16.500000 165.800049 -8.145234
v 16.500000 60.189632 -57.150749
v 16.500000 56.103321 -61.167126
v 16.500000 63.989113 -52.862022
v 16.500000 51.749653 -64.892014
v 16.500000 67.483658 -48.321384
v 16.500000 47.149372 -68.307663
v 16.500000 70.656609 -43.550472
v 16.500000 42.324406 -71.397789
v 16.500000 73.492851 -38.572021
v 16.500000 37.297745 -74.147682
v 16.500000 75.978867 -33.409760
v 16.500000 32.093338 -76.544220
v 16.500000 78.102806 -28.088285
v 16.500000 26.735996 -78.575989
v 16.500000 79.854553 -22.632957
v 16.500000 21.251244 -80.233315
v 16.500000 81.225754 -17.069773
v 16.500000 15.665220 -81.508286
v 16.500000 82.209877 -11.425241
v 16.500000 10.004544 -82.394836
v 16.500000 82.802231 -5.726265
v 16.500000 4.296192 -82.888741
v 16.500000 83.000000 0.000000
v 16.500000 -1.432633 -82.987633
v 16.500000 82.802231 5.726265
v 16.500000 -7.154632 -82.691055
v 16.500000 82.209877 11.425241
v 16.500000 -12.842535 -82.000420
v 16.500000 81.225754 17.069773
v 16.500000 -18.469238 -80.919014
v 16.500000 79.854553 22.632957
v 16.500000 -24.007925 -79.451996
v 16.500000 78.102806 28.088285
v 16.500000 -29.432205 -77.606346
v 16.500000 75.978867 33.409760
v 16.500000 -34.716228 -75.390869
v 16.500000 73.492851 38.572021
v 16.500000 -39.834812 -72.816124
v 16.500000 70.656609 43.550472
v 16.500000 -44.763561 -69.894371
v 16.500000 67.483658 48.321384
v 16.500000 -49.478996 -66.639542
v 16.500000 63.989113 52.862022
v 16.500000 -53.958641 -63.067150
v 16.500000 60.189632 57.150749
v 16.500000 -58.181145 -59.194206
v 16.500000 56.103321 61.167126
v 16.500000 -62.126392 -55.039181
v 16.500000 51.749653 64.892014
v 16.500000 -65.775581 -50.621868
v 16.500000 47.149372 68.307663
v 16.500000 -69.111313 -45.963314
v 16.500000 42.324406 71.397789
v 16.500000 -72.117699 -41.085728
v 16.500000 37.297745 74.147682
v 16.500000 -74.780418 -36.012352
v 16.500000 32.093338 76.544220
v 16.500000 -77.086769 -30.767357
v 16.500000 26.735996 78.575989
v 16.500000 -79.025764 -25.375742
v 16.500000 21.251244 80.233315
v 16.500000 -80.588173 -19.863199
v 16.500000 15.665220 81.508286
v 16.500000 -81.766533 -14.256001
v 16.500000 10.004544 82.394836
v 16.500000 -82.555244 -8.580867
v 16.500000 4.296192 82.888741
v 16.500000 -82.950546 -2.864840
v 16.500000 -1.432633 82.987633
v 16.500000 -82.950546 2.864840
v 16.500000 -7.154632 82.691055
v 16.500000 -82.555244 8.580867
v 16.500000 -12.842535 82.000420
v 16.500000 -81.766533 14.256001
v 16.500000 -18.469238 80.919014
v 16.500000 -80.588173 19.863199
v 16.500000 -24.007925 79.451996
v 16.500000 -79.025764 25.375742
v 16.500000 -29.432205 77.606346
v 16.500000 -77.086769 30.767357
v 16.500000 -74.780418 36.012352
v 16.500000 -34.716228 75.390869
v 16.500000 -39.834812 72.816124
v 16.500000 -72.117699 41.085728
v 16.500000 -44.763561 69.894371
v 16.500000 -69.111313 45.963314
v 16.500000 -49.478996 66.639542
v 16.500000 -65.775581 50.621868
v 16.500000 -62.126392 55.039181
v 16.500000 -53.958641 63.067150
v 16.500000 -58.181145 59.194206
v 0.000000 83.000000 0.000000
v 0.000000 82.802231 5.726265
v 0.000000 82.209877 11.425241
v 0.000000 81.225754 17.069773
v 0.000000 79.854553 22.632957
v 0.000000 78.102806 28.088285
v 0.000000 75.978867 33.409760
v 0.000000 73.492851 38.572021
v 0.000000 70.656609 43.550472
v 0.000000 67.483658 48.321384
v 0.000000 63.989113 52.862022
v 0.000000 60.189632 57.150749
v 0.000000 56.103321 61.167126
v 0.000000 51.749653 64.892014
v 0.000000 47.149372 68.307663
v 0.000000 42.324406 71.397789
v 0.000000 37.297745 74.147682
v 0.000000 32.093338 76.544220
v 0.000000 26.735996 78.575989
v 0.000000 21.251244 80.233315
v 0.000000 15.665220 81.508286
v 0.000000 10.004544 82.394836
v 0.000000 4.296192 82.888741
v 0.000000 -1.432633 82.987633
v 0.000000 -7.154632 82.691055
v 0.000000 -12.842535 82.000420
v 0.000000 -18.469238 80.919014
v 0.000000 -24.007925 79.451996
v 0.000000 -29.432205 77.606346
v 0.000000 -34.716228 75.390869
v 0.000000 -39.834812 72.816124
v 0.000000 -44.763561 69.894371
v 0.000000 -49.478996 66.639542
v 0.000000 -53.958641 63.067150
v 0.000000 -58.181145 59.194206
v 0.000000 -62.126392 55.039181
v 0.000000 -65.775581 50.621868
v 0.000000 -69.111313 45.963314
v 0.000000 -72.117699 41.085728
v 0.000000 -74.780418 36.012352
v 0.000000 -77.086769 30.767357
v 0.000000 -79.025764 25.375742
v 0.000000 -80.588173 19.863199
v 0.000000 -81.766533 14.256001
v 0.000000 -82.555244 8.580867
v 0.000000 -82.950546 2.864840
v 0.000000 -82.950546 -2.864840
v 0.000000 -82.555244 -8.580867
v 0.000000 -81.766533 -14.256001
v 0.000000 -80.588173 -19.863199
v 0.000000 -79.025764 -25.375742
v 0.000000 -77.086769 -30.767357
v 0.000000 -74.780418 -36.012352
v 0.000000 -72.117699 -41.085728
v 0.000000 -69.111313 -45.963314
v 0.000000 -65.775581 -50.621868
v 0.000000 -62.126392 -55.039181
v 0.000000 -58.181145 -59.194206
v 0.000000 -53.958641 -63.067150
v 0.000000 -49.478996 -66.639542
v 0.000000 -44.763561 -69.894371
v 0.000000 -39.834812 -72.816124
v 0.000000 -34.716228 -75.390869
v 0.000000 -29.432205 -77.606346
v 0.000000 -24.007925 -79.451996
v 0.000000 -18.469238 -80.919014
v 0.000000 -12.842535 -82.000420
v 0.000000 -7.154632 -82.691055
v 0.000000 -1.432633 -82.987633
v 0.000000 4.296192 -82.888741
v 0.000000 10.004544 -82.394836
v 0.000000 15.665220 -81.508286
v 0.000000 21.251244 -80.233315
v 0.000000 26.735996 -78.575989
v 0.000000 32.093338 -76.544220
v 0.000000 37.297745 -74.147682
v 0.000000 42.324406 -71.397789
v 0.000000 47.149372 -68.307663
v 0.000000 51.749653 -64.892014
v 0.000000 56.103321 -61.167126
v 0.000000 60.189632 -57.150749
v 0.000000 63.989113 -52.862022
v 0.000000 67.483658 -48.321384
v 0.000000 70.656609 -43.550472
v 0.000000 73.492851 -38.572021
v 0.000000 75.978867 -33.409760
v 0.000000 78.102806 -28.088285
v 0.000000 79.854553 -22.632957
v 0.000000 81.225754 -17.069773
v 0.000000 82.209877 -11.425241
v 0.000000 82.802231 -5.726265
vn 0.000000 -0.999099 -0.042441
vn 0.000000 -0.999099 -0.042441
vn 0.000000 -0.991900 -0.127018
vn 0.000000 -0.991900 -0.127018
vn 0.000000 -0.977555 -0.210679
vn 0.000000 -0.977555 -0.210679
vn 0.000000 -0.956167 -0.292823
vn 0.000000 -0.956167 -0.292823
vn 0.000000 -0.927889 -0.372856
vn 0.000000 -0.927889 -0.372856
vn 0.000000 -0.892926 -0.450204
vn 0.000000 -0.892926 -0.450204
vn 0.000000 -0.851529 -0.524307
vn 0.000000 -0.851529 -0.524307
vn 0.000000 -0.803997 -0.594633
vn 0.000000 -0.803997 -0.594633
vn 0.000000 -0.750673 -0.660674
vn 0.000000 -0.750673 -0.660674
vn 0.000000 -0.691939 -0.721956
vn 0.000000 -0.628220 -0.778036
vn 0.000000 -0.691939 -0.721956
vn 0.000000 -0.628220 -0.778036
vn 0.000000 -0.559975 -0.828510
vn 0.000000 -0.559975 -0.828510
vn 0.000000 -0.487695 -0.873014
vn 0.000000 -0.487695 -0.873014
vn 0.000000 -0.411901 -0.911229
vn 0.000000 -0.411901 -0.911229
vn 0.000000 -0.333140 -0.942877
vn 0.000000 -0.333140 -0.942877
vn 0.000000 -0.251978 -0.967733
vn 0.000000 -0.251978 -0.967733
vn 0.000000 -0.169001 -0.985616
vn 0.000000 -0.169001 -0.985616
vn 0.000000 -0.084806 -0.996397
vn 0.000000 -0.084806 -0.996397
vn 0.000000 0.000000 -1.000000
vn 0.000000 0.000000 -1.000000
vn 0.000000 0.084806 -0.996397
vn 0.000000 0.084806 -0.996397
vn 0.000000 0.169001 -0.985616
vn 0.000000 0.169001 -0.985616
vn 0.000000 0.251978 -0.967733
vn 0.000000 0.251978 -0.967733
vn 0.000000 0.333140 -0.942877
vn 0.000000 0.333140 -0.942877
vn 0.000000 0.411901 -0.911229
vn 0.000000 0.411901 -0.911229
vn 0.000000 0.559975 -0.828510
vn 0.000000 0.487695 -0.873014
vn 0.000000 0.487695 -0.873014
vn 0.000000 0.559975 -0.828510
vn 0.000000 0.628220 -0.778036
vn 0.000000 0.628220 -0.778036
vn 0.000000 0.691939 -0.721956
vn 0.000000 0.691939 -0.721956
vn 0.000000 0.750673 -0.660674
vn 0.000000 0.750673 -0.660674
vn 0.000000 0.803997 -0.594633
vn 0.000000 0.851529 -0.524307
vn 0.000000 0.803997 -0.594633
vn 0.000000 0.851529 -0.524307
vn 0.000000 0.892926 -0.450204
vn 0.000000 0.892926 -0.450204
vn 0.000000 0.927889 -0.372856
vn 0.000000 0.956167 -0.292823
vn 0.000000 0.927889 -0.372856
vn 0.000000 0.956167 -0.292823
vn 0.000000 0.977555 -0.210679
vn 0.000000 0.991900 -0.127018
vn 0.000000 0.977555 -0.210679
vn 0.000000 0.991900 -0.127018
vn 0.000000 0.999099 -0.042441
vn 0.000000 0.999099 -0.042441
vn 0.000000 0.999099 0.042441
vn -0.000000 0.999099 0.042441
vn 0.000000 0.991900 0.127018
vn -0.000000 0.991900 0.127018
vn 0.000000 0.977555 0.210679
vn -0.000000 0.977555 0.210679
vn 0.000000 0.956167 0.292823
vn -0.000000 0.956167 0.292823
vn -0.000000 0.927889 0.372856
vn 0.000000 0.927889 0.372856
vn -0.000000 0.892926 0.450204
vn 0.000000 0.892926 0.450204
vn -0.000000 0.851529 0.524307
vn 0.000000 0.851529 0.524307
vn -0.000000 0.803997 0.594633
vn 0.000000 0.803997 0.594633
vn -0.000000 0.750673 0.660674
vn 0.000000 0.750673 0.660674
vn -0.000000 0.691939 0.721956
vn 0.000000 0.691939 0.721956
vn -0.000000 0.628220 0.778036
vn 0.000000 0.628220 0.778036
vn -0.000000 0.559975 0.828510
vn 0.000000 0.559975 0.828510
vn -0.000000 0.487695 0.873014
vn -0.000000 0.411901 0.911229
vn 0.000000 0.487695 0.873014
vn -0.000000 0.411901 0.911229
vn -0.000000 0.333140 0.942877
vn -0.000000 0.333140 0.942877
vn -0.000000 0.251978 0.967733
vn 0.000000 0.251978 0.967733
vn -0.000000 0.169001 0.985616
vn 0.000000 0.169001 0.985616
vn -0.000000 0.084806 0.996397
vn 0.000000 0.084806 0.996397
vn -0.000000 0.000000 1.000000
vn 0.000000 0.000000 1.000000
vn 0.000000 -0.084806 0.996397
vn 0.000000 -0.084806 0.996397
vn 0.000000 -0.169001 0.985616
vn 0.000000 -0.169001 0.985616
vn 0.000000 -0.251978 0.967733
vn 0.000000 -0.251978 0.967733
vn 0.000000 -0.333140 0.942877
vn 0.000000 -0.333140 0.942877
vn 0.000000 -0.411901 0.911229
vn 0.000000 -0.411901 0.911229
vn 0.000000 -0.487695 0.873014
vn 0.000000 -0.487695 0.873014
vn 0.000000 -0.559975 0.828510
vn 0.000000 -0.559975 0.828510
vn 0.000000 -0.628220 0.778036
vn 0.000000 -0.628220 0.778036
vn 0.000000 -0.691939 0.721956
vn 0.000000 -0.691939 0.721956
vn 0.000000 -0.750673 0.660674
vn 0.000000 -0.750673 0.660674
vn 0.000000 -0.803997 0.594633
vn 0.000000 -0.803997 0.594633
vn 0.000000 -0.851529 0.524307
vn 0.000000 -0.851529 0.524307
vn 0.000000 -0.892926 0.450204
vn 0.000000 -0.892926 0.450204
vn 0.000000 -0.927889 0.372856
vn 0.000000 -0.927889 0.372856
vn 0.000000 -0.956167 0.292823
vn 0.000000 -0.956167 0.292823
vn 0.000000 -0.977555 0.210679
vn 0.000000 -0.977555 0.210679
vn 0.000000 -0.991900 0.127018
vn 0.000000 -0.991900 0.127018
vn 0.000000 -0.999099 0.042441
vn 0.000000 -0.999099 0.042441
vn 1.000000 0.000000 0.000000
vn 1.000000 0.000000 0.000000
vn 1.000000 0.000000 0.000000
vn 1.000000 0.000000 0.000000
vn 1.000000 0.000000 0.000000
vn 1.000000 0.000000 0.000000
vn 1.000000 0.000000 0.000000
vn 1.000000 0.000000 0.000000
vn 1.000000 0.000000 0.000000
vn 1.000000 0.000000 0.000000
vn 1.000000 0.000000 0.000000
vn 1.000000 0.000000 0.000000
vn 1.000000 0.000000 0.000000
vn 1.000000 0.000000 0.000000
vn 1.000000 0.000000 0.000000
vn 1.000000 0.000000 0.000000
vn 1.000000 0.000000 0.000000
vn 1.000000 0.000000 0.000000
vn 1.000000 0.000000 0.000000
vn 1.000000 0.000000 0.000000
vn 1.000000 0.000000 0.000000
vn 1.000000 0.000000 0.000000
vn 1.000000 0.000000 0.000000
vn 1.000000 0.000000 0.000000
vn 1.000000 0.000000 0.000000
vn 1.000000 0.000000 0.000000
vn 1.000000 0.000000 0.000000
vn 1.000000 0.000000 0.000000
vn 1.000000 0.000000 0.000000
vn 1.000000 0.000000 0.000000
vn 1.000000 0.000000 0.000000
vn 1.000000 0.000000 0.000000
vn 1.000000 0.000000 0.000000
vn 1.000000 0.000000 0.000000
vn 1.000000 0.000000 0.000000
vn 1.000000 0.000000 0.000000
vn 1.000000 0.000000 0.000000
vn 1.000000 0.000000 0.000000
vn 1.000000 0.000000 0.000000
vn 1.000000 0.000000 0.000000
vn 1.000000 0.000000 0.000000
vn 1.000000 0.000000 0.000000
vn 1.000000 0.000000 0.000000
vn 1.000000 0.000000 0.000000
vn 1.000000 0.000000 0.000000
vn 1.000000 0.000000 0.000000
vn 1.000000 0.000000 0.000000
vn 1.000000 0.000000 0.000000
vn 1.000000 0.000000 0.000000
vn 1.000000 0.000000 0.000000
vn 1.000000 0.000000 0.000000
vn 1.000000 0.000000 0.000000
vn 1.000000 0.000000 0.000000
vn 1.000000 0.000000 0.000000
vn 1.000000 0.000000 0.000000
vn 1.000000 0.000000 0.000000
vn 1.000000 0.000000 0.000000
vn 1.000000 0.000000 0.000000
vn 1.000000 0.000000 0.000000
vn 1.000000 0.000000 0.000000
vn 1.000000 0.000000 0.000000
vn 1.000000 0.000000 0.000000
vn 1.000000 0.000000 0.000000
vn 1.000000 0.000000 0.000000
vn 1.000000 0.000000 0.000000
vn 1.000000 0.000000 0.000000
vn 1.000000 0.000000 0.000000
vn 1.000000 0.000000 0.000000
vn 1.000000 0.000000 0.000000
vn 1.000000 0.000000 0.000000
vn 1.000000 0.000000 0.000000
vn 1.000000 0.000000 0.000000
vn 1.000000 0.000000 0.000000
vn 1.000000 0.000000 0.000000
vn 1.000000 0.000000 0.000000
vn 1.000000 0.000000 0.000000
vn 1.000000 0.000000 0.000000
vn 1.000000 0.000000 0.000000
vn 1.000000 0.000000 0.000000
vn 1.000000 0.000000 0.000000
vn 1.000000 0.000000 0.000000
vn 1.000000 0.000000 0.000000
vn 1.000000 0.000000 0.000000
vn 1.000000 0.000000 0.000000
vn 1.000000 0.000000 0.000000
vn 1.000000 0.000000 0.000000
vn 1.000000 0.000000 0.000000
vn 1.000000 0.000000 0.000000
vn 1.000000 0.000000 0.000000
vn 1.000000 0.000000 0.000000
vn 1.000000 0.000000 0.000000
vn 1.000000 0.000000 0.000000
vn 1.000000 0.000000 0.000000
vn 1.000000 0.000000 0.000000
vn 1.000000 0.000000 0.000000
vn 1.000000 0.000000 0.000000
vn 1.000000 0.000000 0.000000
vn 1.000000 0.000000 0.000000
vn 1.000000 0.000000 0.000000
vn 1.000000 0.000000 0.000000
vn 1.000000 0.000000 0.000000
vn 1.000000 0.000000 0.000000
vn 1.000000 0.000000 0.000000
vn 1.000000 0.000000 0.000000
vn 1.000000 0.000000 0.000000
vn 1.000000 0.000000 0.000000
vn 1.000000 0.000000 0.000000
vn 1.000000 0.000000 0.000000
vn 1.000000 0.000000 0.000000
vn 1.000000 0.000000 0.000000
vn 1.000000 0.000000 0.000000
vn 1.000000 0.000000 0.000000
vn 1.000000 0.000000 0.000000
vn 1.000000 0.000000 0.000000
vn 1.000000 0.000000 0.000000
vn 1.000000 0.000000 0.000000
vn 1.000000 0.000000 0.000000
vn 1.000000 0.000000 0.000000
vn 1.000000 0.000000 0.000000
vn 1.000000 0.000000 0.000000
vn 1.000000 0.000000 0.000000
vn 1.000000 0.000000 0.000000
vn 1.000000 0.000000 0.000000
vn 1.000000 0.000000 0.000000
vn 1.000000 0.000000 0.000000
vn 1.000000 0.000000 0.000000
vn 1.000000 0.000000 0.000000
vn 1.000000 0.000000 0.000000
vn 1.000000 0.000000 0.000000
vn 1.000000 0.000000 0.000000
vn 1.000000 0.000000 0.000000
vn 1.000000 0.000000 0.000000
vn 1.000000 0.000000 0.000000
vn 1.000000 0.000000 0.000000
vn 1.000000 0.000000 0.000000
vn 1.000000 0.000000 0.000000
vn 1.000000 0.000000 0.000000
vn 1.000000 0.000000 0.000000
vn 1.000000 0.000000 0.000000
vn 1.000000 0.000000 0.000000
vn 1.000000 0.000000 0.000000
vn 1.000000 0.000000 0.000000
vn 1.000000 0.000000 0.000000
vn 1.000000 0.000000 0.000000
vn 1.000000 0.000000 0.000000
vn 1.000000 0.000000 0.000000
vn 1.000000 0.000000 0.000000
vn 1.000000 0.000000 0.000000
vn 1.000000 0.000000 0.000000
vn 1.000000 0.000000 0.000000
vn 1.000000 0.000000 0.000000
vn 1.000000 0.000000 0.000000
vn 1.000000 0.000000 0.000000
vn 1.000000 0.000000 0.000000
vn 1.000000 0.000000 0.000000
vn 1.000000 0.000000 0.000000
vn 1.000000 0.000000 0.000000
vn 1.000000 0.000000 0.000000
vn 1.000000 0.000000 0.000000
vn 1.000000 0.000000 0.000000
vn 1.000000 0.000000 0.000000
vn 1.000000 0.000000 0.000000
vn 1.000000 0.000000 0.000000
vn 1.000000 0.000000 0.000000
vn 1.000000 0.000000 0.000000
vn 1.000000 0.000000 0.000000
vn 0.000000 0.999417 0.034141
vn 0.000000 0.999417 0.034141
vn 0.000000 0.994757 0.102264
vn 0.000000 0.994757 0.102264
vn 0.000000 0.985460 0.169910
vn 0.000000 0.971567 0.236764
vn 0.000000 0.985460 0.169910
vn 0.000000 0.953145 0.302515
vn 0.000000 0.971567 0.236764
vn 0.000000 0.930278 0.366855
vn 0.000000 0.953145 0.302515
vn 0.000000 0.930278 0.366855
vn 0.000000 0.903075 0.429483
vn 0.000000 0.903075 0.429483
vn 0.000000 0.871661 0.490110
vn 0.000000 0.836182 0.548452
vn 0.000000 0.871661 0.490110
vn 0.000000 0.836182 0.548452
vn 0.000000 0.796805 0.604236
vn 0.000000 0.753713 0.657204
vn 0.000000 0.796805 0.604236
vn 0.000000 0.753713 0.657204
vn 0.000000 0.707107 0.707107
vn 0.000000 0.707107 0.707107
vn 0.000000 0.657204 0.753713
vn 0.000000 0.604236 0.796805
vn 0.000000 0.657204 0.753713
vn 0.000000 0.604236 0.796805
vn 0.000000 0.548452 0.836182
vn 0.000000 0.490110 0.871661
vn 0.000000 0.548452 0.836182
vn 0.000000 0.490110 0.871661
vn 0.000000 0.429483 0.903075
vn 0.000000 0.429483 0.903075
vn 0.000000 0.366855 0.930278
vn 0.000000 0.366855 0.930278
vn 0.000000 0.302515 0.953145
vn 0.000000 0.302515 0.953145
vn 0.000000 0.236764 0.971567
vn 0.000000 0.236764 0.971567
vn 0.000000 0.169910 0.985460
vn 0.000000 0.169910 0.985460
vn 0.000000 0.102264 0.994757
vn 0.000000 0.102264 0.994757
vn 0.000000 0.034141 0.999417
vn 0.000000 0.034141 0.999417
vn 0.000000 -0.034141 0.999417
vn 0.000000 -0.102264 0.994757
vn 0.000000 -0.034141 0.999417
vn 0.000000 -0.102264 0.994757
vn 0.000000 -0.169910 0.985460
vn 0.000000 -0.169910 0.985460
vn 0.000000 -0.236764 0.971567
vn 0.000000 -0.236764 0.971567
vn 0.000000 -0.302515 0.953145
vn 0.000000 -0.302515 0.953145
vn 0.000000 -0.366855 0.930278
vn 0.000000 -0.366855 0.930278
vn 0.000000 -0.429483 0.903075
vn 0.000000 -0.429483 0.903075
vn 0.000000 -0.490110 0.871661
vn 0.000000 -0.490110 0.871661
vn 0.000000 -0.548452 0.836182
vn 0.000000 -0.548452 0.836182
vn 0.000000 -0.604236 0.796805
vn 0.000000 -0.604236 0.796805
vn 0.000000 -0.657204 0.753713
vn 0.000000 -0.657204 0.753713
vn 0.000000 -0.707107 0.707107
vn 0.000000 -0.707107 0.707107
vn 0.000000 -0.753713 0.657204
vn 0.000000 -0.753713 0.657204
vn 0.000000 -0.796805 0.604236
vn 0.000000 -0.796805 0.604236
vn 0.000000 -0.836182 0.548452
vn 0.000000 -0.836182 0.548452
vn 0.000000 -0.871661 0.490110
vn 0.000000 -0.871661 0.490110
vn 0.000000 -0.903075 0.429483
vn 0.000000 -0.930278 0.366855
vn 0.000000 -0.903075 0.429483
vn 0.000000 -0.930278 0.366855
vn 0.000000 -0.953145 0.302515
vn 0.000000 -0.953145 0.302515
vn 0.000000 -0.971567 0.236764
vn 0.000000 -0.971567 0.236764
vn 0.000000 -0.985460 0.169910
vn 0.000000 -0.994757 0.102264
vn 0.000000 -0.985460 0.169910
vn 0.000000 -0.994757 0.102264
vn 0.000000 -0.999417 0.034141
vn 0.000000 -0.999417 0.034141
vn -0.000000 -0.999417 -0.034141
vn -0.000000 -0.994757 -0.102264
vn 0.000000 -0.999417 -0.034141
vn -0.000000 -0.985460 -0.169910
vn -0.000000 -0.994757 -0.102264
vn -0.000000 -0.971567 -0.236764
vn -0.000000 -0.985460 -0.169910
vn -0.000000 -0.971567 -0.236764
vn -0.000000 -0.953145 -0.302515
vn 0.000000 -0.953145 -0.302515
vn -0.000000 -0.930278 -0.366855
vn -0.000000 -0.903075 -0.429483
vn 0.000000 -0.930278 -0.366855
vn -0.000000 -0.903075 -0.429483
vn 0.000000 -0.871661 -0.490110
vn -0.000000 -0.871661 -0.490110
vn -0.000000 -0.836182 -0.548452
vn -0.000000 -0.836182 -0.548452
vn 0.000000 -0.796805 -0.604236
vn -0.000000 -0.796805 -0.604236
vn -0.000000 -0.753713 -0.657204
vn -0.000000 -0.753713 -0.657204
vn 0.000000 -0.707107 -0.707107
vn -0.000000 -0.707107 -0.707107
vn 0.000000 -0.657204 -0.753713
vn -0.000000 -0.657204 -0.753713
vn 0.000000 -0.604236 -0.796805
vn -0.000000 -0.604236 -0.796805
vn 0.000000 -0.548452 -0.836182
vn -0.000000 -0.548452 -0.836182
vn -0.000000 -0.490110 -0.871661
vn -0.000000 -0.490110 -0.871661
vn 0.000000 -0.429483 -0.903075
vn -0.000000 -0.429483 -0.903075
vn 0.000000 -0.366855 -0.930278
vn -0.000000 -0.366855 -0.930278
vn 0.000000 -0.302515 -0.953145
vn -0.000000 -0.302515 -0.953145
vn -0.000000 -0.236764 -0.971567
vn -0.000000 -0.236764 -0.971567
vn -0.000000 -0.169910 -0.985460
vn -0.000000 -0.169910 -0.985460
vn 0.000000 -0.102264 -0.994757
vn -0.000000 -0.102264 -0.994757
vn -0.000000 -0.034141 -0.999417
vn -0.000000 -0.034141 -0.999417
vn 0.000000 0.034141 -0.999417
vn 0.000000 0.034141 -0.999417
vn 0.000000 0.102264 -0.994757
vn 0.000000 0.102264 -0.994757
vn 0.000000 0.169910 -0.985460
vn 0.000000 0.169910 -0.985460
vn 0.000000 0.236764 -0.971567
vn 0.000000 0.236764 -0.971567
vn 0.000000 0.302515 -0.953145
vn 0.000000 0.366855 -0.930278
vn 0.000000 0.302515 -0.953145
vn 0.000000 0.366855 -0.930278
vn 0.000000 0.429483 -0.903075
vn 0.000000 0.429483 -0.903075
vn 0.000000 0.490110 -0.871661
vn 0.000000 0.548452 -0.836182
vn 0.000000 0.490110 -0.871661
vn 0.000000 0.604236 -0.796805
vn 0.000000 0.548452 -0.836182
vn 0.000000 0.604236 -0.796805
vn 0.000000 0.657204 -0.753713
vn 0.000000 0.657204 -0.753713
vn 0.000000 0.707107 -0.707107
vn 0.000000 0.707107 -0.707107
vn 0.000000 0.753713 -0.657204
vn 0.000000 0.753713 -0.657204
vn 0.000000 0.796805 -0.604236
vn 0.000000 0.796805 -0.604236
vn 0.000000 0.836182 -0.548452
vn 0.000000 0.836182 -0.548452
vn 0.000000 0.871661 -0.490110
vn 0.000000 0.871661 -0.490110
vn 0.000000 0.903075 -0.429483
vn 0.000000 0.903075 -0.429483
vn 0.000000 0.930278 -0.366855
vn 0.000000 0.930278 -0.366855
vn 0.000000 0.953145 -0.302515
vn 0.000000 0.953145 -0.302515
vn 0.000000 0.971567 -0.236764
vn 0.000000 0.971567 -0.236764
vn 0.000000 0.985460 -0.169910
vn 0.000000 0.985460 -0.169910
vn 0.000000 0.994757 -0.102264
vn 0.000000 0.994757 -0.102264
vn 0.000000 0.999417 -0.034141
vn 0.000000 0.999417 -0.034141
vn 1.000000 0.000000 0.000000
vn 1.000000 0.000000 0.000000
vn 1.000000 0.000000 0.000000
vn 1.000000 0.000000 0.000000
vn 1.000000 0.000000 0.000000
vn 1.000000 0.000000 0.000000
vn 1.000000 0.000000 0.000000
vn 1.000000 0.000000 0.000000
vn 1.000000 0.000000 0.000000
vn 1.000000 0.000000 0.000000
vn 1.000000 0.000000 0.000000
vn 1.000000 0.000000 0.000000
vn 1.000000 0.000000 0.000000
vn 1.000000 0.000000 0.000000
vn 1.000000 0.000000 0.000000
vn 1.000000 0.000000 0.000000
vn 1.000000 0.000000 0.000000
vn 1.000000 0.000000 0.000000
vn 1.000000 0.000000 0.000000
vn 1.000000 0.000000 0.000000
vn 1.000000 0.000000 0.000000
vn 1.000000 0.000000 0.000000
vn 1.000000 0.000000 0.000000
vn 1.000000 0.000000 0.000000
vn 1.000000 0.000000 0.000000
vn 1.000000 0.000000 0.000000
vn 1.000000 0.000000 0.000000
vn 1.000000 0.000000 0.000000
vn 1.000000 0.000000 0.000000
vn 1.000000 0.000000 0.000000
vn 1.000000 0.000000 0.000000
vn 1.000000 0.000000 0.000000
vn 1.000000 0.000000 0.000000
vn 1.000000 0.000000 0.000000
vn 1.000000 0.000000 0.000000
vn 1.000000 0.000000 0.000000
vn 1.000000 0.000000 0.000000
vn 1.000000 0.000000 0.000000
vn 1.000000 0.000000 0.000000
vn 1.000000 0.000000 0.000000
vn 1.000000 0.000000 0.000000
vn 1.000000 0.000000 0.000000
vn 1.000000 0.000000 0.000000
vn 1.000000 0.000000 0.000000
vn 1.000000 0.000000 0.000000
vn 1.000000 0.000000 0.000000
vn 1.000000 0.000000 0.000000
vn 1.000000 0.000000 0.000000
vn 1.000000 0.000000 0.000000
vn 1.000000 0.000000 0.000000
vn 1.000000 0.000000 0.000000
vn 1.000000 0.000000 0.000000
vn 1.000000 0.000000 0.000000
vn 1.000000 0.000000 0.000000
vn 1.000000 0.000000 0.000000
vn 1.000000 0.000000 0.000000
vn 1.000000 0.000000 0.000000
vn 1.000000 0.000000 0.000000
vn 1.000000 0.000000 0.000000
vn 1.000000 0.000000 0.000000
vn 1.000000 0.000000 0.000000
vn 1.000000 0.000000 0.000000
vn 1.000000 0.000000 0.000000
vn 1.000000 0.000000 0.000000
vn 1.000000 0.000000 0.000000
vn 1.000000 0.000000 0.000000
vn 1.000000 0.000000 0.000000
vn 1.000000 0.000000 0.000000
vn 1.000000 0.000000 0.000000
vn 1.000000 0.000000 0.000000
vn 1.000000 0.000000 0.000000
vn 1.000000 0.000000 0.000000
vn 1.000000 0.000000 0.000000
vn 1.000000 0.000000 0.000000
vn 1.000000 0.000000 0.000000
vn 1.000000 0.000000 0.000000
vn 1.000000 0.000000 0.000000
vn 1.000000 0.000000 0.000000
vn 1.000000 0.000000 0.000000
vn 1.000000 0.000000 0.000000
vn 1.000000 0.000000 0.000000
vn 1.000000 0.000000 0.000000
vn 1.000000 0.000000 0.000000
vn 1.000000 0.000000 0.000000
vn 1.000000 0.000000 0.000000
vn 1.000000 0.000000 0.000000
vn 1.000000 0.000000 0.000000
vn 1.000000 0.000000 0.000000
vn 1.000000 0.000000 0.000000
vn 1.000000 0.000000 0.000000
vn 1.000000 0.000000 0.000000
vn 1.000000 0.000000 0.000000
vn 1.000000 0.000000 0.000000
vn 1.000000 0.000000 0.000000
vn 1.000000 0.000000 0.000000
vn 1.000000 0.000000 0.000000
vn 1.000000 0.000000 0.000000
vn 1.000000 0.000000 0.000000
vn 1.000000 0.000000 0.000000
vn 1.000000 0.000000 0.000000
vn 1.000000 0.000000 0.000000
vn 1.000000 0.000000 0.000000
vn 1.000000 0.000000 0.000000
vn 1.000000 0.000000 0.000000
vn 1.000000 0.000000 0.000000
vn 1.000000 0.000000 0.000000
vn 1.000000 0.000000 0.000000
vn 1.000000 0.000000 0.000000
vn 1.000000 0.000000 0.000000
vn 1.000000 0.000000 0.000000
vn 1.000000 0.000000 0.000000
vn 1.000000 0.000000 0.000000
vn 1.000000 0.000000 0.000000
vn 1.000000 0.000000 0.000000
vn 1.000000 0.000000 0.000000
vn 1.000000 0.000000 0.000000
vn 1.000000 0.000000 0.000000
vn 1.000000 0.000000 0.000000
vn 1.000000 0.000000 0.000000
vn 1.000000 0.000000 0.000000
vn 1.000000 0.000000 0.000000
vn 1.000000 0.000000 0.000000
vn 1.000000 0.000000 0.000000
vn 1.000000 0.000000 0.000000
vn 1.000000 0.000000 0.000000
vn 1.000000 0.000000 0.000000
vn 1.000000 0.000000 0.000000
vn 1.000000 0.000000 0.000000
vn 1.000000 0.000000 0.000000
vn 1.000000 0.000000 0.000000
vn 1.000000 0.000000 0.000000
vn 1.000000 0.000000 0.000000
vn 1.000000 0.000000 0.000000
vn 1.000000 0.000000 0.000000
vn 1.000000 0.000000 0.000000
vn 1.000000 0.000000 0.000000
vn 1.000000 0.000000 0.000000
vn 1.000000 0.000000 0.000000
vn 1.000000 0.000000 0.000000
vn 1.000000 0.000000 0.000000
vn 1.000000 0.000000 0.000000
vn 1.000000 0.000000 0.000000
vn 1.000000 0.000000 0.000000
vn 1.000000 0.000000 0.000000
vn 1.000000 0.000000 0.000000
vn 1.000000 0.000000 0.000000
vn 1.000000 0.000000 0.000000
vn 1.000000 0.000000 0.000000
vn 1.000000 0.000000 0.000000
vn 1.000000 0.000000 0.000000
vn 1.000000 0.000000 0.000000
vn 1.000000 0.000000 0.000000
vn 1.000000 0.000000 0.000000
vn 1.000000 0.000000 0.000000
vn 1.000000 0.000000 0.000000
vn 1.000000 0.000000 0.000000
vn 1.000000 0.000000 0.000000
vn 1.000000 0.000000 0.000000
vn 1.000000 0.000000 0.000000
vn 1.000000 0.000000 0.000000
vn 1.000000 0.000000 0.000000
vn 1.000000 0.000000 0.000000
vn 1.000000 0.000000 0.000000
vn 1.000000 0.000000 0.000000
vn 1.000000 0.000000 0.000000
vn 1.000000 0.000000 0.000000
vn 1.000000 0.000000 0.000000
vn 1.000000 0.000000 0.000000
vn 1.000000 0.000000 0.000000
vn 1.000000 0.000000 0.000000
vn 1.000000 0.000000 0.000000
vn 1.000000 0.000000 0.000000
vn 1.000000 0.000000 0.000000
vn 1.000000 0.000000 0.000000
vn 1.000000 0.000000 0.000000
vn 1.000000 0.000000 0.000000
vn 1.000000 0.000000 0.000000
vn 1.000000 0.000000 0.000000
vn 1.000000 0.000000 0.000000
vn 1.000000 0.000000 0.000000
vn 1.000000 0.000000 0.000000
vn 1.000000 0.000000 0.000000
vn 1.000000 0.000000 0.000000
vn 1.000000 0.000000 0.000000
vn 1.000000 0.000000 0.000000
vn 1.000000 0.000000 0.000000
vn 1.000000 0.000000 0.000000
vn 1.000000 0.000000 0.000000
vn 1.000000 0.000000 0.000000
vn 1.000000 0.000000 0.000000
vn 1.000000 0.000000 0.000000
vn 1.000000 0.000000 0.000000
vn 1.000000 0.000000 0.000000
vn 1.000000 0.000000 0.000000
vn 1.000000 0.000000 0.000000
vn 1.000000 0.000000 0.000000
vn 1.000000 0.000000 0.000000
vn 1.000000 0.000000 0.000000
vn 1.000000 0.000000 0.000000
vn 1.000000 0.000000 0.000000
vn 1.000000 0.000000 0.000000
vn 1.000000 0.000000 0.000000
vn 1.000000 0.000000 0.000000
vn 1.000000 0.000000 0.000000
vn 1.000000 0.000000 0.000000
vn 1.000000 0.000000 0.000000
vn 1.000000 0.000000 0.000000
vn 1.000000 0.000000 0.000000
vn 1.000000 0.000000 0.000000
vn 1.000000 0.000000 0.000000
vn 1.000000 0.000000 0.000000
vn 1.000000 0.000000 0.000000
vn 1.000000 0.000000 0.000000
vn 1.000000 0.000000 0.000000
vn 1.000000 0.000000 0.000000
vn 1.000000 0.000000 0.000000
vn 1.000000 0.000000 0.000000
vn 1.000000 0.000000 0.000000
vn 1.000000 0.000000 0.000000
vn 1.000000 0.000000 0.000000
vn 0.000000 0.999699 0.024541
vn 0.000000 0.997290 0.073565
vn 0.000000 0.999699 0.024541
vn 0.000000 0.997290 0.073565
vn 0.000000 0.992480 0.122411
vn 0.000000 0.985278 0.170962
vn 0.000000 0.992480 0.122411
vn 0.000000 0.985278 0.170962
vn 0.000000 0.975702 0.219101
vn 0.000000 0.975702 0.219101
vn 0.000000 0.963776 0.266713
vn 0.000000 0.963776 0.266713
vn 0.000000 0.949528 0.313682
vn 0.000000 0.932993 0.359894
vn 0.000000 0.949528 0.313682
vn 0.000000 0.932993 0.359894
vn 0.000000 0.914209 0.405242
vn 0.000000 0.914209 0.405242
vn 0.000000 0.893224 0.449611
vn 0.000000 0.893224 0.449611
vn 0.000000 0.870087 0.492898
vn 0.000000 0.870087 0.492898
vn 0.000000 0.844854 0.534997
vn 0.000000 0.844854 0.534997
vn 0.000000 0.817584 0.575809
vn 0.000000 0.817584 0.575809
vn 0.000000 0.788347 0.615231
vn 0.000000 0.788347 0.615231
vn 0.000000 0.757209 0.653173
vn 0.000000 0.724248 0.689540
vn 0.000000 0.757209 0.653173
vn 0.000000 0.689540 0.724248
vn 0.000000 0.724248 0.689540
vn 0.000000 0.689540 0.724248
vn 0.000000 0.653173 0.757209
vn 0.000000 0.653173 0.757209
vn 0.000000 0.615231 0.788347
vn 0.000000 0.575809 0.817584
vn 0.000000 0.615231 0.788347
vn 0.000000 0.575809 0.817584
vn 0.000000 0.534997 0.844854
vn 0.000000 0.492898 0.870087
vn 0.000000 0.534997 0.844854
vn 0.000000 0.449611 0.893224
vn 0.000000 0.492898 0.870087
vn 0.000000 0.449611 0.893224
vn 0.000000 0.405242 0.914209
vn 0.000000 0.359894 0.932993
vn 0.000000 0.405242 0.914209
vn 0.000000 0.359894 0.932993
vn 0.000000 0.313682 0.949528
vn 0.000000 0.313682 0.949528
vn 0.000000 0.266713 0.963776
vn 0.000000 0.266713 0.963776
vn 0.000000 0.219101 0.975702
vn 0.000000 0.219101 0.975702
vn 0.000000 0.170962 0.985278
vn 0.000000 0.122411 0.992480
vn 0.000000 0.170962 0.985278
vn 0.000000 0.122411 0.992480
vn 0.000000 0.073565 0.997290
vn 0.000000 0.073565 0.997290
vn 0.000000 0.024541 0.999699
vn 0.000000 0.024541 0.999699
vn 0.000000 -0.024541 0.999699
vn 0.000000 -0.024541 0.999699
vn 0.000000 -0.073565 0.997290
vn 0.000000 -0.073565 0.997290
vn 0.000000 -0.122411 0.992480
vn 0.000000 -0.122411 0.992480
vn 0.000000 -0.170962 0.985278
vn 0.000000 -0.170962 0.985278
vn 0.000000 -0.219101 0.975702
vn 0.000000 -0.219101 0.975702
vn 0.000000 -0.266713 0.963776
vn 0.000000 -0.266713 0.963776
vn 0.000000 -0.313682 0.949528
vn 0.000000 -0.313682 0.949528
vn 0.000000 -0.359894 0.932993
vn 0.000000 -0.359894 0.932993
vn 0.000000 -0.405242 0.914209
vn 0.000000 -0.405242 0.914209
vn 0.000000 -0.449611 0.893224
vn 0.000000 -0.449611 0.893224
vn 0.000000 -0.492898 0.870087
vn 0.000000 -0.492898 0.870087
vn 0.000000 -0.534997 0.844854
vn 0.000000 -0.534997 0.844854
vn 0.000000 -0.575809 0.817584
vn 0.000000 -0.575809 0.817584
vn 0.000000 -0.615231 0.788347
vn 0.000000 -0.615231 0.788347
vn 0.000000 -0.653173 0.757209
vn 0.000000 -0.653173 0.757209
vn 0.000000 -0.689540 0.724248
vn 0.000000 -0.689540 0.724248
vn 0.000000 -0.724248 0.689540
vn 0.000000 -0.724248 0.689540
vn 0.000000 -0.757209 0.653173
vn 0.000000 -0.757209 0.653173
vn 0.000000 -0.788347 0.615231
vn 0.000000 -0.817584 0.575809
vn 0.000000 -0.788347 0.615231
vn 0.000000 -0.817584 0.575809
vn 0.000000 -0.844854 0.534997
vn 0.000000 -0.844854 0.534997
vn 0.000000 -0.870087 0.492898
vn 0.000000 -0.870087 0.492898
vn 0.000000 -0.893224 0.449611
vn 0.000000 -0.914209 0.405242
vn 0.000000 -0.893224 0.449611
vn 0.000000 -0.914209 0.405242
vn 0.000000 -0.932993 0.359894
vn 0.000000 -0.949528 0.313682
vn 0.000000 -0.932993 0.359894
vn 0.000000 -0.949528 0.313682
vn 0.000000 -0.963776 0.266713
vn 0.000000 -0.975702 0.219101
vn 0.000000 -0.963776 0.266713
vn 0.000000 -0.975702 0.219101
vn 0.000000 -0.985278 0.170962
vn 0.000000 -0.985278 0.170962
vn 0.000000 -0.992480 0.122411
vn 0.000000 -0.992480 0.122411
vn 0.000000 -0.997290 0.073565
vn 0.000000 -0.997290 0.073565
vn 0.000000 -0.999699 0.024541
vn 0.000000 -0.999699 0.024541
vn 0.000000 -0.999699 -0.024541
vn -0.000000 -0.999699 -0.024541
vn -0.000000 -0.997290 -0.073565
vn -0.000000 -0.997290 -0.073565
vn 0.000000 -0.992480 -0.122411
vn -0.000000 -0.992480 -0.122411
vn -0.000000 -0.985278 -0.170962
vn -0.000000 -0.985278 -0.170962
vn 0.000000 -0.975702 -0.219101
vn -0.000000 -0.975702 -0.219101
vn 0.000000 -0.963776 -0.266713
vn -0.000000 -0.963776 -0.266713
vn 0.000000 -0.949528 -0.313682
vn -0.000000 -0.949528 -0.313682
vn -0.000000 -0.932993 -0.359894
vn -0.000000 -0.932993 -0.359894
vn 0.000000 -0.914209 -0.405242
vn -0.000000 -0.914209 -0.405242
vn 0.000000 -0.893224 -0.449611
vn -0.000000 -0.893224 -0.449611
vn -0.000000 -0.870087 -0.492898
vn -0.000000 -0.870087 -0.492898
vn 0.000000 -0.844854 -0.534997
vn -0.000000 -0.844854 -0.534997
vn 0.000000 -0.817584 -0.575809
vn -0.000000 -0.817584 -0.575809
vn 0.000000 -0.788347 -0.615231
vn -0.000000 -0.788347 -0.615231
vn 0.000000 -0.757209 -0.653173
vn -0.000000 -0.757209 -0.653173
vn 0.000000 -0.724248 -0.689540
vn -0.000000 -0.724248 -0.689540
vn -0.000000 -0.689540 -0.724248
vn 0.000000 -0.689540 -0.724248
vn -0.000000 -0.653173 -0.757209
vn 0.000000 -0.653173 -0.757209
vn -0.000000 -0.615231 -0.788347
vn 0.000000 -0.615231 -0.788347
vn -0.000000 -0.575809 -0.817584
vn 0.000000 -0.575809 -0.817584
vn -0.000000 -0.534997 -0.844854
vn -0.000000 -0.492898 -0.870087
vn 0.000000 -0.534997 -0.844854
vn -0.000000 -0.492898 -0.870087
vn 0.000000 -0.449611 -0.893224
vn -0.000000 -0.449611 -0.893224
vn -0.000000 -0.405242 -0.914209
vn -0.000000 -0.405242 -0.914209
vn 0.000000 -0.359894 -0.932993
vn -0.000000 -0.359894 -0.932993
vn -0.000000 -0.313682 -0.949528
vn -0.000000 -0.313682 -0.949528
vn 0.000000 -0.266713 -0.963776
vn -0.000000 -0.266713 -0.963776
vn 0.000000 -0.219101 -0.975702
vn -0.000000 -0.219101 -0.975702
vn 0.000000 -0.170962 -0.985278
vn -0.000000 -0.170962 -0.985278
vn 0.000000 -0.122411 -0.992480
vn -0.000000 -0.122411 -0.992480
vn 0.000000 -0.073565 -0.997290
vn -0.000000 -0.073565 -0.997290
vn 0.000000 -0.024541 -0.999699
vn -0.000000 -0.024541 -0.999699
vn 0.000000 0.024541 -0.999699
vn 0.000000 0.024541 -0.999699
vn 0.000000 0.073565 -0.997290
vn 0.000000 0.073565 -0.997290
vn 0.000000 0.122411 -0.992480
vn 0.000000 0.122411 -0.992480
vn 0.000000 0.170962 -0.985278
vn 0.000000 0.170962 -0.985278
vn 0.000000 0.219101 -0.975702
vn 0.000000 0.266713 -0.963776
vn 0.000000 0.219101 -0.975702
vn 0.000000 0.266713 -0.963776
vn 0.000000 0.313682 -0.949528
vn 0.000000 0.313682 -0.949528
vn 0.000000 0.359894 -0.932993
vn 0.000000 0.405242 -0.914209
vn 0.000000 0.359894 -0.932993
vn 0.000000 0.405242 -0.914209
vn 0.000000 0.449611 -0.893224
vn 0.000000 0.449611 -0.893224
vn 0.000000 0.492898 -0.870087
vn 0.000000 0.492898 -0.870087
vn 0.000000 0.534997 -0.844854
vn 0.000000 0.575809 -0.817584
vn 0.000000 0.534997 -0.844854
vn 0.000000 0.615231 -0.788347
vn 0.000000 0.575809 -0.817584
vn 0.000000 0.615231 -0.788347
vn 0.000000 0.653173 -0.757209
vn 0.000000 0.689540 -0.724248
vn 0.000000 0.653173 -0.757209
vn 0.000000 0.689540 -0.724248
vn 0.000000 0.724248 -0.689540
vn 0.000000 0.724248 -0.689540
vn 0.000000 0.757209 -0.653173
vn 0.000000 0.757209 -0.653173
vn 0.000000 0.788347 -0.615231
vn 0.000000 0.788347 -0.615231
vn 0.000000 0.817584 -0.575809
vn 0.000000 0.844854 -0.534997
vn 0.000000 0.817584 -0.575809
vn 0.000000 0.844854 -0.534997
vn 0.000000 0.870087 -0.492898
vn 0.000000 0.870087 -0.492898
vn 0.000000 0.893224 -0.449611
vn 0.000000 0.914209 -0.405242
vn 0.000000 0.893224 -0.449611
vn 0.000000 0.914209 -0.405242
vn 0.000000 0.932993 -0.359894
vn 0.000000 0.949528 -0.313682
vn 0.000000 0.932993 -0.359894
vn 0.000000 0.949528 -0.313682
vn 0.000000 0.963776 -0.266713
vn 0.000000 0.963776 -0.266713
vn 0.000000 0.975702 -0.219101
vn 0.000000 0.985278 -0.170962
vn 0.000000 0.975702 -0.219101
vn 0.000000 0.985278 -0.170962
vn 0.000000 0.992480 -0.122411
vn 0.000000 0.992480 -0.122411
vn 0.000000 0.997290 -0.073565
vn 0.000000 0.999699 -0.024541
vn 0.000000 0.997290 -0.073565
vn 0.000000 0.999699 -0.024541
vn 1.000000 0.000000 0.000000
vn 1.000000 0.000000 0.000000
vn 1.000000 0.000000 0.000000
vn 1.000000 0.000000 0.000000
vn 1.000000 0.000000 0.000000
vn 1.000000 0.000000 0.000000
vn 1.000000 0.000000 0.000000
vn 1.000000 0.000000 0.000000
vn 1.000000 0.000000 0.000000
vn 1.000000 0.000000 0.000000
vn 1.000000 0.000000 0.000000
vn 1.000000 0.000000 0.000000
vn 1.000000 0.000000 0.000000
vn 1.000000 0.000000 0.000000
vn 1.000000 0.000000 0.000000
vn 1.000000 0.000000 0.000000
vn 1.000000 0.000000 0.000000
vn 1.000000 0.000000 0.000000
vn 1.000000 0.000000 0.000000
vn 1.000000 0.000000 0.000000
vn 1.000000 0.000000 0.000000
vn 1.000000 0.000000 0.000000
vn 1.000000 0.000000 0.000000
vn 1.000000 0.000000 0.000000
vn 1.000000 0.000000 0.000000
vn 1.000000 0.000000 0.000000
vn 1.000000 0.000000 0.000000
vn 1.000000 0.000000 0.000000
vn 1.000000 0.000000 0.000000
vn 1.000000 0.000000 0.000000
vn 1.000000 0.000000 0.000000
vn 1.000000 0.000000 0.000000
vn 1.000000 0.000000 0.000000
vn 1.000000 0.000000 0.000000
vn 1.000000 0.000000 0.000000
vn 1.000000 0.000000 0.000000
vn 1.000000 0.000000 0.000000
vn 1.000000 0.000000 0.000000
vn 1.000000 0.000000 0.000000
vn 1.000000 0.000000 0.000000
vn 1.000000 0.000000 0.000000
vn 1.000000 0.000000 0.000000
vn 1.000000 0.000000 0.000000
vn 1.000000 0.000000 0.000000
vn 1.000000 0.000000 0.000000
vn 1.000000 0.000000 0.000000
vn 1.000000 0.000000 0.000000
vn 1.000000 0.000000 0.000000
vn 1.000000 0.000000 0.000000
vn 1.000000 0.000000 0.000000
vn 1.000000 0.000000 0.000000
vn 1.000000 0.000000 0.000000
vn 1.000000 0.000000 0.000000
vn 1.000000 0.000000 0.000000
vn 1.000000 0.000000 0.000000
vn 1.000000 0.000000 0.000000
vn 1.000000 0.000000 0.000000
vn 1.000000 0.000000 0.000000
vn 1.000000 0.000000 0.000000
vn 1.000000 0.000000 0.000000
vn 1.000000 0.000000 0.000000
vn 1.000000 0.000000 0.000000
vn 1.000000 0.000000 0.000000
vn 1.000000 0.000000 0.000000
vn 1.000000 0.000000 0.000000
vn 1.000000 0.000000 0.000000
vn 1.000000 0.000000 0.000000
vn 1.000000 0.000000 0.000000
vn 1.000000 0.000000 0.000000
vn 1.000000 0.000000 0.000000
vn 1.000000 0.000000 0.000000
vn 1.000000 0.000000 0.000000
vn 1.000000 0.000000 0.000000
vn 1.000000 0.000000 0.000000
vn 1.000000 0.000000 0.000000
vn 1.000000 0.000000 0.000000
vn 1.000000 0.000000 0.000000
vn 1.000000 0.000000 0.000000
vn 1.000000 0.000000 0.000000
vn 1.000000 0.000000 0.000000
vn 1.000000 0.000000 0.000000
vn 1.000000 0.000000 0.000000
vn 1.000000 0.000000 0.000000
vn 1.000000 0.000000 0.000000
vn 1.000000 0.000000 0.000000
vn 1.000000 0.000000 0.000000
vn 1.000000 0.000000 0.000000
vn 1.000000 0.000000 0.000000
vn 1.000000 0.000000 0.000000
vn 1.000000 0.000000 0.000000
vn 1.000000 0.000000 0.000000
vn 1.000000 0.000000 0.000000
vn 1.000000 0.000000 0.000000
vn 1.000000 0.000000 0.000000
vn 1.000000 0.000000 0.000000
vn 1.000000 0.000000 0.000000
vn 1.000000 0.000000 0.000000
vn 1.000000 0.000000 0.000000
vn 1.000000 0.000000 0.000000
vn 1.000000 0.000000 0.000000
vn 1.000000 0.000000 0.000000
vn 1.000000 0.000000 0.000000
vn 1.000000 0.000000 0.000000
vn 1.000000 0.000000 0.000000
vn 1.000000 0.000000 0.000000
vn 1.000000 0.000000 0.000000
vn 1.000000 0.000000 0.000000
vn 1.000000 0.000000 0.000000
vn 1.000000 0.000000 0.000000
vn 1.000000 0.000000 0.000000
vn 1.000000 0.000000 0.000000
vn 1.000000 0.000000 0.000000
vn 1.000000 0.000000 0.000000
vn 1.000000 0.000000 0.000000
vn 1.000000 0.000000 0.000000
vn 1.000000 0.000000 0.000000
vn 1.000000 0.000000 0.000000
vn 1.000000 0.000000 0.000000
vn 1.000000 0.000000 0.000000
vn 1.000000 0.000000 0.000000
vn 1.000000 0.000000 0.000000
vn 1.000000 0.000000 0.000000
vn 1.000000 0.000000 0.000000
vn 1.000000 0.000000 0.000000
vn 1.000000 0.000000 0.000000
vn 1.000000 0.000000 0.000000
vn 1.000000 0.000000 0.000000
vn 1.000000 0.000000 0.000000
vn 1.000000 0.000000 0.000000
vn 1.000000 0.000000 0.000000
vn 1.000000 0.000000 0.000000
vn 1.000000 0.000000 0.000000
vn 1.000000 0.000000 0.000000
vn 1.000000 0.000000 0.000000
vn 1.000000 0.000000 0.000000
vn 1.000000 0.000000 0.000000
vn 1.000000 0.000000 0.000000
vn 1.000000 0.000000 0.000000
vn 1.000000 0.000000 0.000000
vn 1.000000 0.000000 0.000000
vn 1.000000 0.000000 0.000000
vn 1.000000 0.000000 0.000000
vn 1.000000 0.000000 0.000000
vn 1.000000 0.000000 0.000000
vn 1.000000 0.000000 0.000000
vn 1.000000 0.000000 0.000000
vn 1.000000 0.000000 0.000000
vn 1.000000 0.000000 0.000000
vn 1.000000 0.000000 0.000000
vn 1.000000 0.000000 0.000000
vn 1.000000 0.000000 0.000000
vn 1.000000 0.000000 0.000000
vn 1.000000 0.000000 0.000000
vn 1.000000 0.000000 0.000000
vn 1.000000 0.000000 0.000000
vn 1.000000 0.000000 0.000000
vn 1.000000 0.000000 0.000000
vn 1.000000 0.000000 0.000000
vn 1.000000 0.000000 0.000000
vn 1.000000 0.000000 0.000000
vn 1.000000 0.000000 0.000000
vn 1.000000 0.000000 0.000000
vn 1.000000 0.000000 0.000000
vn 1.000000 0.000000 0.000000
vn 1.000000 0.000000 0.000000
vn 1.000000 0.000000 0.000000
vn 1.000000 0.000000 0.000000
vn 1.000000 0.000000 0.000000
vn 1.000000 0.000000 0.000000
vn 1.000000 0.000000 0.000000
vn 1.000000 0.000000 0.000000
vn 1.000000 0.000000 0.000000
vn 1.000000 0.000000 0.000000
vn 1.000000 0.000000 0.000000
vn 1.000000 0.000000 0.000000
vn 1.000000 0.000000 0.000000
vn 1.000000 0.000000 0.000000
vn 1.000000 0.000000 0.000000
vn 1.000000 0.000000 0.000000
vn 1.000000 0.000000 0.000000
vn 1.000000 0.000000 0.000000
vn 1.000000 0.000000 0.000000
vn 1.000000 0.000000 0.000000
vn 1.000000 0.000000 0.000000
vn 1.000000 0.000000 0.000000
vn 1.000000 0.000000 0.000000
vn 1.000000 0.000000 0.000000
vn 1.000000 0.000000 0.000000
vn 1.000000 0.000000 0.000000
vn 1.000000 0.000000 0.000000
vn 1.000000 0.000000 0.000000
vn 1.000000 0.000000 0.000000
vn 1.000000 0.000000 0.000000
vn 1.000000 0.000000 0.000000
vn 1.000000 0.000000 0.000000
vn 1.000000 0.000000 0.000000
vn 1.000000 0.000000 0.000000
vn 1.000000 0.000000 0.000000
vn 1.000000 0.000000 0.000000
vn 1.000000 0.000000 0.000000
vn 1.000000 0.000000 0.000000
vn 1.000000 0.000000 0.000000
vn 1.000000 0.000000 0.000000
vn 1.000000 0.000000 0.000000
vn 1.000000 0.000000 0.000000
vn 1.000000 0.000000 0.000000
vn 1.000000 0.000000 0.000000
vn 1.000000 0.000000 0.000000
vn 1.000000 0.000000 0.000000
vn 1.000000 0.000000 0.000000
vn 1.000000 0.000000 0.000000
vn 1.000000 0.000000 0.000000
vn 1.000000 0.000000 0.000000
vn 1.000000 0.000000 0.000000
vn 1.000000 0.000000 0.000000
vn 1.000000 0.000000 0.000000
vn 1.000000 0.000000 0.000000
vn 1.000000 0.000000 0.000000
vn 1.000000 0.000000 0.000000
vn 1.000000 0.000000 0.000000
vn 1.000000 0.000000 0.000000
vn 1.000000 0.000000 0.000000
vn 1.000000 0.000000 0.000000
vn 1.000000 0.000000 0.000000
vn 1.000000 0.000000 0.000000
vn 1.000000 0.000000 0.000000
vn 1.000000 0.000000 0.000000
vn 1.000000 0.000000 0.000000
vn 1.000000 0.000000 0.000000
vn 1.000000 0.000000 0.000000
vn 1.000000 0.000000 0.000000
vn 1.000000 0.000000 0.000000
vn 1.000000 0.000000 0.000000
vn 1.000000 0.000000 0.000000
vn 1.000000 0.000000 0.000000
vn 1.000000 0.000000 0.000000
vn 1.000000 0.000000 0.000000
vn 1.000000 0.000000 0.000000
vn 1.000000 0.000000 0.000000
vn 1.000000 0.000000 0.000000
vn 1.000000 0.000000 0.000000
vn 1.000000 0.000000 0.000000
vn 1.000000 0.000000 0.000000
vn 1.000000 0.000000 0.000000
vn 1.000000 0.000000 0.000000
vn 1.000000 0.000000 0.000000
vn 1.000000 0.000000 0.000000
vn 1.000000 0.000000 0.000000
vn 1.000000 0.000000 0.000000
vn 1.000000 0.000000 0.000000
vn 1.000000 0.000000 0.000000
vn 1.000000 0.000000 0.000000
vn 1.000000 0.000000 0.000000
vn 1.000000 0.000000 0.000000
vn 1.000000 0.000000 0.000000
vn 1.000000 0.000000 0.000000
vn 0.000000 0.999699 0.024541
vn 0.000000 0.999699 0.024541
vn 0.000000 0.997290 0.073564
vn 0.000000 0.992480 0.122410
vn 0.000000 0.997290 0.073564
vn 0.000000 0.992480 0.122410
vn 0.000000 0.985278 0.170962
vn 0.000000 0.985278 0.170962
vn 0.000000 0.975702 0.219102
vn 0.000000 0.963776 0.266713
vn 0.000000 0.975702 0.219102
vn 0.000000 0.963776 0.266713
vn 0.000000 0.949528 0.313682
vn 0.000000 0.949528 0.313682
vn 0.000000 0.932993 0.359895
vn 0.000000 0.914210 0.405241
vn 0.000000 0.932993 0.359895
vn 0.000000 0.914210 0.405241
vn 0.000000 0.893224 0.449612
vn 0.000000 0.893224 0.449612
vn 0.000000 0.870087 0.492898
vn 0.000000 0.870087 0.492898
vn 0.000000 0.844853 0.534998
vn 0.000000 0.844853 0.534998
vn 0.000000 0.817585 0.575809
vn 0.000000 0.817585 0.575809
vn 0.000000 0.788347 0.615231
vn 0.000000 0.788347 0.615231
vn 0.000000 0.757209 0.653173
vn 0.000000 0.724247 0.689541
vn 0.000000 0.757209 0.653173
vn 0.000000 0.724247 0.689541
vn 0.000000 0.689541 0.724247
vn 0.000000 0.689541 0.724247
vn 0.000000 0.653173 0.757209
vn 0.000000 0.653173 0.757209
vn 0.000000 0.615231 0.788347
vn 0.000000 0.575809 0.817585
vn 0.000000 0.615231 0.788347
vn 0.000000 0.575809 0.817585
vn 0.000000 0.534998 0.844853
vn 0.000000 0.534998 0.844853
vn 0.000000 0.492898 0.870087
vn 0.000000 0.492898 0.870087
vn 0.000000 0.449612 0.893224
vn 0.000000 0.449612 0.893224
vn 0.000000 0.405241 0.914210
vn 0.000000 0.405241 0.914210
vn 0.000000 0.359895 0.932993
vn 0.000000 0.313682 0.949528
vn 0.000000 0.359895 0.932993
vn 0.000000 0.313682 0.949528
vn 0.000000 0.266713 0.963776
vn 0.000000 0.266713 0.963776
vn 0.000000 0.219102 0.975702
vn 0.000000 0.219102 0.975702
vn 0.000000 0.170962 0.985278
vn 0.000000 0.170962 0.985278
vn 0.000000 0.122410 0.992480
vn 0.000000 0.122410 0.992480
vn 0.000000 0.073564 0.997290
vn 0.000000 0.073564 0.997290
vn 0.000000 0.024541 0.999699
vn 0.000000 0.024541 0.999699
vn 0.000000 -0.024541 0.999699
vn 0.000000 -0.024541 0.999699
vn 0.000000 -0.073564 0.997290
vn 0.000000 -0.073564 0.997290
vn 0.000000 -0.122410 0.992480
vn 0.000000 -0.122410 0.992480
vn 0.000000 -0.170962 0.985278
vn 0.000000 -0.170962 0.985278
vn 0.000000 -0.219102 0.975702
vn 0.000000 -0.219102 0.975702
vn 0.000000 -0.266713 0.963776
vn 0.000000 -0.266713 0.963776
vn 0.000000 -0.313682 0.949528
vn 0.000000 -0.313682 0.949528
vn 0.000000 -0.359895 0.932993
vn 0.000000 -0.359895 0.932993
vn 0.000000 -0.405241 0.914210
vn 0.000000 -0.405241 0.914210
vn 0.000000 -0.449612 0.893224
vn 0.000000 -0.449612 0.893224
vn 0.000000 -0.492898 0.870087
vn 0.000000 -0.492898 0.870087
vn 0.000000 -0.534998 0.844853
vn 0.000000 -0.534998 0.844853
vn 0.000000 -0.575809 0.817585
vn 0.000000 -0.575809 0.817585
vn 0.000000 -0.615231 0.788347
vn 0.000000 -0.615231 0.788347
vn 0.000000 -0.653173 0.757209
vn 0.000000 -0.653173 0.757209
vn 0.000000 -0.689541 0.724247
vn 0.000000 -0.689541 0.724247
vn 0.000000 -0.724247 0.689541
vn 0.000000 -0.724247 0.689541
vn 0.000000 -0.757209 0.653173
vn 0.000000 -0.757209 0.653173
vn 0.000000 -0.788347 0.615231
vn 0.000000 -0.788347 0.615231
vn 0.000000 -0.817585 0.575809
vn 0.000000 -0.817585 0.575809
vn 0.000000 -0.844853 0.534998
vn 0.000000 -0.844853 0.534998
vn 0.000000 -0.870087 0.492898
vn 0.000000 -0.870087 0.492898
vn 0.000000 -0.893224 0.449612
vn 0.000000 -0.914210 0.405241
vn 0.000000 -0.893224 0.449612
vn 0.000000 -0.914210 0.405241
vn 0.000000 -0.932993 0.359895
vn 0.000000 -0.949528 0.313682
vn 0.000000 -0.932993 0.359895
vn 0.000000 -0.949528 0.313682
vn 0.000000 -0.963776 0.266713
vn 0.000000 -0.963776 0.266713
vn 0.000000 -0.975702 0.219102
vn 0.000000 -0.985278 0.170962
vn 0.000000 -0.975702 0.219102
vn 0.000000 -0.985278 0.170962
vn 0.000000 -0.992480 0.122410
vn 0.000000 -0.992480 0.122410
vn 0.000000 -0.997290 0.073564
vn 0.000000 -0.997290 0.073564
vn 0.000000 -0.999699 0.024541
vn 0.000000 -0.999699 0.024541
vn 0.000000 -0.999699 -0.024541
vn -0.000000 -0.999699 -0.024541
vn 0.000000 -0.997290 -0.073564
vn -0.000000 -0.997290 -0.073564
vn 0.000000 -0.992480 -0.122410
vn -0.000000 -0.992480 -0.122410
vn 0.000000 -0.985278 -0.170962
vn -0.000000 -0.985278 -0.170962
vn 0.000000 -0.975702 -0.219102
vn -0.000000 -0.975702 -0.219102
vn -0.000000 -0.963776 -0.266713
vn -0.000000 -0.963776 -0.266713
vn -0.000000 -0.949528 -0.313682
vn -0.000000 -0.949528 -0.313682
vn 0.000000 -0.932993 -0.359895
vn -0.000000 -0.932993 -0.359895
vn 0.000000 -0.914210 -0.405241
vn -0.000000 -0.914210 -0.405241
vn -0.000000 -0.893224 -0.449612
vn -0.000000 -0.893224 -0.449612
vn 0.000000 -0.870087 -0.492898
vn -0.000000 -0.870087 -0.492898
vn -0.000000 -0.844853 -0.534998
vn -0.000000 -0.844853 -0.534998
vn 0.000000 -0.817585 -0.575809
vn -0.000000 -0.817585 -0.575809
vn 0.000000 -0.788347 -0.615231
vn -0.000000 -0.788347 -0.615231
vn 0.000000 -0.757209 -0.653173
vn -0.000000 -0.757209 -0.653173
vn 0.000000 -0.724247 -0.689541
vn -0.000000 -0.724247 -0.689541
vn -0.000000 -0.689541 -0.724247
vn 0.000000 -0.689541 -0.724247
vn -0.000000 -0.653173 -0.757209
vn 0.000000 -0.653173 -0.757209
vn -0.000000 -0.615231 -0.788347
vn 0.000000 -0.615231 -0.788347
vn -0.000000 -0.575809 -0.817585
vn 0.000000 -0.575809 -0.817585
vn -0.000000 -0.534998 -0.844853
vn 0.000000 -0.534998 -0.844853
vn 0.000000 -0.492898 -0.870087
vn -0.000000 -0.492898 -0.870087
vn 0.000000 -0.449612 -0.893224
vn -0.000000 -0.449612 -0.893224
vn 0.000000 -0.405241 -0.914210
vn -0.000000 -0.405241 -0.914210
vn 0.000000 -0.359895 -0.932993
vn -0.000000 -0.359895 -0.932993
vn 0.000000 -0.313682 -0.949528
vn -0.000000 -0.313682 -0.949528
vn -0.000000 -0.266713 -0.963776
vn -0.000000 -0.266713 -0.963776
vn -0.000000 -0.219102 -0.975702
vn -0.000000 -0.219102 -0.975702
vn 0.000000 -0.170962 -0.985278
vn -0.000000 -0.170962 -0.985278
vn 0.000000 -0.122410 -0.992480
vn -0.000000 -0.122410 -0.992480
vn 0.000000 -0.073564 -0.997290
vn -0.000000 -0.073564 -0.997290
vn 0.000000 -0.024541 -0.999699
vn -0.000000 -0.024541 -0.999699
vn 0.000000 0.024541 -0.999699
vn 0.000000 0.024541 -0.999699
vn 0.000000 0.073564 -0.997290
vn 0.000000 0.073564 -0.997290
vn 0.000000 0.122410 -0.992480
vn 0.000000 0.122410 -0.992480
vn 0.000000 0.170962 -0.985278
vn 0.000000 0.170962 -0.985278
vn 0.000000 0.219102 -0.975702
vn 0.000000 0.219102 -0.975702
vn 0.000000 0.266713 -0.963776
vn 0.000000 0.266713 -0.963776
vn 0.000000 0.313682 -0.949528
vn 0.000000 0.313682 -0.949528
vn 0.000000 0.359895 -0.932993
vn 0.000000 0.405241 -0.914210
vn 0.000000 0.359895 -0.932993
vn 0.000000 0.405241 -0.914210
vn 0.000000 0.449612 -0.893224
vn 0.000000 0.449612 -0.893224
vn 0.000000 0.492898 -0.870087
vn 0.000000 0.492898 -0.870087
vn 0.000000 0.534998 -0.844853
vn 0.000000 0.534998 -0.844853
vn 0.000000 0.575809 -0.817585
vn 0.000000 0.575809 -0.817585
vn 0.000000 0.615231 -0.788347
vn 0.000000 0.653173 -0.757209
vn 0.000000 0.615231 -0.788347
vn 0.000000 0.653173 -0.757209
vn 0.000000 0.689541 -0.724247
vn 0.000000 0.689541 -0.724247
vn 0.000000 0.724247 -0.689541
vn 0.000000 0.724247 -0.689541
vn 0.000000 0.757209 -0.653173
vn 0.000000 0.757209 -0.653173
vn 0.000000 0.788347 -0.615231
vn 0.000000 0.788347 -0.615231
vn 0.000000 0.817585 -0.575809
vn 0.000000 0.817585 -0.575809
vn 0.000000 0.844853 -0.534998
vn 0.000000 0.844853 -0.534998
vn 0.000000 0.870087 -0.492898
vn 0.000000 0.870087 -0.492898
vn 0.000000 0.893224 -0.449612
vn 0.000000 0.893224 -0.449612
vn 0.000000 0.914210 -0.405241
vn 0.000000 0.914210 -0.405241
vn 0.000000 0.932993 -0.359895
vn 0.000000 0.949528 -0.313682
vn 0.000000 0.932993 -0.359895
vn 0.000000 0.949528 -0.313682
vn 0.000000 0.963776 -0.266713
vn 0.000000 0.975702 -0.219102
vn 0.000000 0.963776 -0.266713
vn 0.000000 0.975702 -0.219102
vn 0.000000 0.985278 -0.170962
vn 0.000000 0.985278 -0.170962
vn 0.000000 0.992480 -0.122410
vn 0.000000 0.992480 -0.122410
vn 0.000000 0.997290 -0.073564
vn 0.000000 0.997290 -0.073564
vn 0.000000 0.999699 -0.024541
vn 0.000000 0.999699 -0.024541
vn -1.000000 0.000000 0.000000
vn -1.000000 0.000000 0.000000
vn -1.000000 0.000000 0.000000
vn -1.000000 0.000000 0.000000
vn -1.000000 0.000000 0.000000
vn -1.000000 0.000000 0.000000
vn -1.000000 0.000000 -0.000000
vn -1.000000 0.000000 0.000000
vn -1.000000 0.000000 0.000000
vn -1.000000 0.000000 0.000000
vn -1.000000 0.000000 -0.000000
vn -1.000000 0.000000 0.000000
vn -1.000000 0.000000 0.000000
vn -1.000000 0.000000 -0.000000
vn -1.000000 0.000000 0.000000
vn -1.000000 0.000000 0.000000
vn -1.000000 0.000000 0.000000
vn -1.000000 0.000000 0.000000
vn -1.000000 0.000000 0.000000
vn -1.000000 0.000000 0.000000
vn -1.000000 0.000000 -0.000000
vn -1.000000 0.000000 0.000000
vn -1.000000 0.000000 0.000000
vn -1.000000 0.000000 0.000000
vn -1.000000 0.000000 -0.000000
vn -1.000000 0.000000 0.000000
vn -1.000000 0.000000 0.000000
vn -1.000000 0.000000 0.000000
vn -1.000000 0.000000 0.000000
vn -1.000000 0.000000 0.000000
vn -1.000000 0.000000 -0.000000
vn -1.000000 0.000000 0.000000
vn -1.000000 0.000000 0.000000
vn -1.000000 0.000000 0.000000
vn -1.000000 0.000000 -0.000000
vn -1.000000 0.000000 0.000000
vn -1.000000 0.000000 0.000000
vn -1.000000 0.000000 0.000000
vn -1.000000 0.000000 -0.000000
vn -1.000000 0.000000 0.000000
vn -1.000000 0.000000 0.000000
vn -1.000000 0.000000 0.000000
vn -1.000000 0.000000 0.000000
vn -1.000000 0.000000 0.000000
vn -1.000000 0.000000 -0.000000
vn -1.000000 0.000000 0.000000
vn -1.000000 0.000000 0.000000
vn -1.000000 0.000000 0.000000
vn -1.000000 0.000000 -0.000000
vn -1.000000 0.000000 0.000000
vn -1.000000 0.000000 -0.000000
vn -1.000000 0.000000 0.000000
vn -1.000000 0.000000 0.000000
vn -1.000000 0.000000 0.000000
vn -1.000000 0.000000 -0.000000
vn -1.000000 0.000000 0.000000
vn -1.000000 0.000000 -0.000000
vn -1.000000 0.000000 0.000000
vn -1.000000 0.000000 0.000000
vn -1.000000 0.000000 -0.000000
vn -1.000000 0.000000 0.000000
vn -1.000000 0.000000 0.000000
vn -1.000000 0.000000 0.000000
vn -1.000000 0.000000 0.000000
vn -1.000000 0.000000 -0.000000
vn -1.000000 0.000000 0.000000
vn -1.000000 0.000000 0.000000
vn -1.000000 0.000000 0.000000
vn -1.000000 0.000000 0.000000
vn -1.000000 0.000000 -0.000000
vn -1.000000 0.000000 0.000000
vn -1.000000 0.000000 0.000000
vn -1.000000 0.000000 0.000000
vn -1.000000 0.000000 -0.000000
vn -1.000000 0.000000 0.000000
vn -1.000000 0.000000 0.000000
vn -1.000000 0.000000 0.000000
vn -1.000000 0.000000 0.000000
vn -1.000000 0.000000 0.000000
vn -1.000000 0.000000 0.000000
vn -1.000000 0.000000 -0.000000
vn -1.000000 0.000000 0.000000
vn -1.000000 0.000000 0.000000
vn -1.000000 0.000000 0.000000
vn -1.000000 0.000000 -0.000000
vn -1.000000 0.000000 0.000000
vn -1.000000 0.000000 0.000000
vn -1.000000 0.000000 0.000000
vn -1.000000 0.000000 -0.000000
vn -1.000000 0.000000 0.000000
vn -1.000000 0.000000 0.000000
vn -1.000000 0.000000 0.000000
vn -1.000000 0.000000 0.000000
vn -1.000000 0.000000 -0.000000
vn -1.000000 0.000000 0.000000
vn -1.000000 0.000000 0.000000
vn -1.000000 0.000000 0.000000
vn -1.000000 0.000000 -0.000000
vn -1.000000 0.000000 0.000000
vn -1.000000 0.000000 0.000000
vn -1.000000 0.000000 0.000000
vn -1.000000 0.000000 0.000000
vn -1.000000 0.000000 0.000000
vn -1.000000 0.000000 -0.000000
vn -1.000000 0.000000 0.000000
vn -1.000000 0.000000 0.000000
vn -1.000000 0.000000 -0.000000
vn -1.000000 0.000000 -0.000000
vn -1.000000 0.000000 0.000000
vn -1.000000 0.000000 0.000000
vn -1.000000 0.000000 -0.000000
vn -1.000000 0.000000 0.000000
vn -1.000000 0.000000 0.000000
vn -1.000000 0.000000 0.000000
vn -1.000000 0.000000 -0.000000
vn -1.000000 0.000000 0.000000
vn -1.000000 0.000000 0.000000
vn -1.000000 0.000000 0.000000
vn -1.000000 0.000000 -0.000000
vn -1.000000 0.000000 0.000000
vn -1.000000 0.000000 0.000000
vn -1.000000 0.000000 0.000000
vn -1.000000 0.000000 -0.000000
vn -1.000000 0.000000 0.000000
vn -1.000000 0.000000 -0.000000
vn -1.000000 0.000000 0.000000
vn -1.000000 0.000000 0.000000
vn -1.000000 0.000000 0.000000
vn -1.000000 0.000000 -0.000000
vn -1.000000 0.000000 0.000000
vn -1.000000 0.000000 0.000000
vn -1.000000 0.000000 0.000000
vn -1.000000 0.000000 -0.000000
vn -1.000000 0.000000 0.000000
vn -1.000000 0.000000 -0.000000
vn -1.000000 0.000000 0.000000
vn -1.000000 0.000000 0.000000
vn -1.000000 0.000000 -0.000000
vn -1.000000 0.000000 0.000000
vn -1.000000 0.000000 0.000000
vn -1.000000 0.000000 0.000000
vn -1.000000 0.000000 -0.000000
vn -1.000000 0.000000 0.000000
vn -1.000000 0.000000 0.000000
vn -1.000000 0.000000 0.000000
vn -1.000000 0.000000 -0.000000
vn -1.000000 0.000000 0.000000
vn -1.000000 0.000000 0.000000
vn -1.000000 0.000000 -0.000000
vn -1.000000 0.000000 0.000000
vn -1.000000 0.000000 0.000000
vn -1.000000 0.000000 0.000000
vn -1.000000 0.000000 -0.000000
vn -1.000000 0.000000 0.000000
vn -1.000000 0.000000 0.000000
vn -1.000000 0.000000 0.000000
vn -1.000000 0.000000 -0.000000
vn -1.000000 0.000000 0.000000
vn -1.000000 0.000000 -0.000000
vn -1.000000 0.000000 0.000000
vn -1.000000 0.000000 0.000000
vn -1.000000 0.000000 -0.000000
vn -1.000000 0.000000 0.000000
vn -1.000000 0.000000 0.000000
vn -1.000000 0.000000 0.000000
vn -1.000000 0.000000 0.000000
vn -1.000000 0.000000 0.000000
vn -1.000000 0.000000 0.000000
vn -1.000000 0.000000 -0.000000
vn -1.000000 0.000000 0.000000
vn -1.000000 0.000000 0.000000
vn -1.000000 0.000000 -0.000000
vn -1.000000 0.000000 0.000000
vn -1.000000 0.000000 -0.000000
vn -1.000000 0.000000 0.000000
vn -1.000000 0.000000 0.000000
vn -1.000000 0.000000 0.000000
vn -1.000000 0.000000 -0.000000
vn -1.000000 0.000000 0.000000
vn -1.000000 0.000000 0.000000
vn -1.000000 0.000000 0.000000
vn -1.000000 0.000000 -0.000000
vn -1.000000 0.000000 0.000000
vn -1.000000 0.000000 0.000000
vn -1.000000 0.000000 -0.000000
vn -1.000000 0.000000 0.000000
vn -1.000000 0.000000 0.000000
vn -1.000000 0.000000 -0.000000
vn -1.000000 0.000000 0.000000
vn -1.000000 0.000000 -0.000000
vn -1.000000 0.000000 0.000000
vn -1.000000 0.000000 0.000000
vn -1.000000 0.000000 0.000000
vn -1.000000 0.000000 0.000000
vn -1.000000 0.000000 0.000000
vn -1.000000 0.000000 -0.000000
vn -1.000000 0.000000 0.000000
vn -1.000000 0.000000 -0.000000
vn -1.000000 0.000000 0.000000
vn -1.000000 0.000000 0.000000
vn -1.000000 0.000000 0.000000
vn -1.000000 0.000000 -0.000000
vn -1.000000 0.000000 0.000000
vn -1.000000 0.000000 -0.000000
vn -1.000000 0.000000 0.000000
vn -1.000000 0.000000 0.000000
vn -1.000000 0.000000 0.000000
vn -1.000000 0.000000 -0.000000
vn -1.000000 0.000000 0.000000
vn -1.000000 0.000000 -0.000000
vn -1.000000 0.000000 0.000000
vn -1.000000 0.000000 0.000000
vn -1.000000 0.000000 0.000000
vn -1.000000 0.000000 -0.000000
vn -1.000000 0.000000 0.000000
vn -1.000000 0.000000 0.000000
vn -1.000000 0.000000 0.000000
vn -1.000000 0.000000 -0.000000
vn -1.000000 0.000000 0.000000
vn 0.000000 0.999404 0.034517
vn 0.000000 0.999404 0.034517
vn 0.000000 0.994642 0.103383
vn 0.000000 0.994642 0.103383
vn 0.000000 0.985139 0.171759
vn 0.000000 0.985139 0.171759
vn 0.000000 0.970942 0.239315
vn 0.000000 0.970942 0.239315
vn 0.000000 0.952118 0.305732
vn 0.000000 0.952118 0.305732
vn 0.000000 0.928756 0.370691
vn 0.000000 0.928756 0.370691
vn 0.000000 0.900969 0.433884
vn 0.000000 0.900969 0.433884
vn 0.000000 0.868888 0.495009
vn 0.000000 0.868888 0.495009
vn 0.000000 0.832667 0.553775
vn 0.000000 0.832667 0.553775
vn 0.000000 0.792477 0.609902
vn 0.000000 0.792477 0.609902
vn 0.000000 0.748511 0.663123
vn 0.000000 0.748511 0.663123
vn 0.000000 0.700978 0.713183
vn 0.000000 0.700978 0.713183
vn 0.000000 0.650104 0.759845
vn 0.000000 0.650104 0.759845
vn 0.000000 0.596133 0.802886
vn 0.000000 0.539320 0.842101
vn 0.000000 0.596133 0.802886
vn 0.000000 0.539320 0.842101
vn 0.000000 0.479938 0.877302
vn 0.000000 0.479938 0.877302
vn 0.000000 0.418267 0.908324
vn 0.000000 0.418267 0.908324
vn 0.000000 0.354604 0.935016
vn 0.000000 0.354604 0.935016
vn 0.000000 0.289253 0.957253
vn 0.000000 0.289253 0.957253
vn 0.000000 0.222521 0.974928
vn 0.000000 0.222521 0.974928
vn 0.000000 0.154730 0.987957
vn 0.000000 0.154730 0.987957
vn 0.000000 0.086201 0.996278
vn 0.000000 0.017260 0.999851
vn 0.000000 0.086201 0.996278
vn 0.000000 0.017260 0.999851
vn 0.000000 -0.051762 0.998659
vn 0.000000 -0.051762 0.998659
vn 0.000000 -0.120537 0.992709
vn 0.000000 -0.120537 0.992709
vn 0.000000 -0.188738 0.982028
vn 0.000000 -0.188738 0.982028
vn 0.000000 -0.256039 0.966667
vn 0.000000 -0.256039 0.966667
vn 0.000000 -0.322121 0.946698
vn 0.000000 -0.386667 0.922220
vn 0.000000 -0.322121 0.946698
vn 0.000000 -0.386667 0.922220
vn 0.000000 -0.449370 0.893346
vn 0.000000 -0.449370 0.893346
vn 0.000000 -0.509933 0.860214
vn 0.000000 -0.509933 0.860214
vn 0.000000 -0.568065 0.822984
vn 0.000000 -0.568065 0.822984
vn 0.000000 -0.623489 0.781832
vn 0.000000 -0.623489 0.781832
vn 0.000000 -0.675944 0.736953
vn 0.000000 -0.675944 0.736953
vn 0.000000 -0.725176 0.688564
vn 0.000000 -0.725176 0.688564
vn 0.000000 -0.770953 0.636892
vn 0.000000 -0.770953 0.636892
vn 0.000000 -0.813057 0.582185
vn 0.000000 -0.813057 0.582185
vn 0.000000 -0.851285 0.524704
vn 0.000000 -0.851285 0.524704
vn 0.000000 -0.885455 0.464724
vn 0.000000 -0.885455 0.464724
vn 0.000000 -0.915408 0.402527
vn 0.000000 -0.915408 0.402527
vn 0.000000 -0.940998 0.338413
vn 0.000000 -0.940998 0.338413
vn 0.000000 -0.962103 0.272687
vn 0.000000 -0.962103 0.272687
vn 0.000000 -0.978624 0.205659
vn 0.000000 -0.978624 0.205659
vn 0.000000 -0.990480 0.137654
vn 0.000000 -0.990480 0.137654
vn 0.000000 -0.997617 0.068992
vn -0.000000 -1.000000 0.000000
vn 0.000000 -0.997617 0.068992
vn -0.000000 -0.997617 -0.068992
vn 0.000000 -1.000000 0.000000
vn -0.000000 -0.997617 -0.068992
vn -0.000000 -0.990480 -0.137654
vn -0.000000 -0.978624 -0.205659
vn 0.000000 -0.990480 -0.137654
vn -0.000000 -0.978624 -0.205659
vn -0.000000 -0.962103 -0.272687
vn -0.000000 -0.940998 -0.338413
vn 0.000000 -0.962103 -0.272687
vn -0.000000 -0.940998 -0.338413
vn -0.000000 -0.915408 -0.402527
vn -0.000000 -0.885455 -0.464724
vn 0.000000 -0.915408 -0.402527
vn -0.000000 -0.851285 -0.524704
vn -0.000000 -0.885455 -0.464724
vn -0.000000 -0.813057 -0.582185
vn -0.000000 -0.851285 -0.524704
vn -0.000000 -0.813057 -0.582185
vn 0.000000 -0.770953 -0.636892
vn -0.000000 -0.770953 -0.636892
vn -0.000000 -0.725176 -0.688564
vn -0.000000 -0.725176 -0.688564
vn -0.000000 -0.675944 -0.736953
vn -0.000000 -0.675944 -0.736953
vn 0.000000 -0.623489 -0.781832
vn -0.000000 -0.623489 -0.781832
vn 0.000000 -0.568065 -0.822984
vn -0.000000 -0.568065 -0.822984
vn -0.000000 -0.509933 -0.860214
vn -0.000000 -0.509933 -0.860214
vn -0.000000 -0.449370 -0.893346
vn -0.000000 -0.449370 -0.893346
vn -0.000000 -0.386667 -0.922220
vn -0.000000 -0.386667 -0.922220
vn 0.000000 -0.322121 -0.946698
vn -0.000000 -0.322121 -0.946698
vn -0.000000 -0.256039 -0.966667
vn -0.000000 -0.256039 -0.966667
vn 0.000000 -0.188738 -0.982028
vn -0.000000 -0.188738 -0.982028
vn 0.000000 -0.120537 -0.992709
vn -0.000000 -0.120537 -0.992709
vn 0.000000 -0.051762 -0.998659
vn -0.000000 -0.051762 -0.998659
vn 0.000000 0.017260 -0.999851
vn 0.000000 0.017260 -0.999851
vn 0.000000 0.086201 -0.996278
vn 0.000000 0.086201 -0.996278
vn 0.000000 0.154730 -0.987957
vn 0.000000 0.154730 -0.987957
vn 0.000000 0.222521 -0.974928
vn 0.000000 0.222521 -0.974928
vn 0.000000 0.289253 -0.957253
vn 0.000000 0.289253 -0.957253
vn 0.000000 0.354604 -0.935016
vn 0.000000 0.354604 -0.935016
vn 0.000000 0.418267 -0.908324
vn 0.000000 0.418267 -0.908324
vn 0.000000 0.479938 -0.877302
vn 0.000000 0.479938 -0.877302
vn 0.000000 0.539320 -0.842101
vn 0.000000 0.596133 -0.802886
vn 0.000000 0.539320 -0.842101
vn 0.000000 0.596133 -0.802886
vn 0.000000 0.650104 -0.759845
vn 0.000000 0.700978 -0.713183
vn 0.000000 0.650104 -0.759845
vn 0.000000 0.700978 -0.713183
vn 0.000000 0.748511 -0.663123
vn 0.000000 0.748511 -0.663123
vn 0.000000 0.792477 -0.609902
vn 0.000000 0.792477 -0.609902
vn 0.000000 0.832667 -0.553775
vn 0.000000 0.832667 -0.553775
vn 0.000000 0.868888 -0.495009
vn 0.000000 0.868888 -0.495009
vn 0.000000 0.900969 -0.433884
vn 0.000000 0.900969 -0.433884
vn 0.000000 0.928756 -0.370691
vn 0.000000 0.928756 -0.370691
vn 0.000000 0.952118 -0.305732
vn 0.000000 0.952118 -0.305732
vn 0.000000 0.970942 -0.239315
vn 0.000000 0.970942 -0.239315
vn 0.000000 0.985139 -0.171759
vn 0.000000 0.985139 -0.171759
vn 0.000000 0.994642 -0.103383
vn 0.000000 0.994642 -0.103383
vn 0.000000 0.999404 -0.034517
vn 0.000000 0.999404 -0.034517
vn -1.000000 0.000000 0.000000
vn -1.000000 0.000000 0.000000
vn -1.000000 0.000000 0.000000
vn -1.000000 0.000000 0.000000
vn -1.000000 0.000000 0.000000
vn -1.000000 0.000000 -0.000000
vn -1.000000 0.000000 0.000000
vn -1.000000 0.000000 0.000000
vn -1.000000 0.000000 -0.000000
vn -1.000000 0.000000 0.000000
vn -1.000000 0.000000 0.000000
vn -1.000000 0.000000 0.000000
vn -1.000000 0.000000 -0.000000
vn -1.000000 0.000000 0.000000
vn -1.000000 0.000000 0.000000
vn -1.000000 0.000000 0.000000
vn -1.000000 0.000000 0.000000
vn -1.000000 0.000000 -0.000000
vn -1.000000 0.000000 0.000000
vn -1.000000 0.000000 0.000000
vn -1.000000 0.000000 0.000000
vn -1.000000 0.000000 -0.000000
vn -1.000000 0.000000 0.000000
vn -1.000000 0.000000 0.000000
vn -1.000000 0.000000 0.000000
vn -1.000000 0.000000 0.000000
vn -1.000000 0.000000 -0.000000
vn -1.000000 0.000000 0.000000
vn -1.000000 0.000000 0.000000
vn -1.000000 0.000000 0.000000
vn -1.000000 0.000000 -0.000000
vn -1.000000 0.000000 0.000000
vn -1.000000 0.000000 0.000000
vn -1.000000 0.000000 -0.000000
vn -1.000000 0.000000 0.000000
vn -1.000000 0.000000 -0.000000
vn -1.000000 0.000000 0.000000
vn -1.000000 0.000000 0.000000
vn -1.000000 0.000000 -0.000000
vn -1.000000 0.000000 0.000000
vn -1.000000 0.000000 -0.000000
vn -1.000000 0.000000 0.000000
vn -1.000000 0.000000 0.000000
vn -1.000000 0.000000 -0.000000
vn -1.000000 0.000000 0.000000
vn -1.000000 0.000000 0.000000
vn -1.000000 0.000000 0.000000
vn -1.000000 0.000000 -0.000000
vn -1.000000 0.000000 0.000000
vn -1.000000 0.000000 0.000000
vn -1.000000 0.000000 0.000000
vn -1.000000 0.000000 -0.000000
vn -1.000000 0.000000 0.000000
vn -1.000000 0.000000 0.000000
vn -1.000000 0.000000 0.000000
vn -1.000000 0.000000 0.000000
vn -1.000000 0.000000 -0.000000
vn -1.000000 0.000000 0.000000
vn -1.000000 0.000000 0.000000
vn -1.000000 0.000000 0.000000
vn -1.000000 0.000000 -0.000000
vn -1.000000 0.000000 0.000000
vn -1.000000 0.000000 0.000000
vn -1.000000 0.000000 0.000000
vn -1.000000 0.000000 0.000000
vn -1.000000 0.000000 -0.000000
vn -1.000000 0.000000 0.000000
vn -1.000000 0.000000 0.000000
vn -1.000000 0.000000 -0.000000
vn -1.000000 0.000000 0.000000
vn -1.000000 0.000000 0.000000
vn -1.000000 0.000000 0.000000
vn -1.000000 0.000000 -0.000000
vn -1.000000 0.000000 0.000000
vn -1.000000 0.000000 0.000000
vn -1.000000 0.000000 0.000000
vn -1.000000 0.000000 0.000000
vn -1.000000 0.000000 -0.000000
vn -1.000000 0.000000 0.000000
vn -1.000000 0.000000 0.000000
vn -1.000000 0.000000 0.000000
vn -1.000000 0.000000 -0.000000
vn -1.000000 0.000000 0.000000
vn -1.000000 0.000000 -0.000000
vn -1.000000 0.000000 0.000000
vn -1.000000 0.000000 -0.000000
vn -1.000000 0.000000 0.000000
vn -1.000000 0.000000 -0.000000
vn -1.000000 0.000000 0.000000
vn -1.000000 0.000000 0.000000
vn -1.000000 0.000000 0.000000
vn -1.000000 0.000000 -0.000000
vn -1.000000 0.000000 0.000000
vn -1.000000 0.000000 0.000000
vn -1.000000 0.000000 -0.000000
vn -1.000000 0.000000 0.000000
vn -1.000000 0.000000 0.000000
vn -1.000000 0.000000 -0.000000
vn -1.000000 0.000000 0.000000
vn -1.000000 0.000000 0.000000
vn -1.000000 0.000000 0.000000
vn -1.000000 0.000000 -0.000000
vn -1.000000 0.000000 0.000000
vn -1.000000 0.000000 0.000000
vn -1.000000 0.000000 0.000000
vn -1.000000 0.000000 -0.000000
vn -1.000000 0.000000 0.000000
vn -1.000000 0.000000 0.000000
vn -1.000000 0.000000 0.000000
vn -1.000000 0.000000 -0.000000
vn -1.000000 0.000000 0.000000
vn -1.000000 0.000000 0.000000
vn -1.000000 0.000000 0.000000
vn -1.000000 0.000000 -0.000000
vn -1.000000 0.000000 0.000000
vn -1.000000 0.000000 -0.000000
vn -1.000000 0.000000 0.000000
vn -1.000000 0.000000 0.000000
vn -1.000000 0.000000 -0.000000
vn -1.000000 0.000000 0.000000
vn -1.000000 0.000000 0.000000
vn -1.000000 0.000000 0.000000
vn -1.000000 0.000000 -0.000000
vn -1.000000 0.000000 0.000000
vn -1.000000 0.000000 0.000000
vn -1.000000 0.000000 0.000000
vn -1.000000 0.000000 0.000000
vn -1.000000 0.000000 0.000000
vn -1.000000 0.000000 0.000000
vn -1.000000 0.000000 -0.000000
vn -1.000000 0.000000 0.000000
vn -1.000000 0.000000 0.000000
vn -1.000000 0.000000 -0.000000
vn -1.000000 0.000000 0.000000
vn -1.000000 0.000000 0.000000
vn -1.000000 0.000000 0.000000
vn -1.000000 0.000000 -0.000000
vn -1.000000 0.000000 0.000000
vn -1.000000 0.000000 0.000000
vn -1.000000 0.000000 -0.000000
vn -1.000000 0.000000 0.000000
vn -1.000000 0.000000 0.000000
vn -1.000000 0.000000 0.000000
vn -1.000000 0.000000 -0.000000
vn -1.000000 0.000000 0.000000
vn -1.000000 0.000000 0.000000
vn -1.000000 0.000000 0.000000
vn -1.000000 0.000000 -0.000000
vn -1.000000 0.000000 0.000000
vn -1.000000 0.000000 0.000000
vn -1.000000 0.000000 0.000000
vn -1.000000 0.000000 -0.000000
vn -1.000000 0.000000 0.000000
vn -1.000000 0.000000 0.000000
vn -1.000000 0.000000 -0.000000
vn -1.000000 0.000000 0.000000
vn -1.000000 0.000000 0.000000
vn -1.000000 0.000000 -0.000000
vn -1.000000 0.000000 0.000000
vn -1.000000 0.000000 0.000000
vn -1.000000 0.000000 0.000000
vn -1.000000 0.000000 -0.000000
vn -1.000000 0.000000 0.000000
vn -1.000000 0.000000 0.000000
vn -1.000000 0.000000 -0.000000
f 1//1 2//1 3//1
f 4//2 1//2 3//2
f 5//3 4//3 3//3
f 5//4 3//4 6//4
f 7//5 5//5 6//5
f 7//6 6//6 8//6
f 9//7 7//7 8//7
f 9//8 8//8 10//8
f 9//9 10//9 11//9
f 12//10 9//10 11//10
f 13//11 12//11 11//11
f 13//12 11//12 14//12
f 15//13 14//13 16//13
f 15//14 13//14 14//14
f 15//15 16//15 17//15
f 18//16 15//16 17//16
f 19//17 17//17 20//17
f 19//18 18//18 17//18
f 21//19 20//19 22//19
f 21//20 22//20 23//20
f 21//21 19//21 20//21
f 24//22 21//22 23//22
f 25//23 24//23 23//23
f 25//24 23//24 26//24
f 25//25 26//25 27//25
f 28//26 25//26 27//26
f 29//27 28//27 27//27
f 29//28 27//28 30//28
f 31//29 29//29 30//29
f 31//30 30//30 32//30
f 31//31 32//31 33//31
f 34//32 31//32 33//32
f 35//33 34//33 33//33
f 35//34 33//34 36//34
f 37//35 35//35 36//35
f 37//36 36//36 38//36
f 39//37 37//37 38//37
f 39//38 38//38 40//38
f 41//39 39//39 40//39
f 41//40 40//40 42//40
f 43//41 41//41 42//41
f 43//42 42//42 44//42
f 45//43 43//43 44//43
f 45//44 44//44 46//44
f 47//45 45//45 46//45
f 47//46 46//46 48//46
f 47//47 48//47 49//47
f 50//48 47//48 49//48
f 51//49 52//49 53//49
f 51//50 50//50 49//50
f 51//51 49//51 52//51
f 54//52 51//52 53//52
f 55//53 53//53 56//53
f 55//54 54//54 53//54
f 57//55 56//55 58//55
f 57//56 55//56 56//56
f 59//57 58//57 60//57
f 59//58 57//58 58//58
f 61//59 60//59 62//59
f 61//60 62//60 63//60
f 61//61 59//61 60//61
f 64//62 61//62 63//62
f 65//63 63//63 66//63
f 65//64 64//64 63//64
f 67//65 66//65 68//65
f 67//66 68//66 69//66
f 67//67 65//67 66//67
f 70//68 67//68 69//68
f 71//69 69//69 72//69
f 71//70 72//70 73//70
f 71//71 70//71 69//71
f 74//72 71//72 73//72
f 75//73 73//73 76//73
f 75//74 74//74 73//74
f 77//75 75//75 76//75
f 77//76 76//76 78//76
f 79//77 77//77 78//77
f 79//78 78//78 80//78
f 81//79 79//79 80//79
f 81//80 80//80 82//80
f 83//81 81//81 82//81
f 83//82 82//82 84//82
f 85//83 84//83 86//83
f 85//84 83//84 84//84
f 87//85 86//85 88//85
f 87//86 85//86 86//86
f 89//87 88//87 90//87
f 89//88 87//88 88//88
f 91//89 90//89 92//89
f 91//90 89//90 90//90
f 93//91 92//91 94//91
f 93//92 91//92 92//92
f 95//93 94//93 96//93
f 95//94 93//94 94//94
f 97//95 96//95 98//95
f 97//96 95//96 96//96
f 99//97 98//97 100//97
f 99//98 97//98 98//98
f 101//99 100//99 102//99
f 101//100 102//100 103//100
f 101//101 99//101 100//101
f 104//102 101//102 103//102
f 104//103 103//103 105//103
f 106//104 104//104 105//104
f 107//105 105//105 108//105
f 107//106 106//106 105//106
f 109//107 108//107 110//107
f 109//108 107//108 108//108
f 111//109 110//109 112//109
f 111//110 109//110 110//110
f 113//111 112//111 114//111
f 113//112 111//112 112//112
f 115//113 114//113 116//113
f 115//114 113//114 114//114
f 117//115 116//115 118//115
f 117//116 115//116 116//116
f 119//117 118//117 120//117
f 119//118 117//118 118//118
f 121//119 120//119 122//119
f 121//120 119//120 120//120
f 123//121 122//121 124//121
f 123//122 121//122 122//122
f 125//123 124//123 126//123
f 125//124 123//124 124//124
f 127//125 125//125 126//125
f 127//126 126//126 128//126
f 129//127 127//127 128//127
f 129//128 128//128 130//128
f 131//129 129//129 130//129
f 131//130 130//130 132//130
f 133//131 131//131 132//131
f 133//132 132//132 134//132
f 135//133 133//133 134//133
f 135//134 134//134 136//134
f 137//135 135//135 136//135
f 137//136 136//136 138//136
f 139//137 137//137 138//137
f 139//138 138//138 140//138
f 141//139 139//139 140//139
f 141//140 140//140 142//140
f 141//141 142//141 143//141
f 144//142 141//142 143//142
f 145//143 144//143 143//143
f 145//144 143//144 146//144
f 147//145 145//145 146//145
f 147//146 146//146 148//146
f 1//147 148//147 2//147
f 1//148 147//148 148//148
f 94//149 149//149 150//149
f 96//150 150//150 151//150
f 96//151 94//151 150//151
f 92//152 152//152 153//152
f 92//153 153//153 149//153
f 92//154 149//154 94//154
f 98//155 96//155 151//155
f 98//156 151//156 154//156
f 90//157 155//157 152//157
f 90//158 152//158 92//158
f 100//159 98//159 154//159
f 100//160 154//160 156//160
f 100//161 156//161 157//161
f 88//162 155//162 90//162
f 88//163 158//163 155//163
f 102//164 157//164 159//164
f 102//165 100//165 157//165
f 86//166 158//166 88//166
f 86//167 160//167 158//167
f 103//168 159//168 161//168
f 103//169 102//169 159//169
f 84//170 160//170 86//170
f 84//171 162//171 163//171
f 84//172 163//172 160//172
f 105//173 103//173 161//173
f 105//174 161//174 164//174
f 82//175 162//175 84//175
f 82//176 165//176 162//176
f 108//177 164//177 166//177
f 108//178 166//178 167//178
f 108//179 105//179 164//179
f 80//180 168//180 165//180
f 80//181 165//181 82//181
f 110//182 167//182 169//182
f 110//183 108//183 167//183
f 78//184 170//184 168//184
f 78//185 168//185 80//185
f 112//186 110//186 169//186
f 112//187 169//187 171//187
f 76//188 170//188 78//188
f 76//189 172//189 173//189
f 76//190 173//190 170//190
f 114//191 112//191 171//191
f 114//192 171//192 174//192
f 73//193 175//193 172//193
f 73//194 172//194 76//194
f 116//195 114//195 174//195
f 116//196 174//196 176//196
f 72//197 175//197 73//197
f 72//198 177//198 175//198
f 118//199 176//199 178//199
f 118//200 116//200 176//200
f 118//201 178//201 179//201
f 69//202 177//202 72//202
f 69//203 180//203 177//203
f 120//204 118//204 179//204
f 120//205 179//205 181//205
f 68//206 180//206 69//206
f 68//207 182//207 183//207
f 68//208 183//208 180//208
f 122//209 120//209 181//209
f 122//210 181//210 184//210
f 66//211 185//211 182//211
f 66//212 182//212 68//212
f 124//213 184//213 186//213
f 124//214 122//214 184//214
f 63//215 187//215 185//215
f 63//216 185//216 66//216
f 126//217 124//217 186//217
f 126//218 186//218 188//218
f 126//219 188//219 189//219
f 62//220 187//220 63//220
f 62//221 190//221 187//221
f 128//222 126//222 189//222
f 128//223 189//223 191//223
f 60//224 190//224 62//224
f 60//225 192//225 190//225
f 130//226 128//226 191//226
f 193//227 192//227 60//227
f 194//228 130//228 191//228
f 58//229 193//229 60//229
f 132//230 130//230 194//230
f 195//231 193//231 58//231
f 196//232 132//232 194//232
f 56//233 195//233 58//233
f 134//234 132//234 196//234
f 197//235 56//235 53//235
f 197//236 195//236 56//236
f 198//237 134//237 196//237
f 199//238 53//238 52//238
f 199//239 197//239 53//239
f 200//240 134//240 198//240
f 200//241 136//241 134//241
f 201//242 199//242 52//242
f 202//243 136//243 200//243
f 202//244 138//244 136//244
f 203//245 52//245 49//245
f 203//246 201//246 52//246
f 204//247 138//247 202//247
f 204//248 140//248 138//248
f 205//249 49//249 48//249
f 205//250 203//250 49//250
f 206//251 142//251 140//251
f 206//252 140//252 204//252
f 207//253 48//253 46//253
f 207//254 205//254 48//254
f 208//255 142//255 206//255
f 209//256 46//256 44//256
f 209//257 207//257 46//257
f 210//258 143//258 142//258
f 210//259 142//259 208//259
f 211//260 209//260 44//260
f 212//261 146//261 143//261
f 212//262 143//262 210//262
f 213//263 211//263 44//263
f 213//264 44//264 42//264
f 214//265 148//265 146//265
f 214//266 146//266 212//266
f 215//267 42//267 40//267
f 215//268 213//268 42//268
f 216//269 2//269 148//269
f 216//270 148//270 214//270
f 217//271 2//271 216//271
f 218//272 40//272 38//272
f 218//273 215//273 40//273
f 219//274 2//274 217//274
f 219//275 3//275 2//275
f 220//276 38//276 36//276
f 220//277 218//277 38//277
f 221//278 36//278 33//278
f 221//279 220//279 36//279
f 222//280 3//280 219//280
f 222//281 6//281 3//281
f 223//282 6//282 222//282
f 223//283 8//283 6//283
f 224//284 221//284 33//284
f 225//285 33//285 32//285
f 225//286 224//286 33//286
f 226//287 8//287 223//287
f 226//288 10//288 8//288
f 227//289 10//289 226//289
f 228//290 32//290 30//290
f 228//291 225//291 32//291
f 229//292 30//292 27//292
f 229//293 228//293 30//293
f 230//294 10//294 227//294
f 230//295 11//295 10//295
f 231//296 11//296 230//296
f 231//297 14//297 11//297
f 232//298 27//298 26//298
f 232//299 229//299 27//299
f 233//300 232//300 26//300
f 234//301 14//301 231//301
f 234//302 16//302 14//302
f 235//303 16//303 234//303
f 235//304 17//304 16//304
f 236//305 26//305 23//305
f 236//306 233//306 26//306
f 237//307 17//307 235//307
f 238//308 23//308 22//308
f 238//309 236//309 23//309
f 239//310 20//310 17//310
f 239//311 17//311 237//311
f 240//312 22//312 20//312
f 240//313 238//313 22//313
f 240//314 20//314 239//314
f 219//315 241//315 242//315
f 219//316 217//316 241//316
f 222//317 242//317 243//317
f 222//318 219//318 242//318
f 223//319 243//319 244//319
f 223//320 244//320 245//320
f 223//321 222//321 243//321
f 226//322 245//322 246//322
f 226//323 223//323 245//323
f 227//324 246//324 247//324
f 227//325 226//325 246//325
f 230//326 227//326 247//326
f 231//327 247//327 248//327
f 231//328 230//328 247//328
f 234//329 248//329 249//329
f 234//330 249//330 250//330
f 234//331 231//331 248//331
f 235//332 234//332 250//332
f 237//333 250//333 251//333
f 237//334 251//334 252//334
f 237//335 235//335 250//335
f 239//336 237//336 252//336
f 240//337 252//337 253//337
f 240//338 239//338 252//338
f 238//339 253//339 254//339
f 238//340 254//340 255//340
f 238//341 240//341 253//341
f 236//342 238//342 255//342
f 233//343 255//343 256//343
f 233//344 256//344 257//344
f 233//345 236//345 255//345
f 232//346 233//346 257//346
f 229//347 257//347 258//347
f 229//348 232//348 257//348
f 228//349 258//349 259//349
f 228//350 229//350 258//350
f 225//351 259//351 260//351
f 225//352 228//352 259//352
f 224//353 260//353 261//353
f 224//354 225//354 260//354
f 221//355 261//355 262//355
f 221//356 224//356 261//356
f 220//357 262//357 263//357
f 220//358 221//358 262//358
f 218//359 263//359 264//359
f 218//360 220//360 263//360
f 215//361 264//361 265//361
f 215//362 265//362 266//362
f 215//363 218//363 264//363
f 213//364 215//364 266//364
f 211//365 266//365 267//365
f 211//366 213//366 266//366
f 209//367 267//367 268//367
f 209//368 211//368 267//368
f 207//369 268//369 269//369
f 207//370 209//370 268//370
f 205//371 207//371 269//371
f 205//372 269//372 270//372
f 203//373 205//373 270//373
f 203//374 270//374 271//374
f 203//375 271//375 272//375
f 201//376 203//376 272//376
f 201//377 272//377 273//377
f 199//378 201//378 273//378
f 199//379 273//379 274//379
f 197//380 199//380 274//380
f 195//381 197//381 274//381
f 195//382 274//382 275//382
f 193//383 195//383 275//383
f 193//384 275//384 276//384
f 193//385 276//385 277//385
f 192//386 193//386 277//386
f 190//387 277//387 278//387
f 190//388 192//388 277//388
f 190//389 278//389 279//389
f 187//390 190//390 279//390
f 185//391 279//391 280//391
f 185//392 187//392 279//392
f 185//393 280//393 281//393
f 182//394 281//394 282//394
f 182//395 185//395 281//395
f 183//396 182//396 282//396
f 180//397 282//397 283//397
f 180//398 183//398 282//398
f 177//399 283//399 284//399
f 177//400 180//400 283//400
f 175//401 284//401 285//401
f 175//402 285//402 286//402
f 175//403 177//403 284//403
f 172//404 175//404 286//404
f 173//405 286//405 287//405
f 173//406 172//406 286//406
f 170//407 287//407 288//407
f 170//408 288//408 289//408
f 170//409 173//409 287//409
f 168//410 289//410 290//410
f 168//411 170//411 289//411
f 165//412 290//412 291//412
f 165//413 168//413 290//413
f 162//414 165//414 291//414
f 163//415 291//415 292//415
f 163//416 162//416 291//416
f 160//417 292//417 293//417
f 160//418 293//418 294//418
f 160//419 163//419 292//419
f 158//420 160//420 294//420
f 155//421 158//421 294//421
f 155//422 294//422 295//422
f 155//423 295//423 296//423
f 152//424 155//424 296//424
f 153//425 152//425 296//425
f 153//426 296//426 297//426
f 153//427 297//427 298//427
f 149//428 153//428 298//428
f 150//429 149//429 298//429
f 150//430 298//430 299//430
f 151//431 150//431 299//431
f 151//432 299//432 300//432
f 154//433 151//433 300//433
f 154//434 300//434 301//434
f 156//435 154//435 301//435
f 156//436 301//436 302//436
f 156//437 302//437 303//437
f 157//438 156//438 303//438
f 159//439 157//439 303//439
f 159//440 303//440 304//440
f 161//441 159//441 304//441
f 161//442 304//442 305//442
f 164//443 161//443 305//443
f 164//444 305//444 306//444
f 164//445 306//445 307//445
f 166//446 164//446 307//446
f 166//447 307//447 308//447
f 167//448 166//448 308//448
f 169//449 167//449 308//449
f 169//450 308//450 309//450
f 169//451 309//451 310//451
f 171//452 169//452 310//452
f 174//453 171//453 310//453
f 174//454 310//454 311//454
f 174//455 311//455 312//455
f 176//456 174//456 312//456
f 176//457 312//457 313//457
f 178//458 176//458 313//458
f 179//459 313//459 314//459
f 179//460 178//460 313//460
f 181//461 314//461 315//461
f 181//462 315//462 316//462
f 181//463 179//463 314//463
f 184//464 181//464 316//464
f 186//465 316//465 317//465
f 186//466 184//466 316//466
f 188//467 317//467 318//467
f 188//468 318//468 319//468
f 188//469 186//469 317//469
f 189//470 319//470 320//470
f 189//471 188//471 319//471
f 191//472 189//472 320//472
f 191//473 320//473 321//473
f 194//474 191//474 321//474
f 196//475 194//475 321//475
f 196//476 321//476 322//476
f 198//477 196//477 322//477
f 198//478 322//478 323//478
f 198//479 323//479 324//479
f 200//480 198//480 324//480
f 202//481 200//481 324//481
f 202//482 324//482 325//482
f 204//483 202//483 325//483
f 204//484 325//484 326//484
f 204//485 326//485 327//485
f 206//486 204//486 327//486
f 206//487 327//487 328//487
f 208//488 206//488 328//488
f 210//489 208//489 328//489
f 210//490 328//490 329//490
f 212//491 210//491 329//491
f 212//492 329//492 330//492
f 212//493 330//493 331//493
f 214//494 212//494 331//494
f 214//495 331//495 332//495
f 216//496 214//496 332//496
f 217//497 216//497 332//497
f 217//498 332//498 241//498
f 298//499 333//499 334//499
f 299//500 298//500 334//500
f 299//501 334//501 335//501
f 297//502 333//502 298//502
f 297//503 336//503 337//503
f 297//504 337//504 333//504
f 300//505 299//505 335//505
f 300//506 335//506 338//506
f 300//507 338//507 339//507
f 296//508 336//508 297//508
f 296//509 340//509 336//509
f 301//510 300//510 339//510
f 301//511 339//511 341//511
f 295//512 342//512 343//512
f 295//513 343//513 340//513
f 295//514 340//514 296//514
f 302//515 301//515 341//515
f 302//516 341//516 344//516
f 302//517 344//517 345//517
f 294//518 342//518 295//518
f 294//519 346//519 342//519
f 303//520 302//520 345//520
f 303//521 345//521 347//521
f 293//522 346//522 294//522
f 293//523 348//523 346//523
f 304//524 303//524 347//524
f 304//525 347//525 349//525
f 292//526 348//526 293//526
f 292//527 350//527 351//527
f 292//528 351//528 348//528
f 305//529 304//529 349//529
f 305//530 349//530 352//530
f 305//531 352//531 353//531
f 291//532 350//532 292//532
f 291//533 354//533 350//533
f 306//534 305//534 353//534
f 306//535 353//535 355//535
f 290//536 354//536 291//536
f 290//537 356//537 357//537
f 290//538 357//538 354//538
f 307//539 306//539 355//539
f 307//540 355//540 358//540
f 307//541 358//541 359//541
f 289//542 356//542 290//542
f 289//543 360//543 356//543
f 308//544 307//544 359//544
f 308//545 359//545 361//545
f 288//546 360//546 289//546
f 288//547 362//547 360//547
f 309//548 308//548 361//548
f 309//549 361//549 363//549
f 287//550 362//550 288//550
f 287//551 364//551 365//551
f 287//552 365//552 362//552
f 310//553 309//553 363//553
f 310//554 363//554 366//554
f 310//555 366//555 367//555
f 286//556 368//556 364//556
f 286//557 364//557 287//557
f 311//558 310//558 367//558
f 311//559 367//559 369//559
f 285//560 370//560 368//560
f 285//561 368//561 286//561
f 312//562 311//562 369//562
f 312//563 369//563 371//563
f 284//564 370//564 285//564
f 284//565 372//565 373//565
f 284//566 373//566 370//566
f 313//567 374//567 375//567
f 313//568 312//568 371//568
f 313//569 371//569 374//569
f 283//570 376//570 372//570
f 283//571 372//571 284//571
f 314//572 375//572 377//572
f 314//573 313//573 375//573
f 282//574 378//574 379//574
f 282//575 379//575 376//575
f 282//576 376//576 283//576
f 315//577 377//577 380//577
f 315//578 380//578 381//578
f 315//579 314//579 377//579
f 281//580 382//580 378//580
f 281//581 378//581 282//581
f 316//582 381//582 383//582
f 316//583 315//583 381//583
f 280//584 382//584 281//584
f 280//585 384//585 382//585
f 317//586 316//586 383//586
f 317//587 383//587 385//587
f 279//588 384//588 280//588
f 279//589 386//589 387//589
f 279//590 387//590 384//590
f 318//591 385//591 388//591
f 318//592 388//592 389//592
f 318//593 317//593 385//593
f 278//594 386//594 279//594
f 278//595 390//595 386//595
f 319//596 389//596 391//596
f 319//597 318//597 389//597
f 277//598 390//598 278//598
f 277//599 392//599 390//599
f 320//600 391//600 393//600
f 320//601 319//601 391//601
f 394//602 320//602 393//602
f 395//603 392//603 277//603
f 276//604 395//604 277//604
f 321//605 320//605 394//605
f 396//606 321//606 394//606
f 397//607 395//607 276//607
f 275//608 397//608 276//608
f 322//609 321//609 396//609
f 398//610 322//610 396//610
f 399//611 397//611 275//611
f 274//612 399//612 275//612
f 323//613 322//613 398//613
f 400//614 323//614 398//614
f 401//615 399//615 274//615
f 402//616 324//616 323//616
f 402//617 323//617 400//617
f 403//618 274//618 273//618
f 403//619 401//619 274//619
f 404//620 325//620 324//620
f 404//621 324//621 402//621
f 405//622 273//622 272//622
f 405//623 403//623 273//623
f 406//624 325//624 404//624
f 407//625 405//625 272//625
f 408//626 326//626 325//626
f 408//627 325//627 406//627
f 409//628 272//628 271//628
f 409//629 407//629 272//629
f 410//630 327//630 326//630
f 410//631 326//631 408//631
f 411//632 271//632 270//632
f 411//633 409//633 271//633
f 412//634 327//634 410//634
f 412//635 328//635 327//635
f 413//636 411//636 270//636
f 413//637 270//637 269//637
f 414//638 328//638 412//638
f 415//639 413//639 269//639
f 416//640 329//640 328//640
f 416//641 328//641 414//641
f 417//642 415//642 269//642
f 417//643 269//643 268//643
f 418//644 330//644 329//644
f 418//645 329//645 416//645
f 419//646 417//646 268//646
f 419//647 268//647 267//647
f 420//648 330//648 418//648
f 421//649 419//649 267//649
f 422//650 331//650 330//650
f 422//651 330//651 420//651
f 423//652 267//652 266//652
f 423//653 421//653 267//653
f 424//654 332//654 331//654
f 424//655 331//655 422//655
f 425//656 266//656 265//656
f 425//657 423//657 266//657
f 426//658 241//658 332//658
f 426//659 332//659 424//659
f 427//660 265//660 264//660
f 427//661 425//661 265//661
f 428//662 427//662 264//662
f 429//663 241//663 426//663
f 430//664 428//664 264//664
f 430//665 264//665 263//665
f 431//666 242//666 241//666
f 431//667 241//667 429//667
f 432//668 430//668 263//668
f 432//669 263//669 262//669
f 433//670 243//670 242//670
f 433//671 242//671 431//671
f 434//672 262//672 261//672
f 434//673 432//673 262//673
f 435//674 244//674 243//674
f 435//675 243//675 433//675
f 436//676 244//676 435//676
f 437//677 434//677 261//677
f 438//678 261//678 260//678
f 438//679 437//679 261//679
f 439//680 244//680 436//680
f 439//681 245//681 244//681
f 440//682 438//682 260//682
f 440//683 260//683 259//683
f 441//684 246//684 245//684
f 441//685 245//685 439//685
f 442//686 440//686 259//686
f 443//687 246//687 441//687
f 444//688 442//688 259//688
f 444//689 259//689 258//689
f 445//690 247//690 246//690
f 445//691 246//691 443//691
f 446//692 444//692 258//692
f 446//693 258//693 257//693
f 447//694 247//694 445//694
f 447//695 248//695 247//695
f 448//696 248//696 447//696
f 448//697 249//697 248//697
f 449//698 446//698 257//698
f 449//699 257//699 256//699
f 450//700 449//700 256//700
f 451//701 249//701 448//701
f 452//702 450//702 256//702
f 452//703 256//703 255//703
f 453//704 249//704 451//704
f 453//705 250//705 249//705
f 454//706 255//706 254//706
f 454//707 452//707 255//707
f 455//708 251//708 250//708
f 455//709 250//709 453//709
f 456//710 454//710 254//710
f 457//711 251//711 455//711
f 458//712 456//712 254//712
f 458//713 254//713 253//713
f 459//714 251//714 457//714
f 459//715 252//715 251//715
f 460//716 253//716 252//716
f 460//717 252//717 459//717
f 460//718 458//718 253//718
f 431//719 461//719 462//719
f 431//720 462//720 463//720
f 431//721 429//721 461//721
f 433//722 431//722 463//722
f 435//723 463//723 464//723
f 435//724 464//724 465//724
f 435//725 433//725 463//725
f 436//726 435//726 465//726
f 439//727 465//727 466//727
f 439//728 436//728 465//728
f 441//729 466//729 467//729
f 441//730 439//730 466//730
f 443//731 467//731 468//731
f 443//732 468//732 469//732
f 443//733 441//733 467//733
f 445//734 443//734 469//734
f 447//735 469//735 470//735
f 447//736 445//736 469//736
f 448//737 470//737 471//737
f 448//738 447//738 470//738
f 451//739 448//739 471//739
f 451//740 471//740 472//740
f 453//741 451//741 472//741
f 453//742 472//742 473//742
f 453//743 473//743 474//743
f 455//744 453//744 474//744
f 455//745 474//745 475//745
f 457//746 455//746 475//746
f 459//747 475//747 476//747
f 459//748 476//748 477//748
f 459//749 457//749 475//749
f 460//750 477//750 478//750
f 460//751 459//751 477//751
f 458//752 460//752 478//752
f 456//753 478//753 479//753
f 456//754 458//754 478//754
f 454//755 479//755 480//755
f 454//756 480//756 481//756
f 454//757 456//757 479//757
f 452//758 454//758 481//758
f 450//759 481//759 482//759
f 450//760 482//760 483//760
f 450//761 452//761 481//761
f 449//762 483//762 484//762
f 449//763 450//763 483//763
f 446//764 449//764 484//764
f 444//765 484//765 485//765
f 444//766 485//766 486//766
f 444//767 446//767 484//767
f 442//768 444//768 486//768
f 440//769 486//769 487//769
f 440//770 442//770 486//770
f 438//771 487//771 488//771
f 438//772 440//772 487//772
f 437//773 488//773 489//773
f 437//774 438//774 488//774
f 434//775 489//775 490//775
f 434//776 490//776 491//776
f 434//777 437//777 489//777
f 432//778 434//778 491//778
f 430//779 491//779 492//779
f 430//780 432//780 491//780
f 428//781 492//781 493//781
f 428//782 430//782 492//782
f 427//783 493//783 494//783
f 427//784 428//784 493//784
f 425//785 494//785 495//785
f 425//786 427//786 494//786
f 423//787 495//787 496//787
f 423//788 425//788 495//788
f 421//789 423//789 496//789
f 421//790 496//790 497//790
f 419//791 421//791 497//791
f 419//792 497//792 498//792
f 419//793 498//793 499//793
f 417//794 419//794 499//794
f 415//795 417//795 499//795
f 415//796 499//796 500//796
f 415//797 500//797 501//797
f 413//798 415//798 501//798
f 411//799 413//799 501//799
f 411//800 501//800 502//800
f 409//801 411//801 502//801
f 409//802 502//802 503//802
f 407//803 409//803 503//803
f 407//804 503//804 504//804
f 405//805 407//805 504//805
f 405//806 504//806 505//806
f 403//807 405//807 505//807
f 403//808 505//808 506//808
f 401//809 403//809 506//809
f 401//810 506//810 507//810
f 399//811 507//811 508//811
f 399//812 401//812 507//812
f 397//813 508//813 509//813
f 397//814 399//814 508//814
f 395//815 397//815 509//815
f 395//816 509//816 510//816
f 395//817 510//817 511//817
f 392//818 395//818 511//818
f 390//819 511//819 512//819
f 390//820 512//820 513//820
f 390//821 392//821 511//821
f 386//822 390//822 513//822
f 387//823 513//823 514//823
f 387//824 386//824 513//824
f 384//825 514//825 515//825
f 384//826 387//826 514//826
f 382//827 515//827 516//827
f 382//828 516//828 517//828
f 382//829 384//829 515//829
f 378//830 382//830 517//830
f 379//831 517//831 518//831
f 379//832 518//832 519//832
f 379//833 378//833 517//833
f 376//834 379//834 519//834
f 372//835 519//835 520//835
f 372//836 520//836 521//836
f 372//837 376//837 519//837
f 373//838 372//838 521//838
f 370//839 373//839 521//839
f 370//840 521//840 522//840
f 370//841 522//841 523//841
f 368//842 370//842 523//842
f 364//843 368//843 523//843
f 364//844 523//844 524//844
f 365//845 364//845 524//845
f 365//846 524//846 525//846
f 362//847 365//847 525//847
f 362//848 525//848 526//848
f 362//849 526//849 527//849
f 360//850 362//850 527//850
f 356//851 360//851 527//851
f 356//852 527//852 528//852
f 356//853 528//853 529//853
f 357//854 356//854 529//854
f 354//855 357//855 529//855
f 354//856 529//856 530//856
f 350//857 354//857 530//857
f 350//858 530//858 531//858
f 351//859 350//859 531//859
f 351//860 531//860 532//860
f 351//861 532//861 533//861
f 348//862 351//862 533//862
f 346//863 348//863 533//863
f 346//864 533//864 534//864
f 342//865 346//865 534//865
f 342//866 534//866 535//866
f 342//867 535//867 536//867
f 343//868 342//868 536//868
f 340//869 343//869 536//869
f 340//870 536//870 537//870
f 336//871 340//871 537//871
f 336//872 537//872 538//872
f 337//873 336//873 538//873
f 337//874 538//874 539//874
f 333//875 337//875 539//875
f 333//876 539//876 540//876
f 334//877 333//877 540//877
f 334//878 540//878 541//878
f 335//879 541//879 542//879
f 335//880 334//880 541//880
f 338//881 542//881 543//881
f 338//882 335//882 542//882
f 339//883 543//883 544//883
f 339//884 338//884 543//884
f 341//885 544//885 545//885
f 341//886 339//886 544//886
f 344//887 545//887 546//887
f 344//888 546//888 547//888
f 344//889 341//889 545//889
f 345//890 344//890 547//890
f 347//891 345//891 547//891
f 347//892 547//892 548//892
f 347//893 548//893 549//893
f 349//894 347//894 549//894
f 352//895 349//895 549//895
f 352//896 549//896 550//896
f 352//897 550//897 551//897
f 353//898 352//898 551//898
f 355//899 353//899 551//899
f 355//900 551//900 552//900
f 358//901 355//901 552//901
f 358//902 552//902 553//902
f 359//903 358//903 553//903
f 359//904 553//904 554//904
f 361//905 359//905 554//905
f 361//906 554//906 555//906
f 363//907 361//907 555//907
f 363//908 555//908 556//908
f 366//909 363//909 556//909
f 366//910 556//910 557//910
f 367//911 366//911 557//911
f 367//912 557//912 558//912
f 369//913 367//913 558//913
f 369//914 558//914 559//914
f 371//915 369//915 559//915
f 371//916 559//916 560//916
f 374//917 371//917 560//917
f 374//918 560//918 561//918
f 375//919 561//919 562//919
f 375//920 562//920 563//920
f 375//921 374//921 561//921
f 377//922 375//922 563//922
f 380//923 563//923 564//923
f 380//924 377//924 563//924
f 381//925 564//925 565//925
f 381//926 565//926 566//926
f 381//927 380//927 564//927
f 383//928 381//928 566//928
f 385//929 566//929 567//929
f 385//930 383//930 566//930
f 388//931 567//931 568//931
f 388//932 385//932 567//932
f 389//933 568//933 569//933
f 389//934 569//934 570//934
f 389//935 388//935 568//935
f 391//936 570//936 571//936
f 391//937 389//937 570//937
f 393//938 391//938 571//938
f 394//939 571//939 572//939
f 394//940 572//940 573//940
f 394//941 393//941 571//941
f 396//942 394//942 573//942
f 396//943 573//943 574//943
f 398//944 396//944 574//944
f 398//945 574//945 575//945
f 400//946 398//946 575//946
f 402//947 575//947 576//947
f 402//948 400//948 575//948
f 404//949 576//949 577//949
f 404//950 577//950 578//950
f 404//951 402//951 576//951
f 406//952 404//952 578//952
f 406//953 578//953 579//953
f 408//954 406//954 579//954
f 410//955 579//955 580//955
f 410//956 580//956 581//956
f 410//957 408//957 579//957
f 412//958 410//958 581//958
f 414//959 581//959 582//959
f 414//960 582//960 583//960
f 414//961 412//961 581//961
f 416//962 414//962 583//962
f 418//963 583//963 584//963
f 418//964 416//964 583//964
f 420//965 584//965 585//965
f 420//966 585//966 586//966
f 420//967 418//967 584//967
f 422//968 420//968 586//968
f 424//969 586//969 587//969
f 424//970 422//970 586//970
f 426//971 587//971 588//971
f 426//972 588//972 461//972
f 426//973 424//973 587//973
f 429//974 426//974 461//974
f 541//975 589//975 590//975
f 542//976 541//976 590//976
f 542//977 590//977 591//977
f 540//978 589//978 541//978
f 540//979 592//979 593//979
f 540//980 593//980 589//980
f 543//981 542//981 591//981
f 543//982 591//982 594//982
f 539//983 592//983 540//983
f 544//984 543//984 594//984
f 544//985 594//985 595//985
f 538//986 596//986 597//986
f 538//987 597//987 592//987
f 538//988 592//988 539//988
f 545//989 595//989 598//989
f 545//990 544//990 595//990
f 537//991 599//991 596//991
f 537//992 596//992 538//992
f 546//993 545//993 598//993
f 536//994 599//994 537//994
f 600//995 546//995 598//995
f 547//996 546//996 600//996
f 535//997 601//997 599//997
f 535//998 599//998 536//998
f 602//999 601//999 535//999
f 548//1000 547//1000 600//1000
f 548//1001 600//1001 603//1001
f 534//1002 602//1002 535//1002
f 604//1003 602//1003 534//1003
f 549//1004 548//1004 603//1004
f 549//1005 603//1005 605//1005
f 533//1006 604//1006 534//1006
f 550//1007 549//1007 605//1007
f 550//1008 605//1008 606//1008
f 532//1009 604//1009 533//1009
f 532//1010 607//1010 604//1010
f 551//1011 550//1011 606//1011
f 551//1012 606//1012 608//1012
f 531//1013 607//1013 532//1013
f 531//1014 609//1014 607//1014
f 610//1015 609//1015 531//1015
f 552//1016 551//1016 608//1016
f 552//1017 608//1017 611//1017
f 530//1018 610//1018 531//1018
f 612//1019 552//1019 611//1019
f 553//1020 552//1020 612//1020
f 529//1021 610//1021 530//1021
f 529//1022 613//1022 610//1022
f 554//1023 553//1023 612//1023
f 554//1024 612//1024 614//1024
f 528//1025 613//1025 529//1025
f 528//1026 615//1026 613//1026
f 616//1027 554//1027 614//1027
f 555//1028 554//1028 616//1028
f 527//1029 615//1029 528//1029
f 527//1030 617//1030 615//1030
f 556//1031 555//1031 616//1031
f 556//1032 616//1032 618//1032
f 526//1033 617//1033 527//1033
f 526//1034 619//1034 617//1034
f 557//1035 556//1035 618//1035
f 557//1036 618//1036 620//1036
f 525//1037 619//1037 526//1037
f 525//1038 621//1038 619//1038
f 622//1039 557//1039 620//1039
f 558//1040 557//1040 622//1040
f 524//1041 623//1041 621//1041
f 524//1042 621//1042 525//1042
f 559//1043 558//1043 622//1043
f 559//1044 622//1044 624//1044
f 523//1045 625//1045 623//1045
f 523//1046 623//1046 524//1046
f 626//1047 625//1047 523//1047
f 560//1048 559//1048 624//1048
f 560//1049 624//1049 627//1049
f 522//1050 626//1050 523//1050
f 628//1051 560//1051 627//1051
f 561//1052 560//1052 628//1052
f 521//1053 629//1053 626//1053
f 521//1054 626//1054 522//1054
f 562//1055 628//1055 630//1055
f 562//1056 561//1056 628//1056
f 520//1057 629//1057 521//1057
f 520//1058 631//1058 629//1058
f 632//1059 631//1059 520//1059
f 563//1060 630//1060 633//1060
f 563//1061 562//1061 630//1061
f 519//1062 632//1062 520//1062
f 564//1063 633//1063 634//1063
f 564//1064 563//1064 633//1064
f 518//1065 632//1065 519//1065
f 518//1066 635//1066 632//1066
f 565//1067 634//1067 636//1067
f 565//1068 564//1068 634//1068
f 517//1069 635//1069 518//1069
f 517//1070 637//1070 635//1070
f 638//1071 637//1071 517//1071
f 566//1072 636//1072 639//1072
f 566//1073 565//1073 636//1073
f 516//1074 638//1074 517//1074
f 567//1075 639//1075 640//1075
f 567//1076 566//1076 639//1076
f 515//1077 638//1077 516//1077
f 515//1078 641//1078 638//1078
f 642//1079 567//1079 640//1079
f 643//1080 641//1080 515//1080
f 568//1081 567//1081 642//1081
f 514//1082 643//1082 515//1082
f 644//1083 568//1083 642//1083
f 569//1084 568//1084 644//1084
f 513//1085 645//1085 643//1085
f 513//1086 643//1086 514//1086
f 646//1087 645//1087 513//1087
f 570//1088 644//1088 647//1088
f 570//1089 569//1089 644//1089
f 512//1090 646//1090 513//1090
f 571//1091 647//1091 648//1091
f 571//1092 570//1092 647//1092
f 511//1093 649//1093 646//1093
f 511//1094 646//1094 512//1094
f 650//1095 649//1095 511//1095
f 572//1096 648//1096 651//1096
f 572//1097 571//1097 648//1097
f 510//1098 650//1098 511//1098
f 652//1099 573//1099 572//1099
f 652//1100 572//1100 651//1100
f 509//1101 650//1101 510//1101
f 653//1102 650//1102 509//1102
f 654//1103 573//1103 652//1103
f 654//1104 574//1104 573//1104
f 655//1105 653//1105 509//1105
f 655//1106 509//1106 508//1106
f 656//1107 574//1107 654//1107
f 656//1108 575//1108 574//1108
f 657//1109 655//1109 508//1109
f 657//1110 508//1110 507//1110
f 506//1111 657//1111 507//1111
f 658//1112 575//1112 656//1112
f 658//1113 576//1113 575//1113
f 659//1114 657//1114 506//1114
f 660//1115 576//1115 658//1115
f 660//1116 577//1116 576//1116
f 661//1117 659//1117 506//1117
f 661//1118 506//1118 505//1118
f 504//1119 661//1119 505//1119
f 662//1120 577//1120 660//1120
f 662//1121 578//1121 577//1121
f 663//1122 661//1122 504//1122
f 503//1123 663//1123 504//1123
f 664//1124 578//1124 662//1124
f 664//1125 579//1125 578//1125
f 665//1126 663//1126 503//1126
f 580//1127 579//1127 664//1127
f 666//1128 580//1128 664//1128
f 667//1129 665//1129 503//1129
f 667//1130 503//1130 502//1130
f 668//1131 581//1131 580//1131
f 668//1132 580//1132 666//1132
f 669//1133 667//1133 502//1133
f 669//1134 502//1134 501//1134
f 670//1135 582//1135 581//1135
f 670//1136 581//1136 668//1136
f 671//1137 501//1137 500//1137
f 671//1138 669//1138 501//1138
f 583//1139 582//1139 670//1139
f 672//1140 583//1140 670//1140
f 673//1141 500//1141 499//1141
f 673//1142 671//1142 500//1142
f 584//1143 583//1143 672//1143
f 498//1144 673//1144 499//1144
f 674//1145 584//1145 672//1145
f 675//1146 673//1146 498//1146
f 585//1147 584//1147 674//1147
f 676//1148 585//1148 674//1148
f 677//1149 675//1149 498//1149
f 677//1150 498//1150 497//1150
f 496//1151 677//1151 497//1151
f 678//1152 585//1152 676//1152
f 678//1153 586//1153 585//1153
f 679//1154 677//1154 496//1154
f 587//1155 586//1155 678//1155
f 680//1156 587//1156 678//1156
f 681//1157 679//1157 496//1157
f 681//1158 496//1158 495//1158
f 494//1159 681//1159 495//1159
f 682//1160 587//1160 680//1160
f 682//1161 588//1161 587//1161
f 683//1162 681//1162 494//1162
f 684//1163 683//1163 494//1163
f 684//1164 494//1164 493//1164
f 685//1165 588//1165 682//1165
f 685//1166 461//1166 588//1166
f 492//1167 684//1167 493//1167
f 462//1168 461//1168 685//1168
f 686//1169 684//1169 492//1169
f 687//1170 462//1170 685//1170
f 688//1171 686//1171 492//1171
f 688//1172 492//1172 491//1172
f 689//1173 463//1173 462//1173
f 689//1174 462//1174 687//1174
f 690//1175 688//1175 491//1175
f 690//1176 491//1176 490//1176
f 691//1177 464//1177 463//1177
f 691//1178 463//1178 689//1178
f 489//1179 690//1179 490//1179
f 692//1180 690//1180 489//1180
f 693//1181 465//1181 464//1181
f 693//1182 464//1182 691//1182
f 694//1183 489//1183 488//1183
f 694//1184 692//1184 489//1184
f 695//1185 466//1185 465//1185
f 695//1186 465//1186 693//1186
f 696//1187 488//1187 487//1187
f 696//1188 694//1188 488//1188
f 697//1189 467//1189 466//1189
f 697//1190 466//1190 695//1190
f 698//1191 487//1191 486//1191
f 698//1192 696//1192 487//1192
f 699//1193 468//1193 467//1193
f 699//1194 467//1194 697//1194
f 700//1195 486//1195 485//1195
f 700//1196 698//1196 486//1196
f 701//1197 469//1197 468//1197
f 701//1198 468//1198 699//1198
f 484//1199 700//1199 485//1199
f 702//1200 470//1200 469//1200
f 702//1201 469//1201 701//1201
f 703//1202 700//1202 484//1202
f 704//1203 470//1203 702//1203
f 704//1204 471//1204 470//1204
f 705//1205 703//1205 484//1205
f 705//1206 484//1206 483//1206
f 482//1207 705//1207 483//1207
f 706//1208 705//1208 482//1208
f 707//1209 471//1209 704//1209
f 707//1210 472//1210 471//1210
f 708//1211 706//1211 482//1211
f 708//1212 481//1212 480//1212
f 708//1213 482//1213 481//1213
f 709//1214 472//1214 707//1214
f 709//1215 473//1215 472//1215
f 709//1216 474//1216 473//1216
f 710//1217 708//1217 480//1217
f 710//1218 480//1218 479//1218
f 711//1219 474//1219 709//1219
f 711//1220 475//1220 474//1220
f 712//1221 479//1221 478//1221
f 712//1222 710//1222 479//1222
f 713//1223 475//1223 711//1223
f 714//1224 712//1224 478//1224
f 715//1225 476//1225 475//1225
f 715//1226 477//1226 476//1226
f 715//1227 475//1227 713//1227
f 716//1228 478//1228 477//1228
f 716//1229 477//1229 715//1229
f 716//1230 714//1230 478//1230
f 687//1231 717//1231 718//1231
f 687//1232 685//1232 717//1232
f 689//1233 718//1233 719//1233
f 689//1234 719//1234 720//1234
f 689//1235 687//1235 718//1235
f 691//1236 689//1236 720//1236
f 693//1237 720//1237 721//1237
f 693//1238 691//1238 720//1238
f 695//1239 721//1239 722//1239
f 695//1240 722//1240 723//1240
f 695//1241 693//1241 721//1241
f 697//1242 695//1242 723//1242
f 699//1243 723//1243 724//1243
f 699//1244 697//1244 723//1244
f 701//1245 724//1245 725//1245
f 701//1246 725//1246 726//1246
f 701//1247 699//1247 724//1247
f 702//1248 701//1248 726//1248
f 704//1249 726//1249 727//1249
f 704//1250 702//1250 726//1250
f 707//1251 704//1251 727//1251
f 707//1252 727//1252 728//1252
f 707//1253 728//1253 729//1253
f 709//1254 707//1254 729//1254
f 711//1255 709//1255 729//1255
f 711//1256 729//1256 730//1256
f 711//1257 730//1257 731//1257
f 713//1258 711//1258 731//1258
f 715//1259 731//1259 732//1259
f 715//1260 732//1260 733//1260
f 715//1261 713//1261 731//1261
f 716//1262 715//1262 733//1262
f 714//1263 733//1263 734//1263
f 714//1264 716//1264 733//1264
f 712//1265 734//1265 735//1265
f 712//1266 714//1266 734//1266
f 710//1267 735//1267 736//1267
f 710//1268 736//1268 737//1268
f 710//1269 712//1269 735//1269
f 708//1270 710//1270 737//1270
f 706//1271 737//1271 738//1271
f 706//1272 708//1272 737//1272
f 705//1273 738//1273 739//1273
f 705//1274 706//1274 738//1274
f 703//1275 739//1275 740//1275
f 703//1276 705//1276 739//1276
f 700//1277 740//1277 741//1277
f 700//1278 703//1278 740//1278
f 698//1279 741//1279 742//1279
f 698//1280 742//1280 743//1280
f 698//1281 700//1281 741//1281
f 696//1282 698//1282 743//1282
f 694//1283 743//1283 744//1283
f 694//1284 696//1284 743//1284
f 692//1285 744//1285 745//1285
f 692//1286 694//1286 744//1286
f 690//1287 745//1287 746//1287
f 690//1288 692//1288 745//1288
f 688//1289 746//1289 747//1289
f 688//1290 690//1290 746//1290
f 686//1291 747//1291 748//1291
f 686//1292 688//1292 747//1292
f 684//1293 748//1293 749//1293
f 684//1294 686//1294 748//1294
f 683//1295 749//1295 750//1295
f 683//1296 684//1296 749//1296
f 681//1297 750//1297 751//1297
f 681//1298 683//1298 750//1298
f 679//1299 751//1299 752//1299
f 679//1300 681//1300 751//1300
f 677//1301 679//1301 752//1301
f 677//1302 752//1302 753//1302
f 675//1303 677//1303 753//1303
f 675//1304 753//1304 754//1304
f 675//1305 754//1305 755//1305
f 673//1306 675//1306 755//1306
f 671//1307 673//1307 755//1307
f 671//1308 755//1308 756//1308
f 669//1309 671//1309 756//1309
f 669//1310 756//1310 757//1310
f 667//1311 669//1311 757//1311
f 667//1312 757//1312 758//1312
f 665//1313 667//1313 758//1313
f 665//1314 758//1314 759//1314
f 663//1315 665//1315 759//1315
f 663//1316 759//1316 760//1316
f 661//1317 663//1317 760//1317
f 661//1318 760//1318 761//1318
f 661//1319 761//1319 762//1319
f 659//1320 661//1320 762//1320
f 657//1321 659//1321 762//1321
f 657//1322 762//1322 763//1322
f 657//1323 763//1323 764//1323
f 655//1324 657//1324 764//1324
f 653//1325 655//1325 764//1325
f 653//1326 764//1326 765//1326
f 653//1327 765//1327 766//1327
f 650//1328 653//1328 766//1328
f 649//1329 766//1329 767//1329
f 649//1330 650//1330 766//1330
f 646//1331 767//1331 768//1331
f 646//1332 649//1332 767//1332
f 645//1333 768//1333 769//1333
f 645//1334 646//1334 768//1334
f 643//1335 769//1335 770//1335
f 643//1336 645//1336 769//1336
f 641//1337 770//1337 771//1337
f 641//1338 643//1338 770//1338
f 638//1339 771//1339 772//1339
f 638//1340 772//1340 773//1340
f 638//1341 641//1341 771//1341
f 637//1342 638//1342 773//1342
f 635//1343 773//1343 774//1343
f 635//1344 774//1344 775//1344
f 635//1345 637//1345 773//1345
f 632//1346 635//1346 775//1346
f 631//1347 775//1347 776//1347
f 631//1348 632//1348 775//1348
f 629//1349 776//1349 777//1349
f 629//1350 777//1350 778//1350
f 629//1351 631//1351 776//1351
f 626//1352 629//1352 778//1352
f 625//1353 626//1353 778//1353
f 625//1354 778//1354 779//1354
f 623//1355 625//1355 779//1355
f 623//1356 779//1356 780//1356
f 623//1357 780//1357 781//1357
f 621//1358 623//1358 781//1358
f 619//1359 621//1359 781//1359
f 619//1360 781//1360 782//1360
f 617//1361 619//1361 782//1361
f 617//1362 782//1362 783//1362
f 615//1363 617//1363 783//1363
f 615//1364 783//1364 784//1364
f 613//1365 615//1365 784//1365
f 613//1366 784//1366 785//1366
f 610//1367 613//1367 785//1367
f 610//1368 785//1368 786//1368
f 610//1369 786//1369 787//1369
f 609//1370 610//1370 787//1370
f 609//1371 787//1371 788//1371
f 607//1372 609//1372 788//1372
f 604//1373 607//1373 788//1373
f 604//1374 788//1374 789//1374
f 602//1375 604//1375 789//1375
f 602//1376 789//1376 790//1376
f 602//1377 790//1377 791//1377
f 601//1378 602//1378 791//1378
f 599//1379 601//1379 791//1379
f 599//1380 791//1380 792//1380
f 599//1381 792//1381 793//1381
f 596//1382 599//1382 793//1382
f 597//1383 596//1383 793//1383
f 597//1384 793//1384 794//1384
f 592//1385 597//1385 794//1385
f 592//1386 794//1386 795//1386
f 593//1387 592//1387 795//1387
f 593//1388 795//1388 796//1388
f 589//1389 593//1389 796//1389
f 589//1390 796//1390 797//1390
f 590//1391 797//1391 798//1391
f 590//1392 589//1392 797//1392
f 591//1393 798//1393 799//1393
f 591//1394 590//1394 798//1394
f 594//1395 799//1395 800//1395
f 594//1396 591//1396 799//1396
f 595//1397 800//1397 801//1397
f 595//1398 594//1398 800//1398
f 598//1399 801//1399 802//1399
f 598//1400 595//1400 801//1400
f 600//1401 598//1401 802//1401
f 600//1402 802//1402 803//1402
f 603//1403 600//1403 803//1403
f 603//1404 803//1404 804//1404
f 605//1405 603//1405 804//1405
f 605//1406 804//1406 805//1406
f 606//1407 605//1407 805//1407
f 606//1408 805//1408 806//1408
f 608//1409 606//1409 806//1409
f 608//1410 806//1410 807//1410
f 608//1411 807//1411 808//1411
f 611//1412 608//1412 808//1412
f 611//1413 808//1413 809//1413
f 612//1414 611//1414 809//1414
f 614//1415 612//1415 809//1415
f 614//1416 809//1416 810//1416
f 616//1417 614//1417 810//1417
f 616//1418 810//1418 811//1418
f 618//1419 616//1419 811//1419
f 618//1420 811//1420 812//1420
f 620//1421 618//1421 812//1421
f 620//1422 812//1422 813//1422
f 620//1423 813//1423 814//1423
f 622//1424 620//1424 814//1424
f 624//1425 622//1425 814//1425
f 624//1426 814//1426 815//1426
f 627//1427 624//1427 815//1427
f 627//1428 815//1428 816//1428
f 627//1429 816//1429 817//1429
f 628//1430 627//1430 817//1430
f 630//1431 817//1431 818//1431
f 630//1432 628//1432 817//1432
f 633//1433 818//1433 819//1433
f 633//1434 630//1434 818//1434
f 634//1435 819//1435 820//1435
f 634//1436 633//1436 819//1436
f 636//1437 820//1437 821//1437
f 636//1438 821//1438 822//1438
f 636//1439 634//1439 820//1439
f 639//1440 636//1440 822//1440
f 640//1441 822//1441 823//1441
f 640//1442 639//1442 822//1442
f 642//1443 823//1443 824//1443
f 642//1444 640//1444 823//1444
f 644//1445 824//1445 825//1445
f 644//1446 642//1446 824//1446
f 647//1447 825//1447 826//1447
f 647//1448 644//1448 825//1448
f 648//1449 826//1449 827//1449
f 648//1450 827//1450 828//1450
f 648//1451 647//1451 826//1451
f 651//1452 648//1452 828//1452
f 652//1453 651//1453 828//1453
f 652//1454 828//1454 829//1454
f 654//1455 652//1455 829//1455
f 654//1456 829//1456 830//1456
f 656//1457 830//1457 831//1457
f 656//1458 654//1458 830//1458
f 658//1459 656//1459 831//1459
f 658//1460 831//1460 832//1460
f 660//1461 832//1461 833//1461
f 660//1462 658//1462 832//1462
f 662//1463 833//1463 834//1463
f 662//1464 660//1464 833//1464
f 664//1465 834//1465 835//1465
f 664//1466 662//1466 834//1466
f 666//1467 835//1467 836//1467
f 666//1468 664//1468 835//1468
f 668//1469 836//1469 837//1469
f 668//1470 666//1470 836//1470
f 670//1471 837//1471 838//1471
f 670//1472 838//1472 839//1472
f 670//1473 668//1473 837//1473
f 672//1474 670//1474 839//1474
f 674//1475 839//1475 840//1475
f 674//1476 840//1476 841//1476
f 674//1477 672//1477 839//1477
f 676//1478 674//1478 841//1478
f 678//1479 841//1479 842//1479
f 678//1480 676//1480 841//1480
f 680//1481 842//1481 843//1481
f 680//1482 678//1482 842//1482
f 682//1483 843//1483 844//1483
f 682//1484 680//1484 843//1484
f 685//1485 844//1485 717//1485
f 685//1486 682//1486 844//1486
f 845//1487 830//1487 829//1487
f 846//1488 828//1488 827//1488
f 846//1489 829//1489 828//1489
f 846//1490 845//1490 829//1490
f 847//1491 831//1491 830//1491
f 847//1492 832//1492 831//1492
f 847//1493 830//1493 845//1493
f 848//1494 827//1494 826//1494
f 848//1495 846//1495 827//1495
f 849//1496 833//1496 832//1496
f 849//1497 832//1497 847//1497
f 850//1498 826//1498 825//1498
f 850//1499 848//1499 826//1499
f 851//1500 833//1500 849//1500
f 851//1501 834//1501 833//1501
f 852//1502 824//1502 823//1502
f 852//1503 825//1503 824//1503
f 852//1504 850//1504 825//1504
f 853//1505 835//1505 834//1505
f 853//1506 836//1506 835//1506
f 853//1507 834//1507 851//1507
f 854//1508 823//1508 822//1508
f 854//1509 852//1509 823//1509
f 855//1510 837//1510 836//1510
f 855//1511 836//1511 853//1511
f 856//1512 821//1512 820//1512
f 856//1513 822//1513 821//1513
f 856//1514 854//1514 822//1514
f 857//1515 838//1515 837//1515
f 857//1516 839//1516 838//1516
f 857//1517 837//1517 855//1517
f 858//1518 820//1518 819//1518
f 858//1519 856//1519 820//1519
f 859//1520 840//1520 839//1520
f 859//1521 839//1521 857//1521
f 860//1522 819//1522 818//1522
f 860//1523 858//1523 819//1523
f 861//1524 841//1524 840//1524
f 861//1525 840//1525 859//1525
f 862//1526 818//1526 817//1526
f 862//1527 860//1527 818//1527
f 862//1528 817//1528 816//1528
f 863//1529 842//1529 841//1529
f 863//1530 843//1530 842//1530
f 863//1531 841//1531 861//1531
f 864//1532 862//1532 816//1532
f 864//1533 816//1533 815//1533
f 865//1534 844//1534 843//1534
f 865//1535 843//1535 863//1535
f 866//1536 864//1536 815//1536
f 866//1537 814//1537 813//1537
f 866//1538 815//1538 814//1538
f 867//1539 718//1539 717//1539
f 867//1540 717//1540 844//1540
f 867//1541 844//1541 865//1541
f 868//1542 866//1542 813//1542
f 868//1543 813//1543 812//1543
f 869//1544 719//1544 718//1544
f 869//1545 718//1545 867//1545
f 870//1546 868//1546 812//1546
f 870//1547 812//1547 811//1547
f 871//1548 720//1548 719//1548
f 871//1549 721//1549 720//1549
f 871//1550 719//1550 869//1550
f 872//1551 870//1551 811//1551
f 872//1552 810//1552 809//1552
f 872//1553 811//1553 810//1553
f 873//1554 722//1554 721//1554
f 873//1555 721//1555 871//1555
f 874//1556 872//1556 809//1556
f 874//1557 809//1557 808//1557
f 875//1558 723//1558 722//1558
f 875//1559 722//1559 873//1559
f 876//1560 874//1560 808//1560
f 876//1561 807//1561 806//1561
f 876//1562 808//1562 807//1562
f 877//1563 723//1563 875//1563
f 877//1564 724//1564 723//1564
f 877//1565 725//1565 724//1565
f 878//1566 806//1566 805//1566
f 878//1567 876//1567 806//1567
f 879//1568 726//1568 725//1568
f 879//1569 725//1569 877//1569
f 880//1570 805//1570 804//1570
f 880//1571 878//1571 805//1571
f 881//1572 727//1572 726//1572
f 881//1573 728//1573 727//1573
f 881//1574 726//1574 879//1574
f 882//1575 880//1575 804//1575
f 882//1576 803//1576 802//1576
f 882//1577 804//1577 803//1577
f 883//1578 728//1578 881//1578
f 883//1579 729//1579 728//1579
f 884//1580 882//1580 802//1580
f 884//1581 802//1581 801//1581
f 885//1582 730//1582 729//1582
f 885//1583 729//1583 883//1583
f 886//1584 884//1584 801//1584
f 886//1585 800//1585 799//1585
f 886//1586 801//1586 800//1586
f 887//1587 731//1587 730//1587
f 887//1588 732//1588 731//1588
f 887//1589 730//1589 885//1589
f 888//1590 886//1590 799//1590
f 888//1591 799//1591 798//1591
f 889//1592 732//1592 887//1592
f 890//1593 888//1593 798//1593
f 733//1594 732//1594 889//1594
f 797//1595 890//1595 798//1595
f 891//1596 733//1596 889//1596
f 734//1597 733//1597 891//1597
f 796//1598 890//1598 797//1598
f 796//1599 892//1599 890//1599
f 735//1600 891//1600 893//1600
f 735//1601 734//1601 891//1601
f 795//1602 892//1602 796//1602
f 795//1603 894//1603 892//1603
f 736//1604 893//1604 895//1604
f 736//1605 735//1605 893//1605
f 794//1606 894//1606 795//1606
f 794//1607 896//1607 894//1607
f 737//1608 895//1608 897//1608
f 737//1609 736//1609 895//1609
f 793//1610 896//1610 794//1610
f 738//1611 737//1611 897//1611
f 792//1612 896//1612 793//1612
f 792//1613 898//1613 896//1613
f 739//1614 897//1614 899//1614
f 739//1615 738//1615 897//1615
f 791//1616 900//1616 898//1616
f 791//1617 898//1617 792//1617
f 740//1618 899//1618 901//1618
f 740//1619 739//1619 899//1619
f 790//1620 900//1620 791//1620
f 741//1621 740//1621 901//1621
f 789//1622 902//1622 900//1622
f 789//1623 900//1623 790//1623
f 742//1624 741//1624 901//1624
f 742//1625 901//1625 903//1625
f 788//1626 902//1626 789//1626
f 788//1627 904//1627 902//1627
f 743//1628 742//1628 903//1628
f 743//1629 903//1629 905//1629
f 787//1630 904//1630 788//1630
f 787//1631 906//1631 904//1631
f 744//1632 743//1632 905//1632
f 744//1633 905//1633 907//1633
f 786//1634 906//1634 787//1634
f 745//1635 744//1635 907//1635
f 785//1636 906//1636 786//1636
f 785//1637 908//1637 906//1637
f 746//1638 907//1638 909//1638
f 746//1639 745//1639 907//1639
f 784//1640 910//1640 908//1640
f 784//1641 908//1641 785//1641
f 747//1642 909//1642 911//1642
f 747//1643 746//1643 909//1643
f 783//1644 910//1644 784//1644
f 748//1645 747//1645 911//1645
f 782//1646 912//1646 910//1646
f 782//1647 910//1647 783//1647
f 749//1648 911//1648 913//1648
f 749//1649 748//1649 911//1649
f 781//1650 914//1650 912//1650
f 781//1651 912//1651 782//1651
f 750//1652 913//1652 915//1652
f 750//1653 749//1653 913//1653
f 780//1654 916//1654 914//1654
f 780//1655 914//1655 781//1655
f 751//1656 915//1656 917//1656
f 751//1657 750//1657 915//1657
f 779//1658 916//1658 780//1658
f 752//1659 751//1659 917//1659
f 778//1660 916//1660 779//1660
f 778//1661 918//1661 916//1661
f 753//1662 917//1662 919//1662
f 753//1663 752//1663 917//1663
f 777//1664 918//1664 778//1664
f 777//1665 920//1665 918//1665
f 754//1666 753//1666 919//1666
f 754//1667 919//1667 921//1667
f 776//1668 920//1668 777//1668
f 755//1669 754//1669 921//1669
f 775//1670 922//1670 920//1670
f 775//1671 920//1671 776//1671
f 756//1672 755//1672 921//1672
f 756//1673 921//1673 923//1673
f 774//1674 922//1674 775//1674
f 774//1675 924//1675 922//1675
f 773//1676 924//1676 774//1676
f 773//1677 925//1677 924//1677
f 757//1678 756//1678 923//1678
f 757//1679 923//1679 926//1679
f 758//1680 926//1680 927//1680
f 758//1681 757//1681 926//1681
f 772//1682 925//1682 773//1682
f 759//1683 758//1683 927//1683
f 771//1684 925//1684 772//1684
f 771//1685 928//1685 925//1685
f 760//1686 759//1686 927//1686
f 760//1687 927//1687 929//1687
f 770//1688 928//1688 771//1688
f 770//1689 930//1689 928//1689
f 769//1690 930//1690 770//1690
f 761//1691 760//1691 929//1691
f 761//1692 929//1692 931//1692
f 762//1693 761//1693 931//1693
f 768//1694 930//1694 769//1694
f 768//1695 932//1695 930//1695
f 767//1696 932//1696 768//1696
f 767//1697 933//1697 932//1697
f 763//1698 762//1698 931//1698
f 763//1699 931//1699 934//1699
f 766//1700 933//1700 767//1700
f 766//1701 935//1701 933//1701
f 764//1702 763//1702 934//1702
f 764//1703 934//1703 935//1703
f 765//1704 935//1704 766//1704
f 765//1705 764//1705 935//1705
f 869//1706 936//1706 937//1706
f 869//1707 867//1707 936//1707
f 871//1708 937//1708 938//1708
f 871//1709 869//1709 937//1709
f 873//1710 938//1710 939//1710
f 873//1711 871//1711 938//1711
f 875//1712 873//1712 939//1712
f 875//1713 939//1713 940//1713
f 877//1714 875//1714 940//1714
f 877//1715 940//1715 941//1715
f 879//1716 941//1716 942//1716
f 879//1717 877//1717 941//1717
f 881//1718 942//1718 943//1718
f 881//1719 879//1719 942//1719
f 883//1720 943//1720 944//1720
f 883//1721 881//1721 943//1721
f 885//1722 944//1722 945//1722
f 885//1723 883//1723 944//1723
f 887//1724 945//1724 946//1724
f 887//1725 885//1725 945//1725
f 889//1726 946//1726 947//1726
f 889//1727 887//1727 946//1727
f 891//1728 947//1728 948//1728
f 891//1729 889//1729 947//1729
f 893//1730 948//1730 949//1730
f 893//1731 891//1731 948//1731
f 895//1732 949//1732 950//1732
f 895//1733 950//1733 951//1733
f 895//1734 893//1734 949//1734
f 897//1735 895//1735 951//1735
f 899//1736 951//1736 952//1736
f 899//1737 897//1737 951//1737
f 901//1738 952//1738 953//1738
f 901//1739 899//1739 952//1739
f 903//1740 953//1740 954//1740
f 903//1741 901//1741 953//1741
f 905//1742 954//1742 955//1742
f 905//1743 903//1743 954//1743
f 907//1744 955//1744 956//1744
f 907//1745 905//1745 955//1745
f 909//1746 956//1746 957//1746
f 909//1747 907//1747 956//1747
f 911//1748 957//1748 958//1748
f 911//1749 958//1749 959//1749
f 911//1750 909//1750 957//1750
f 913//1751 911//1751 959//1751
f 915//1752 959//1752 960//1752
f 915//1753 913//1753 959//1753
f 917//1754 960//1754 961//1754
f 917//1755 915//1755 960//1755
f 919//1756 961//1756 962//1756
f 919//1757 917//1757 961//1757
f 921//1758 962//1758 963//1758
f 921//1759 919//1759 962//1759
f 923//1760 963//1760 964//1760
f 923//1761 964//1761 965//1761
f 923//1762 921//1762 963//1762
f 926//1763 923//1763 965//1763
f 927//1764 926//1764 965//1764
f 927//1765 965//1765 966//1765
f 927//1766 966//1766 967//1766
f 929//1767 927//1767 967//1767
f 931//1768 929//1768 967//1768
f 931//1769 967//1769 968//1769
f 934//1770 931//1770 968//1770
f 934//1771 968//1771 969//1771
f 935//1772 934//1772 969//1772
f 935//1773 969//1773 970//1773
f 935//1774 970//1774 971//1774
f 933//1775 935//1775 971//1775
f 932//1776 933//1776 971//1776
f 932//1777 971//1777 972//1777
f 932//1778 972//1778 973//1778
f 930//1779 932//1779 973//1779
f 928//1780 930//1780 973//1780
f 928//1781 973//1781 974//1781
f 928//1782 974//1782 975//1782
f 925//1783 928//1783 975//1783
f 924//1784 975//1784 976//1784
f 924//1785 925//1785 975//1785
f 924//1786 976//1786 977//1786
f 922//1787 924//1787 977//1787
f 920//1788 977//1788 978//1788
f 920//1789 922//1789 977//1789
f 918//1790 978//1790 979//1790
f 918//1791 920//1791 978//1791
f 916//1792 979//1792 980//1792
f 916//1793 918//1793 979//1793
f 914//1794 980//1794 981//1794
f 914//1795 981//1795 982//1795
f 914//1796 916//1796 980//1796
f 912//1797 982//1797 983//1797
f 912//1798 914//1798 982//1798
f 910//1799 912//1799 983//1799
f 908//1800 983//1800 984//1800
f 908//1801 984//1801 985//1801
f 908//1802 910//1802 983//1802
f 906//1803 908//1803 985//1803
f 904//1804 985//1804 986//1804
f 904//1805 986//1805 987//1805
f 904//1806 906//1806 985//1806
f 902//1807 904//1807 987//1807
f 900//1808 987//1808 988//1808
f 900//1809 988//1809 989//1809
f 900//1810 902//1810 987//1810
f 898//1811 989//1811 990//1811
f 898//1812 900//1812 989//1812
f 896//1813 990//1813 991//1813
f 896//1814 898//1814 990//1814
f 894//1815 896//1815 991//1815
f 892//1816 894//1816 991//1816
f 892//1817 991//1817 992//1817
f 892//1818 992//1818 993//1818
f 890//1819 892//1819 993//1819
f 890//1820 993//1820 994//1820
f 888//1821 890//1821 994//1821
f 886//1822 888//1822 994//1822
f 886//1823 994//1823 995//1823
f 884//1824 886//1824 995//1824
f 884//1825 995//1825 996//1825
f 884//1826 996//1826 997//1826
f 882//1827 884//1827 997//1827
f 882//1828 997//1828 998//1828
f 880//1829 882//1829 998//1829
f 880//1830 998//1830 999//1830
f 878//1831 880//1831 999//1831
f 876//1832 878//1832 999//1832
f 876//1833 999//1833 1000//1833
f 876//1834 1000//1834 1001//1834
f 874//1835 876//1835 1001//1835
f 872//1836 874//1836 1001//1836
f 872//1837 1001//1837 1002//1837
f 870//1838 872//1838 1002//1838
f 870//1839 1002//1839 1003//1839
f 868//1840 870//1840 1003//1840
f 868//1841 1003//1841 1004//1841
f 868//1842 1004//1842 1005//1842
f 866//1843 868//1843 1005//1843
f 866//1844 1005//1844 1006//1844
f 864//1845 866//1845 1006//1845
f 862//1846 864//1846 1006//1846
f 862//1847 1006//1847 1007//1847
f 862//1848 1007//1848 1008//1848
f 860//1849 862//1849 1008//1849
f 858//1850 1008//1850 1009//1850
f 858//1851 860//1851 1008//1851
f 856//1852 1009//1852 1010//1852
f 856//1853 858//1853 1009//1853
f 854//1854 1010//1854 1011//1854
f 854//1855 856//1855 1010//1855
f 852//1856 1011//1856 1012//1856
f 852//1857 854//1857 1011//1857
f 850//1858 1012//1858 1013//1858
f 850//1859 1013//1859 1014//1859
f 850//1860 852//1860 1012//1860
f 848//1861 850//1861 1014//1861
f 846//1862 1014//1862 1015//1862
f 846//1863 1015//1863 1016//1863
f 846//1864 848//1864 1014//1864
f 845//1865 846//1865 1016//1865
f 845//1866 1016//1866 1017//1866
f 847//1867 845//1867 1017//1867
f 847//1868 1017//1868 1018//1868
f 849//1869 847//1869 1018//1869
f 851//1870 849//1870 1018//1870
f 851//1871 1018//1871 1019//1871
f 851//1872 1019//1872 1020//1872
f 853//1873 851//1873 1020//1873
f 855//1874 853//1874 1020//1874
f 855//1875 1020//1875 1021//1875
f 857//1876 855//1876 1021//1876
f 857//1877 1021//1877 1022//1877
f 859//1878 857//1878 1022//1878
f 859//1879 1022//1879 1023//1879
f 861//1880 859//1880 1023//1880
f 861//1881 1023//1881 1024//1881
f 861//1882 1024//1882 1025//1882
f 863//1883 861//1883 1025//1883
f 865//1884 863//1884 1025//1884
f 865//1885 1025//1885 1026//1885
f 867//1886 865//1886 1026//1886
f 867//1887 1026//1887 936//1887
f 131//1888 1016//1888 1015//1888
f 131//1889 1017//1889 1016//1889
f 129//1890 1015//1890 1014//1890
f 129//1891 131//1891 1015//1891
f 133//1892 1018//1892 1017//1892
f 133//1893 1017//1893 131//1893
f 127//1894 129//1894 1014//1894
f 127//1895 1014//1895 1013//1895
f 135//1896 1018//1896 133//1896
f 135//1897 1019//1897 1018//1897
f 125//1898 127//1898 1013//1898
f 125//1899 1013//1899 1012//1899
f 137//1900 1019//1900 135//1900
f 137//1901 1020//1901 1019//1901
f 123//1902 125//1902 1012//1902
f 123//1903 1011//1903 1010//1903
f 123//1904 1012//1904 1011//1904
f 139//1905 1020//1905 137//1905
f 139//1906 1021//1906 1020//1906
f 121//1907 123//1907 1010//1907
f 121//1908 1010//1908 1009//1908
f 141//1909 1021//1909 139//1909
f 141//1910 1022//1910 1021//1910
f 141//1911 1023//1911 1022//1911
f 119//1912 121//1912 1009//1912
f 119//1913 1009//1913 1008//1913
f 144//1914 1023//1914 141//1914
f 144//1915 1024//1915 1023//1915
f 117//1916 119//1916 1008//1916
f 117//1917 1008//1917 1007//1917
f 145//1918 1024//1918 144//1918
f 145//1919 1025//1919 1024//1919
f 115//1920 117//1920 1007//1920
f 115//1921 1006//1921 1005//1921
f 115//1922 1007//1922 1006//1922
f 147//1923 1025//1923 145//1923
f 147//1924 1026//1924 1025//1924
f 113//1925 115//1925 1005//1925
f 113//1926 1005//1926 1004//1926
f 1//1927 937//1927 936//1927
f 1//1928 1026//1928 147//1928
f 1//1929 936//1929 1026//1929
f 111//1930 113//1930 1004//1930
f 111//1931 1004//1931 1003//1931
f 4//1932 938//1932 937//1932
f 4//1933 937//1933 1//1933
f 109//1934 1003//1934 1002//1934
f 109//1935 111//1935 1003//1935
f 5//1936 939//1936 938//1936
f 5//1937 938//1937 4//1937
f 107//1938 1002//1938 1001//1938
f 107//1939 109//1939 1002//1939
f 7//1940 940//1940 939//1940
f 7//1941 939//1941 5//1941
f 106//1942 1000//1942 999//1942
f 106//1943 1001//1943 1000//1943
f 106//1944 107//1944 1001//1944
f 9//1945 941//1945 940//1945
f 9//1946 942//1946 941//1946
f 9//1947 940//1947 7//1947
f 104//1948 106//1948 999//1948
f 104//1949 999//1949 998//1949
f 12//1950 943//1950 942//1950
f 12//1951 942//1951 9//1951
f 101//1952 998//1952 997//1952
f 101//1953 104//1953 998//1953
f 13//1954 944//1954 943//1954
f 13//1955 943//1955 12//1955
f 99//1956 101//1956 997//1956
f 99//1957 997//1957 996//1957
f 15//1958 944//1958 13//1958
f 15//1959 945//1959 944//1959
f 97//1960 99//1960 996//1960
f 97//1961 996//1961 995//1961
f 994//1962 97//1962 995//1962
f 18//1963 945//1963 15//1963
f 18//1964 946//1964 945//1964
f 95//1965 97//1965 994//1965
f 19//1966 947//1966 946//1966
f 19//1967 946//1967 18//1967
f 993//1968 95//1968 994//1968
f 93//1969 95//1969 993//1969
f 948//1970 19//1970 21//1970
f 948//1971 947//1971 19//1971
f 992//1972 93//1972 993//1972
f 91//1973 93//1973 992//1973
f 949//1974 21//1974 24//1974
f 949//1975 948//1975 21//1975
f 991//1976 89//1976 91//1976
f 991//1977 91//1977 992//1977
f 950//1978 24//1978 25//1978
f 950//1979 949//1979 24//1979
f 990//1980 89//1980 991//1980
f 951//1981 25//1981 28//1981
f 951//1982 950//1982 25//1982
f 989//1983 87//1983 89//1983
f 989//1984 89//1984 990//1984
f 952//1985 951//1985 28//1985
f 988//1986 85//1986 87//1986
f 988//1987 87//1987 989//1987
f 953//1988 28//1988 29//1988
f 953//1989 952//1989 28//1989
f 987//1990 83//1990 85//1990
f 987//1991 85//1991 988//1991
f 954//1992 29//1992 31//1992
f 954//1993 953//1993 29//1993
f 986//1994 81//1994 83//1994
f 986//1995 83//1995 987//1995
f 955//1996 31//1996 34//1996
f 955//1997 954//1997 31//1997
f 985//1998 79//1998 81//1998
f 985//1999 81//1999 986//1999
f 956//2000 34//2000 35//2000
f 956//2001 955//2001 34//2001
f 984//2002 79//2002 985//2002
f 957//2003 956//2003 35//2003
f 983//2004 79//2004 984//2004
f 983//2005 77//2005 79//2005
f 958//2006 35//2006 37//2006
f 958//2007 957//2007 35//2007
f 982//2008 75//2008 77//2008
f 982//2009 77//2009 983//2009
f 959//2010 37//2010 39//2010
f 959//2011 958//2011 37//2011
f 981//2012 75//2012 982//2012
f 981//2013 74//2013 75//2013
f 960//2014 39//2014 41//2014
f 960//2015 959//2015 39//2015
f 980//2016 71//2016 74//2016
f 980//2017 74//2017 981//2017
f 961//2018 41//2018 43//2018
f 961//2019 960//2019 41//2019
f 979//2020 71//2020 980//2020
f 962//2021 43//2021 45//2021
f 962//2022 961//2022 43//2022
f 978//2023 70//2023 71//2023
f 978//2024 71//2024 979//2024
f 963//2025 962//2025 45//2025
f 977//2026 67//2026 70//2026
f 977//2027 70//2027 978//2027
f 964//2028 45//2028 47//2028
f 964//2029 963//2029 45//2029
f 976//2030 65//2030 67//2030
f 976//2031 67//2031 977//2031
f 965//2032 47//2032 50//2032
f 965//2033 964//2033 47//2033
f 975//2034 64//2034 65//2034
f 975//2035 65//2035 976//2035
f 966//2036 50//2036 51//2036
f 966//2037 965//2037 50//2037
f 974//2038 61//2038 64//2038
f 974//2039 64//2039 975//2039
f 967//2040 51//2040 54//2040
f 967//2041 966//2041 51//2041
f 973//2042 61//2042 974//2042
f 968//2043 967//2043 54//2043
f 972//2044 59//2044 61//2044
f 972//2045 61//2045 973//2045
f 969//2046 54//2046 55//2046
f 969//2047 968//2047 54//2047
f 971//2048 57//2048 59//2048
f 971//2049 59//2049 972//2049
f 970//2050 969//2050 55//2050
f 970//2051 55//2051 57//2051
f 970//2052 57//2052 971//2052
