# Created by FreeCAD <https://www.freecad.org>
v 0.000000 16.471340 2.544155
v 0.000000 16.666666 0.000000
v 90.000000 16.666666 0.000000
v 90.000000 16.471340 2.544155
v 0.000000 15.889940 5.028677
v 90.000000 15.889940 5.028677
v 90.000000 14.936092 7.395330
v 0.000000 14.936092 7.395330
v 0.000000 13.632156 9.588644
v 90.000000 13.632156 9.588644
v 90.000000 12.008694 11.557208
v 0.000000 12.008694 11.557208
v 0.000000 10.103757 13.254881
v 90.000000 10.103757 13.254881
v 90.000000 7.961997 14.641870
v 0.000000 7.961997 14.641870
v 0.000000 5.633615 15.685667
v 90.000000 5.633615 15.685667
v 90.000000 3.173185 16.361805
v 0.000000 3.173185 16.361805
v 0.000000 0.638379 16.654436
v 90.000000 0.638379 16.654436
v 90.000000 -1.911390 16.556702
v 0.000000 -1.911390 16.556702
v 90.000000 -4.416358 16.070892
v 0.000000 -4.416358 16.070892
v 0.000000 -6.817811 15.208394
v 90.000000 -6.817811 15.208394
v 0.000000 -9.059459 13.989424
v 90.000000 -9.059459 13.989424
v 0.000000 -11.088761 12.442554
v 90.000000 -11.088761 12.442554
v 0.000000 -12.858153 10.604041
v 90.000000 -12.858153 10.604041
v 0.000000 -14.326160 8.516978
v 90.000000 -14.326160 8.516978
v 0.000000 -15.458374 6.230285
v 90.000000 -15.458374 6.230285
v 0.000000 -16.228256 3.797559
v 90.000000 -16.228256 3.797559
v 0.000000 -16.617764 1.275821
v 90.000000 -16.617764 1.275821
v 0.000000 -16.617764 -1.275821
v 90.000000 -16.617764 -1.275821
v 0.000000 -16.228256 -3.797559
v 90.000000 -16.228256 -3.797559
v 0.000000 -15.458374 -6.230285
v 90.000000 -15.458374 -6.230285
v 0.000000 -14.326160 -8.516978
v 90.000000 -14.326160 -8.516978
v 90.000000 -12.858153 -10.604041
v 0.000000 -12.858153 -10.604041
v 0.000000 -11.088761 -12.442554
v 90.000000 -11.088761 -12.442554
v 90.000000 -9.059459 -13.989424
v 0.000000 -9.059459 -13.989424
v 0.000000 -6.817811 -15.208394
v 90.000000 -6.817811 -15.208394
v 0.000000 -4.416358 -16.070892
v 90.000000 -4.416358 -16.070892
v 90.000000 -1.911390 -16.556702
v 0.000000 -1.911390 -16.556702
v 90.000000 0.638379 -16.654436
v 0.000000 0.638379 -16.654436
v 0.000000 3.173185 -16.361805
v 90.000000 3.173185 -16.361805
v 90.000000 5.633615 -15.685667
v 0.000000 5.633615 -15.685667
v 0.000000 7.961997 -14.641870
v 90.000000 7.961997 -14.641870
v 0.000000 10.103757 -13.254881
v 90.000000 10.103757 -13.254881
v 0.000000 12.008694 -11.557208
v 90.000000 12.008694 -11.557208
v 90.000000 13.632156 -9.588644
v 0.000000 13.632156 -9.588644
v 0.000000 14.936092 -7.395330
v 90.000000 14.936092 -7.395330
v 0.000000 15.889940 -5.028677
v 90.000000 15.889940 -5.028677
v 90.000000 16.471340 -2.544155
v 0.000000 16.471340 -2.544155
v 90.000000 -18.099483 -18.665710
v 90.000000 -15.668501 -20.748447
v 90.000000 -22.105646 -13.687236
v 90.000000 -20.256096 -16.300018
v 90.000000 -13.000000 -22.516661
v 90.000000 -23.620096 -10.866969
v 90.000000 -10.134433 -23.943544
v 90.000000 -24.776491 -7.881969
v 90.000000 -7.115238 -25.007467
v 90.000000 -3.988183 -25.692303
v 90.000000 -25.557301 -4.777487
v 90.000000 -0.800672 -25.987669
v 90.000000 -25.950687 1.600584
v 90.000000 -25.950687 -1.600584
v 90.000000 2.398977 -25.889088
v 90.000000 -25.557301 4.777487
v 90.000000 5.562260 -25.398056
v 90.000000 -24.776491 7.881969
v 90.000000 8.641225 -24.522015
v 90.000000 11.589197 -23.274246
v 90.000000 -23.620096 10.866969
v 90.000000 14.361489 -21.673662
v 90.000000 -22.105646 13.687236
v 90.000000 16.916077 -19.744528
v 90.000000 -20.256096 16.300018
v 90.000000 -18.099483 18.665710
v 90.000000 19.214231 -17.516087
v 90.000000 -15.668501 20.748447
v 90.000000 21.221119 -15.022120
v 90.000000 -13.000000 22.516661
v 90.000000 22.906317 -12.300432
v 90.000000 -10.134433 23.943544
v 90.000000 24.244278 -9.392283
v 90.000000 -7.115238 25.007467
v 90.000000 25.214720 -6.341757
v 90.000000 -3.988183 25.692303
v 90.000000 25.802933 -3.195096
v 90.000000 -0.800672 25.987669
v 90.000000 26.000000 0.000000
v 90.000000 2.398977 25.889088
v 90.000000 25.802933 3.195096
v 90.000000 5.562260 25.398056
v 90.000000 25.214720 6.341757
v 90.000000 8.641225 24.522015
v 90.000000 24.244278 9.392283
v 90.000000 11.589197 23.274246
v 90.000000 22.906317 12.300432
v 90.000000 14.361489 21.673662
v 90.000000 21.221119 15.022120
v 90.000000 16.916077 19.744528
v 90.000000 19.214231 17.516087
v 75.000000 26.000000 0.000000
v 75.000000 25.802933 3.195096
v 75.000000 25.214720 6.341757
v 75.000000 24.244278 9.392283
v 75.000000 22.906317 12.300432
v 75.000000 21.221119 15.022120
v 75.000000 19.214231 17.516087
v 75.000000 16.916077 19.744528
v 75.000000 14.361489 21.673662
v 75.000000 11.589197 23.274246
v 75.000000 8.641225 24.522015
v 75.000000 5.562260 25.398056
v 75.000000 2.398977 25.889088
v 75.000000 -0.800672 25.987669
v 75.000000 -3.988183 25.692303
v 75.000000 -7.115238 25.007467
v 75.000000 -10.134433 23.943544
v 75.000000 -13.000000 22.516661
v 75.000000 -15.668501 20.748447
v 75.000000 -18.099483 18.665710
v 75.000000 -20.256096 16.300018
v 75.000000 -22.105646 13.687236
v 75.000000 -23.620096 10.866969
v 75.000000 -24.776491 7.881969
v 75.000000 -25.557301 4.777487
v 75.000000 -25.950687 1.600584
v 75.000000 -25.950687 -1.600584
v 75.000000 -25.557301 -4.777487
v 75.000000 -24.776491 -7.881969
v 75.000000 -23.620096 -10.866969
v 75.000000 -22.105646 -13.687236
v 75.000000 -20.256096 -16.300018
v 75.000000 -18.099483 -18.665710
v 75.000000 -15.668501 -20.748447
v 75.000000 -13.000000 -22.516661
v 75.000000 -10.134433 -23.943544
v 75.000000 -7.115238 -25.007467
v 75.000000 -3.988183 -25.692303
v 75.000000 -0.800672 -25.987669
v 75.000000 2.398977 -25.889088
v 75.000000 5.562260 -25.398056
v 75.000000 8.641225 -24.522015
v 75.000000 11.589197 -23.274246
v 75.000000 14.361489 -21.673662
v 75.000000 16.916077 -19.744528
v 75.000000 19.214231 -17.516087
v 75.000000 21.221119 -15.022120
v 75.000000 22.906317 -12.300432
v 75.000000 24.244278 -9.392283
v 75.000000 25.214720 -6.341757
v 75.000000 25.802933 -3.195096
v 75.000000 -34.325256 -33.552597
v 75.000000 -31.131941 -36.534946
v 75.000000 -39.834496 -26.780834
v 75.000000 -37.234142 -30.292221
v 75.000000 -27.680655 -39.214554
v 75.000000 -42.104763 -23.047533
v 75.000000 -24.000000 -41.569218
v 75.000000 -20.120474 -43.579430
v 75.000000 -44.026142 -19.123253
v 75.000000 -16.074221 -45.228523
v 75.000000 -46.761555 -10.833138
v 75.000000 -45.582706 -15.040510
v 75.000000 -11.894773 -46.502842
v 75.000000 -47.552925 -6.535999
v 75.000000 -7.616762 -47.391823
v 75.000000 -3.275636 -47.888100
v 75.000000 -47.950256 -2.184701
v 75.000000 1.092633 -47.987564
v 75.000000 -47.552925 6.535999
v 75.000000 -47.950256 2.184701
v 75.000000 5.451849 -47.689384
v 75.000000 -46.761555 10.833138
v 75.000000 9.765888 -46.996037
v 75.000000 13.999005 -45.913265
v 75.000000 -44.026142 19.123253
v 75.000000 -45.582706 15.040510
v 75.000000 18.116121 -44.450043
v 75.000000 -42.104763 23.047533
v 75.000000 22.083122 -42.618492
v 75.000000 -39.834496 26.780834
v 75.000000 25.867134 -40.433788
v 75.000000 29.436804 -37.914043
v 75.000000 -37.234142 30.292221
v 75.000000 32.762550 -35.080128
v 75.000000 -34.325256 33.552597
v 75.000000 35.816818 -31.955526
v 75.000000 -31.131941 36.534946
v 75.000000 38.574295 -28.566132
v 75.000000 -27.680655 39.214554
v 75.000000 41.012131 -24.940029
v 75.000000 -24.000000 41.569218
v 75.000000 43.110130 -21.107267
v 75.000000 -20.120474 43.579430
v 75.000000 44.850903 -17.099602
v 75.000000 -16.074221 45.228523
v 75.000000 46.220028 -12.950245
v 75.000000 -11.894773 46.502842
v 75.000000 47.206161 -8.693578
v 75.000000 -7.616762 47.391823
v 75.000000 47.801128 -4.364873
v 75.000000 -3.275636 47.888100
v 75.000000 48.000000 0.000000
v 75.000000 1.092633 47.987564
v 75.000000 47.801128 4.364873
v 75.000000 5.451849 47.689384
v 75.000000 47.206161 8.693578
v 75.000000 9.765888 46.996037
v 75.000000 46.220028 12.950245
v 75.000000 13.999005 45.913265
v 75.000000 44.850903 17.099602
v 75.000000 18.116121 44.450043
v 75.000000 43.110130 21.107267
v 75.000000 22.083122 42.618492
v 75.000000 41.012131 24.940029
v 75.000000 25.867134 40.433788
v 75.000000 38.574295 28.566132
v 75.000000 29.436804 37.914043
v 75.000000 35.816818 31.955526
v 75.000000 32.762550 35.080128
v 33.000000 48.000000 0.000000
v 33.000000 47.801128 4.364873
v 33.000000 47.206161 8.693578
v 33.000000 46.220028 12.950245
v 33.000000 44.850903 17.099602
v 33.000000 43.110130 21.107267
v 33.000000 41.012131 24.940029
v 33.000000 38.574295 28.566132
v 33.000000 35.816818 31.955526
v 33.000000 32.762550 35.080128
v 33.000000 29.436804 37.914043
v 33.000000 25.867134 40.433788
v 33.000000 22.083122 42.618492
v 33.000000 18.116121 44.450043
v 33.000000 13.999005 45.913265
v 33.000000 9.765888 46.996037
v 33.000000 5.451849 47.689384
v 33.000000 1.092633 47.987564
v 33.000000 -3.275636 47.888100
v 33.000000 -7.616762 47.391823
v 33.000000 -11.894773 46.502842
v 33.000000 -16.074221 45.228523
v 33.000000 -20.120474 43.579430
v 33.000000 -24.000000 41.569218
v 33.000000 -27.680655 39.214554
v 33.000000 -31.131941 36.534946
v 33.000000 -34.325256 33.552597
v 33.000000 -37.234142 30.292221
v 33.000000 -39.834496 26.780834
v 33.000000 -42.104763 23.047533
v 33.000000 -44.026142 19.123253
v 33.000000 -45.582706 15.040510
v 33.000000 -46.761555 10.833138
v 33.000000 -47.552925 6.535999
v 33.000000 -47.950256 2.184701
v 33.000000 -47.950256 -2.184701
v 33.000000 -47.552925 -6.535999
v 33.000000 -46.761555 -10.833138
v 33.000000 -45.582706 -15.040510
v 33.000000 -44.026142 -19.123253
v 33.000000 -42.104763 -23.047533
v 33.000000 -39.834496 -26.780834
v 33.000000 -37.234142 -30.292221
v 33.000000 -34.325256 -33.552597
v 33.000000 -31.131941 -36.534946
v 33.000000 -27.680655 -39.214554
v 33.000000 -24.000000 -41.569218
v 33.000000 -20.120474 -43.579430
v 33.000000 -16.074221 -45.228523
v 33.000000 -11.894773 -46.502842
v 33.000000 -7.616762 -47.391823
v 33.000000 -3.275636 -47.888100
v 33.000000 1.092633 -47.987564
v 33.000000 5.451849 -47.689384
v 33.000000 9.765888 -46.996037
v 33.000000 13.999005 -45.913265
v 33.000000 18.116121 -44.450043
v 33.000000 22.083122 -42.618492
v 33.000000 25.867134 -40.433788
v 33.000000 29.436804 -37.914043
v 33.000000 32.762550 -35.080128
v 33.000000 35.816818 -31.955526
v 33.000000 38.574295 -28.566132
v 33.000000 41.012131 -24.940029
v 33.000000 43.110130 -21.107267
v 33.000000 44.850903 -17.099602
v 33.000000 46.220028 -12.950245
v 33.000000 47.206161 -8.693578
v 33.000000 47.801128 -4.364873
v 33.000000 -36.508953 -34.162792
v 33.000000 -33.346775 -37.255772
v 33.000000 -29.923616 -40.057175
v 33.000000 -39.385399 -30.802441
v 33.000000 -26.266262 -42.545074
v 33.000000 -41.953598 -27.201019
v 33.000000 -22.403339 -44.700005
v 33.000000 -44.193455 -23.386713
v 33.000000 -18.365080 -46.505096
v 33.000000 -46.087440 -19.389376
v 33.000000 -14.183089 -47.946220
v 33.000000 -47.620728 -15.240289
v 33.000000 -9.890096 -49.012100
v 33.000000 -48.781315 -10.971926
v 33.000000 -5.519700 -49.694397
v 33.000000 -49.560127 -6.617693
v 33.000000 -1.106104 -49.987762
v 33.000000 -49.951061 -2.211667
v 33.000000 3.316148 -49.889912
v 33.000000 -49.951061 2.211667
v 33.000000 -49.560127 6.617693
v 33.000000 7.712447 -49.401600
v 33.000000 -48.781315 10.971926
v 33.000000 12.048385 -48.526657
v 33.000000 -47.620728 15.240289
v 33.000000 16.290030 -47.271927
v 33.000000 -46.087440 19.389376
v 33.000000 20.404181 -45.647228
v 33.000000 -44.193455 23.386713
v 33.000000 24.358643 -43.665279
v 33.000000 -41.953598 27.201019
v 33.000000 28.122465 -41.341591
v 33.000000 -39.385399 30.802441
v 33.000000 31.666191 -38.694347
v 33.000000 -36.508953 34.162792
v 33.000000 34.962086 -35.744267
v 33.000000 -33.346775 37.255772
v 33.000000 37.984356 -32.514439
v 33.000000 -29.923616 40.057175
v 33.000000 40.709343 -29.030144
v 33.000000 -26.266262 42.545074
v 33.000000 43.115730 -25.318647
v 33.000000 -22.403339 44.700005
v 33.000000 45.184673 -21.408998
v 33.000000 -18.365080 46.505096
v 33.000000 46.899986 -17.331797
v 33.000000 -14.183089 47.946220
v 33.000000 48.248245 -13.118948
v 33.000000 -9.890096 49.012100
v 33.000000 49.218895 -8.803426
v 33.000000 -5.519700 49.694397
v 33.000000 49.804340 -4.419005
v 33.000000 -1.106104 49.987762
v 33.000000 50.000000 0.000000
v 33.000000 3.316148 49.889912
v 33.000000 49.804340 4.419005
v 33.000000 7.712447 49.401600
v 33.000000 49.218895 8.803426
v 33.000000 12.048385 48.526657
v 33.000000 48.248245 13.118948
v 33.000000 16.290030 47.271927
v 33.000000 46.899986 17.331797
v 33.000000 20.404181 45.647228
v 33.000000 45.184673 21.408998
v 33.000000 24.358643 43.665279
v 33.000000 43.115730 25.318647
v 33.000000 28.122465 41.341591
v 33.000000 40.709343 29.030144
v 33.000000 31.666191 38.694347
v 33.000000 37.984356 32.514439
v 33.000000 34.962086 35.744267
v 13.000000 50.000000 0.000000
v 13.000000 49.804340 4.419005
v 13.000000 49.218895 8.803426
v 13.000000 48.248245 13.118948
v 13.000000 46.899986 17.331797
v 13.000000 45.184673 21.408998
v 13.000000 43.115730 25.318647
v 13.000000 40.709343 29.030144
v 13.000000 37.984356 32.514439
v 13.000000 34.962086 35.744267
v 13.000000 31.666191 38.694347
v 13.000000 28.122465 41.341591
v 13.000000 24.358643 43.665279
v 13.000000 20.404181 45.647228
v 13.000000 16.290030 47.271927
v 13.000000 12.048385 48.526657
v 13.000000 7.712447 49.401600
v 13.000000 3.316148 49.889912
v 13.000000 -1.106104 49.987762
v 13.000000 -5.519700 49.694397
v 13.000000 -9.890096 49.012100
v 13.000000 -14.183089 47.946220
v 13.000000 -18.365080 46.505096
v 13.000000 -22.403339 44.700005
v 13.000000 -26.266262 42.545074
v 13.000000 -29.923616 40.057175
v 13.000000 -33.346775 37.255772
v 13.000000 -36.508953 34.162792
v 13.000000 -39.385399 30.802441
v 13.000000 -41.953598 27.201019
v 13.000000 -44.193455 23.386713
v 13.000000 -46.087440 19.389376
v 13.000000 -47.620728 15.240289
v 13.000000 -48.781315 10.971926
v 13.000000 -49.560127 6.617693
v 13.000000 -49.951061 2.211667
v 13.000000 -49.951061 -2.211667
v 13.000000 -49.560127 -6.617693
v 13.000000 -48.781315 -10.971926
v 13.000000 -47.620728 -15.240289
v 13.000000 -46.087440 -19.389376
v 13.000000 -44.193455 -23.386713
v 13.000000 -41.953598 -27.201019
v 13.000000 -39.385399 -30.802441
v 13.000000 -36.508953 -34.162792
v 13.000000 -33.346775 -37.255772
v 13.000000 -29.923616 -40.057175
v 13.000000 -26.266262 -42.545074
v 13.000000 -22.403339 -44.700005
v 13.000000 -18.365080 -46.505096
v 13.000000 -14.183089 -47.946220
v 13.000000 -9.890096 -49.012100
v 13.000000 -5.519700 -49.694397
v 13.000000 -1.106104 -49.987762
v 13.000000 3.316148 -49.889912
v 13.000000 7.712447 -49.401600
v 13.000000 12.048385 -48.526657
v 13.000000 16.290030 -47.271927
v 13.000000 20.404181 -45.647228
v 13.000000 24.358643 -43.665279
v 13.000000 28.122465 -41.341591
v 13.000000 31.666191 -38.694347
v 13.000000 34.962086 -35.744267
v 13.000000 37.984356 -32.514439
v 13.000000 40.709343 -29.030144
v 13.000000 43.115730 -25.318647
v 13.000000 45.184673 -21.408998
v 13.000000 46.899986 -17.331797
v 13.000000 48.248245 -13.118948
v 13.000000 49.218895 -8.803426
v 13.000000 49.804340 -4.419005
v 13.000000 18.224216 -17.113678
v 13.000000 15.935599 -19.262831
v 13.000000 20.225426 -14.694632
v 13.000000 13.395670 -21.108198
v 13.000000 21.907667 -12.043842
v 13.000000 10.644483 -22.620676
v 13.000000 23.244411 -9.203114
v 13.000000 7.725425 -23.776413
v 13.000000 24.214579 -6.217247
v 13.000000 4.684533 -24.557180
v 13.000000 24.802868 -3.133331
v 13.000000 1.569763 -24.950668
v 13.000000 25.000000 0.000000
v 13.000000 -1.569763 -24.950668
v 13.000000 24.802868 3.133331
v 13.000000 -4.684533 -24.557180
v 13.000000 24.214579 6.217247
v 13.000000 -7.725425 -23.776413
v 13.000000 23.244411 9.203114
v 13.000000 -10.644483 -22.620676
v 13.000000 21.907667 12.043842
v 13.000000 -13.395670 -21.108198
v 13.000000 20.225426 14.694632
v 13.000000 -15.935599 -19.262831
v 13.000000 18.224216 17.113678
v 13.000000 -18.224216 -17.113678
v 13.000000 15.935599 19.262831
v 13.000000 -20.225426 -14.694632
v 13.000000 13.395670 21.108198
v 13.000000 -21.907667 -12.043842
v 13.000000 10.644483 22.620676
v 13.000000 7.725425 23.776413
v 13.000000 -23.244411 -9.203114
v 13.000000 -24.214579 -6.217247
v 13.000000 4.684533 24.557180
v 13.000000 -24.802868 -3.133331
v 13.000000 1.569763 24.950668
v 13.000000 -25.000000 -0.000000
v 13.000000 -1.569763 24.950668
v 13.000000 -24.802868 3.133331
v 13.000000 -4.684533 24.557180
v 13.000000 -24.214579 6.217247
v 13.000000 -7.725425 23.776413
v 13.000000 -23.244411 9.203114
v 13.000000 -10.644483 22.620676
v 13.000000 -21.907667 12.043842
v 13.000000 -13.395670 21.108198
v 13.000000 -20.225426 14.694632
v 13.000000 -15.935599 19.262831
v 13.000000 -18.224216 17.113678
v 0.000000 25.000000 0.000000
v 0.000000 24.802868 3.133331
v 0.000000 24.214579 6.217247
v 0.000000 23.244411 9.203114
v 0.000000 21.907667 12.043842
v 0.000000 20.225426 14.694632
v 0.000000 18.224216 17.113678
v 0.000000 15.935599 19.262831
v 0.000000 13.395670 21.108198
v 0.000000 10.644483 22.620676
v 0.000000 7.725425 23.776413
v 0.000000 4.684533 24.557180
v 0.000000 1.569763 24.950668
v 0.000000 -1.569763 24.950668
v 0.000000 -4.684533 24.557180
v 0.000000 -7.725425 23.776413
v 0.000000 -10.644483 22.620676
v 0.000000 -13.395670 21.108198
v 0.000000 -15.935599 19.262831
v 0.000000 -18.224216 17.113678
v 0.000000 -20.225426 14.694632
v 0.000000 -21.907667 12.043842
v 0.000000 -23.244411 9.203114
v 0.000000 -24.214579 6.217247
v 0.000000 -24.802868 3.133331
v 0.000000 -25.000000 -0.000000
v 0.000000 -24.802868 -3.133331
v 0.000000 -24.214579 -6.217247
v 0.000000 -23.244411 -9.203114
v 0.000000 -21.907667 -12.043842
v 0.000000 -20.225426 -14.694632
v 0.000000 -18.224216 -17.113678
v 0.000000 -15.935599 -19.262831
v 0.000000 -13.395670 -21.108198
v 0.000000 -10.644483 -22.620676
v 0.000000 -7.725425 -23.776413
v 0.000000 -4.684533 -24.557180
v 0.000000 -1.569763 -24.950668
v 0.000000 1.569763 -24.950668
v 0.000000 4.684533 -24.557180
v 0.000000 7.725425 -23.776413
v 0.000000 10.644483 -22.620676
v 0.000000 13.395670 -21.108198
v 0.000000 15.935599 -19.262831
v 0.000000 18.224216 -17.113678
v 0.000000 20.225426 -14.694632
v 0.000000 21.907667 -12.043842
v 0.000000 23.244411 -9.203114
v 0.000000 24.214579 -6.217247
v 0.000000 24.802868 -3.133331
vn 0.000000 -0.997066 -0.076549
vn 0.000000 -0.997066 -0.076549
vn 0.000000 -0.973696 -0.227853
vn 0.000000 -0.927502 -0.373817
vn 0.000000 -0.973696 -0.227853
vn 0.000000 -0.927502 -0.373817
vn 0.000000 -0.859570 -0.511019
vn 0.000000 -0.771489 -0.636242
vn 0.000000 -0.859570 -0.511019
vn 0.000000 -0.771489 -0.636242
vn 0.000000 -0.665326 -0.746553
vn 0.000000 -0.665326 -0.746553
vn 0.000000 -0.543567 -0.839365
vn 0.000000 -0.543567 -0.839365
vn 0.000000 -0.409069 -0.912504
vn 0.000000 -0.409069 -0.912504
vn 0.000000 -0.264982 -0.964253
vn 0.000000 -0.264982 -0.964253
vn 0.000000 -0.114683 -0.993402
vn 0.000000 -0.114683 -0.993402
vn 0.000000 0.038303 -0.999266
vn 0.000000 0.038303 -0.999266
vn 0.000000 0.190391 -0.981708
vn 0.000000 0.190391 -0.981708
vn 0.000000 0.338017 -0.941140
vn 0.000000 0.338017 -0.941140
vn 0.000000 0.477720 -0.878512
vn 0.000000 0.477720 -0.878512
vn 0.000000 0.606225 -0.795293
vn 0.000000 0.606225 -0.795293
vn 0.000000 0.720521 -0.693433
vn 0.000000 0.720521 -0.693433
vn 0.000000 0.817929 -0.575319
vn 0.000000 0.817929 -0.575319
vn 0.000000 0.896166 -0.443720
vn 0.000000 0.896166 -0.443720
vn 0.000000 0.953396 -0.301720
vn 0.000000 0.953396 -0.301720
vn 0.000000 0.988280 -0.152650
vn 0.000000 0.988280 -0.152650
vn 0.000000 1.000000 0.000000
vn 0.000000 1.000000 0.000000
vn -0.000000 0.988280 0.152650
vn 0.000000 0.988280 0.152650
vn -0.000000 0.953396 0.301720
vn 0.000000 0.953396 0.301720
vn -0.000000 0.896166 0.443720
vn -0.000000 0.817929 0.575319
vn 0.000000 0.896166 0.443720
vn -0.000000 0.817929 0.575319
vn -0.000000 0.720521 0.693433
vn -0.000000 0.606225 0.795293
vn 0.000000 0.720521 0.693433
vn -0.000000 0.606225 0.795293
vn -0.000000 0.477720 0.878512
vn 0.000000 0.477720 0.878512
vn 0.000000 0.338017 0.941140
vn -0.000000 0.338017 0.941140
vn -0.000000 0.190391 0.981708
vn -0.000000 0.038303 0.999266
vn -0.000000 0.190391 0.981708
vn -0.000000 0.038303 0.999266
vn 0.000000 -0.114683 0.993402
vn 0.000000 -0.114683 0.993402
vn 0.000000 -0.264982 0.964253
vn 0.000000 -0.264982 0.964253
vn 0.000000 -0.409069 0.912504
vn 0.000000 -0.409069 0.912504
vn 0.000000 -0.543567 0.839365
vn 0.000000 -0.543567 0.839365
vn 0.000000 -0.665326 0.746553
vn 0.000000 -0.665326 0.746553
vn 0.000000 -0.771489 0.636242
vn 0.000000 -0.771489 0.636242
vn 0.000000 -0.859570 0.511019
vn 0.000000 -0.859570 0.511019
vn 0.000000 -0.927502 0.373817
vn 0.000000 -0.927502 0.373817
vn 0.000000 -0.973696 0.227853
vn 0.000000 -0.973696 0.227853
vn 0.000000 -0.997066 0.076549
vn 0.000000 -0.997066 0.076549
vn 1.000000 0.000000 0.000000
vn 1.000000 0.000000 0.000000
vn 1.000000 0.000000 0.000000
vn 1.000000 0.000000 0.000000
vn 1.000000 0.000000 0.000000
vn 1.000000 0.000000 0.000000
vn 1.000000 0.000000 0.000000
vn 1.000000 0.000000 0.000000
vn 1.000000 0.000000 0.000000
vn 1.000000 0.000000 0.000000
vn 1.000000 0.000000 0.000000
vn 1.000000 0.000000 0.000000
vn 1.000000 0.000000 0.000000
vn 1.000000 0.000000 0.000000
vn 1.000000 0.000000 0.000000
vn 1.000000 0.000000 0.000000
vn 1.000000 0.000000 0.000000
vn 1.000000 0.000000 0.000000
vn 1.000000 0.000000 0.000000
vn 1.000000 0.000000 0.000000
vn 1.000000 0.000000 0.000000
vn 1.000000 0.000000 0.000000
vn 1.000000 0.000000 0.000000
vn 1.000000 0.000000 0.000000
vn 1.000000 0.000000 0.000000
vn 1.000000 0.000000 0.000000
vn 1.000000 0.000000 0.000000
vn 1.000000 0.000000 0.000000
vn 1.000000 0.000000 0.000000
vn 1.000000 0.000000 0.000000
vn 1.000000 0.000000 0.000000
vn 1.000000 0.000000 0.000000
vn 1.000000 0.000000 0.000000
vn 1.000000 0.000000 0.000000
vn 1.000000 0.000000 0.000000
vn 1.000000 0.000000 0.000000
vn 1.000000 0.000000 0.000000
vn 1.000000 0.000000 0.000000
vn 1.000000 0.000000 0.000000
vn 1.000000 0.000000 0.000000
vn 1.000000 0.000000 0.000000
vn 1.000000 0.000000 0.000000
vn 1.000000 0.000000 0.000000
vn 1.000000 0.000000 0.000000
vn 1.000000 0.000000 0.000000
vn 1.000000 0.000000 0.000000
vn 1.000000 0.000000 0.000000
vn 1.000000 0.000000 0.000000
vn 1.000000 0.000000 0.000000
vn 1.000000 0.000000 0.000000
vn 1.000000 0.000000 0.000000
vn 1.000000 0.000000 0.000000
vn 1.000000 0.000000 0.000000
vn 1.000000 0.000000 0.000000
vn 1.000000 0.000000 0.000000
vn 1.000000 0.000000 0.000000
vn 1.000000 0.000000 0.000000
vn 1.000000 0.000000 0.000000
vn 1.000000 0.000000 0.000000
vn 1.000000 0.000000 0.000000
vn 1.000000 0.000000 0.000000
vn 1.000000 0.000000 0.000000
vn 1.000000 0.000000 0.000000
vn 1.000000 0.000000 0.000000
vn 1.000000 0.000000 0.000000
vn 1.000000 0.000000 0.000000
vn 1.000000 0.000000 0.000000
vn 1.000000 0.000000 0.000000
vn 1.000000 0.000000 0.000000
vn 1.000000 0.000000 0.000000
vn 1.000000 0.000000 0.000000
vn 1.000000 0.000000 0.000000
vn 1.000000 0.000000 0.000000
vn 1.000000 0.000000 0.000000
vn 1.000000 0.000000 0.000000
vn 1.000000 0.000000 0.000000
vn 1.000000 0.000000 0.000000
vn 1.000000 0.000000 0.000000
vn 1.000000 0.000000 0.000000
vn 1.000000 0.000000 0.000000
vn 1.000000 0.000000 0.000000
vn 1.000000 0.000000 0.000000
vn 1.000000 0.000000 0.000000
vn 1.000000 0.000000 0.000000
vn 1.000000 0.000000 0.000000
vn 1.000000 0.000000 0.000000
vn 1.000000 0.000000 0.000000
vn 1.000000 0.000000 0.000000
vn 1.000000 0.000000 0.000000
vn 1.000000 0.000000 0.000000
vn 1.000000 0.000000 0.000000
vn 1.000000 0.000000 0.000000
vn 0.000000 0.998103 0.061561
vn 0.000000 0.982973 0.183750
vn 0.000000 0.998103 0.061561
vn 0.000000 0.982973 0.183750
vn 0.000000 0.952942 0.303153
vn 0.000000 0.952942 0.303153
vn 0.000000 0.908465 0.417960
vn 0.000000 0.908465 0.417960
vn 0.000000 0.850217 0.526432
vn 0.000000 0.779081 0.626924
vn 0.000000 0.850217 0.526432
vn 0.000000 0.779081 0.626924
vn 0.000000 0.696134 0.717912
vn 0.000000 0.602635 0.798017
vn 0.000000 0.696134 0.717912
vn 0.000000 0.602635 0.798017
vn 0.000000 0.500000 0.866025
vn 0.000000 0.500000 0.866025
vn 0.000000 0.389786 0.920906
vn 0.000000 0.273663 0.961826
vn 0.000000 0.389786 0.920906
vn 0.000000 0.273663 0.961826
vn 0.000000 0.153391 0.988166
vn 0.000000 0.030795 0.999526
vn 0.000000 0.153391 0.988166
vn 0.000000 0.030795 0.999526
vn 0.000000 -0.092268 0.995734
vn 0.000000 -0.213933 0.976848
vn 0.000000 -0.092268 0.995734
vn 0.000000 -0.213933 0.976848
vn 0.000000 -0.332355 0.943154
vn 0.000000 -0.332355 0.943154
vn 0.000000 -0.445739 0.895163
vn 0.000000 -0.552365 0.833602
vn 0.000000 -0.445739 0.895163
vn 0.000000 -0.552365 0.833602
vn 0.000000 -0.650618 0.759405
vn 0.000000 -0.739009 0.673696
vn 0.000000 -0.650618 0.759405
vn 0.000000 -0.816197 0.577774
vn 0.000000 -0.739009 0.673696
vn 0.000000 -0.816197 0.577774
vn 0.000000 -0.881012 0.473093
vn 0.000000 -0.881012 0.473093
vn 0.000000 -0.932472 0.361242
vn 0.000000 -0.932472 0.361242
vn 0.000000 -0.969797 0.243914
vn 0.000000 -0.969797 0.243914
vn 0.000000 -0.992420 0.122889
vn 0.000000 -0.992420 0.122889
vn 0.000000 -1.000000 0.000000
vn 0.000000 -1.000000 0.000000
vn -0.000000 -0.992420 -0.122889
vn -0.000000 -0.992420 -0.122889
vn 0.000000 -0.969797 -0.243914
vn -0.000000 -0.969797 -0.243914
vn 0.000000 -0.932472 -0.361242
vn -0.000000 -0.932472 -0.361242
vn 0.000000 -0.881012 -0.473093
vn -0.000000 -0.881012 -0.473093
vn -0.000000 -0.816197 -0.577774
vn -0.000000 -0.816197 -0.577774
vn -0.000000 -0.739009 -0.673696
vn -0.000000 -0.650618 -0.759405
vn 0.000000 -0.739009 -0.673696
vn -0.000000 -0.650618 -0.759405
vn -0.000000 -0.552365 -0.833602
vn 0.000000 -0.552365 -0.833602
vn -0.000000 -0.445739 -0.895163
vn 0.000000 -0.445739 -0.895163
vn -0.000000 -0.332355 -0.943154
vn 0.000000 -0.332355 -0.943154
vn -0.000000 -0.213933 -0.976848
vn -0.000000 -0.092268 -0.995734
vn 0.000000 -0.213933 -0.976848
vn -0.000000 -0.092268 -0.995734
vn 0.000000 0.030795 -0.999526
vn 0.000000 0.030795 -0.999526
vn 0.000000 0.153391 -0.988166
vn 0.000000 0.273663 -0.961826
vn 0.000000 0.153391 -0.988166
vn 0.000000 0.273663 -0.961826
vn 0.000000 0.389786 -0.920906
vn 0.000000 0.389786 -0.920906
vn 0.000000 0.500000 -0.866025
vn 0.000000 0.602635 -0.798017
vn 0.000000 0.500000 -0.866025
vn 0.000000 0.602635 -0.798017
vn 0.000000 0.696134 -0.717912
vn 0.000000 0.779081 -0.626924
vn 0.000000 0.696134 -0.717912
vn 0.000000 0.779081 -0.626924
vn 0.000000 0.850217 -0.526432
vn 0.000000 0.850217 -0.526432
vn 0.000000 0.908465 -0.417960
vn 0.000000 0.952942 -0.303153
vn 0.000000 0.908465 -0.417960
vn 0.000000 0.952942 -0.303153
vn 0.000000 0.982973 -0.183750
vn 0.000000 0.982973 -0.183750
vn 0.000000 0.998103 -0.061561
vn 0.000000 0.998103 -0.061561
vn 1.000000 0.000000 0.000000
vn 1.000000 0.000000 0.000000
vn 1.000000 0.000000 0.000000
vn 1.000000 0.000000 0.000000
vn 1.000000 0.000000 0.000000
vn 1.000000 0.000000 0.000000
vn 1.000000 0.000000 0.000000
vn 1.000000 0.000000 0.000000
vn 1.000000 0.000000 0.000000
vn 1.000000 0.000000 0.000000
vn 1.000000 0.000000 0.000000
vn 1.000000 0.000000 0.000000
vn 1.000000 0.000000 0.000000
vn 1.000000 0.000000 0.000000
vn 1.000000 0.000000 0.000000
vn 1.000000 0.000000 0.000000
vn 1.000000 0.000000 0.000000
vn 1.000000 0.000000 0.000000
vn 1.000000 0.000000 0.000000
vn 1.000000 0.000000 0.000000
vn 1.000000 0.000000 0.000000
vn 1.000000 0.000000 0.000000
vn 1.000000 0.000000 0.000000
vn 1.000000 0.000000 0.000000
vn 1.000000 0.000000 0.000000
vn 1.000000 0.000000 0.000000
vn 1.000000 0.000000 0.000000
vn 1.000000 0.000000 0.000000
vn 1.000000 0.000000 0.000000
vn 1.000000 0.000000 0.000000
vn 1.000000 0.000000 0.000000
vn 1.000000 0.000000 0.000000
vn 1.000000 0.000000 0.000000
vn 1.000000 0.000000 0.000000
vn 1.000000 0.000000 0.000000
vn 1.000000 0.000000 0.000000
vn 1.000000 0.000000 0.000000
vn 1.000000 0.000000 0.000000
vn 1.000000 0.000000 0.000000
vn 1.000000 0.000000 0.000000
vn 1.000000 0.000000 0.000000
vn 1.000000 0.000000 0.000000
vn 1.000000 0.000000 0.000000
vn 1.000000 0.000000 0.000000
vn 1.000000 0.000000 0.000000
vn 1.000000 0.000000 0.000000
vn 1.000000 0.000000 0.000000
vn 1.000000 0.000000 0.000000
vn 1.000000 0.000000 0.000000
vn 1.000000 0.000000 0.000000
vn 1.000000 0.000000 0.000000
vn 1.000000 0.000000 0.000000
vn 1.000000 0.000000 0.000000
vn 1.000000 0.000000 0.000000
vn 1.000000 0.000000 0.000000
vn 1.000000 0.000000 0.000000
vn 1.000000 0.000000 0.000000
vn 1.000000 0.000000 0.000000
vn 1.000000 0.000000 0.000000
vn 1.000000 0.000000 0.000000
vn 1.000000 0.000000 0.000000
vn 1.000000 0.000000 0.000000
vn 1.000000 0.000000 0.000000
vn 1.000000 0.000000 0.000000
vn 1.000000 0.000000 0.000000
vn 1.000000 0.000000 0.000000
vn 1.000000 0.000000 0.000000
vn 1.000000 0.000000 0.000000
vn 1.000000 0.000000 0.000000
vn 1.000000 0.000000 0.000000
vn 1.000000 0.000000 0.000000
vn 1.000000 0.000000 0.000000
vn 1.000000 0.000000 0.000000
vn 1.000000 0.000000 0.000000
vn 1.000000 0.000000 0.000000
vn 1.000000 0.000000 0.000000
vn 1.000000 0.000000 0.000000
vn 1.000000 0.000000 0.000000
vn 1.000000 0.000000 0.000000
vn 1.000000 0.000000 0.000000
vn 1.000000 0.000000 0.000000
vn 1.000000 0.000000 0.000000
vn 1.000000 0.000000 0.000000
vn 1.000000 0.000000 0.000000
vn 1.000000 0.000000 0.000000
vn 1.000000 0.000000 0.000000
vn 1.000000 0.000000 0.000000
vn 1.000000 0.000000 0.000000
vn 1.000000 0.000000 0.000000
vn 1.000000 0.000000 0.000000
vn 1.000000 0.000000 0.000000
vn 1.000000 0.000000 0.000000
vn 1.000000 0.000000 0.000000
vn 1.000000 0.000000 0.000000
vn 1.000000 0.000000 0.000000
vn 1.000000 0.000000 0.000000
vn 1.000000 0.000000 0.000000
vn 1.000000 0.000000 0.000000
vn 1.000000 0.000000 0.000000
vn 1.000000 0.000000 0.000000
vn 1.000000 0.000000 0.000000
vn 1.000000 0.000000 0.000000
vn 1.000000 0.000000 0.000000
vn 1.000000 0.000000 0.000000
vn 1.000000 0.000000 0.000000
vn 1.000000 0.000000 0.000000
vn 1.000000 0.000000 0.000000
vn 1.000000 0.000000 0.000000
vn 1.000000 0.000000 0.000000
vn 1.000000 0.000000 0.000000
vn 1.000000 0.000000 0.000000
vn 1.000000 0.000000 0.000000
vn 1.000000 0.000000 0.000000
vn 1.000000 0.000000 0.000000
vn 1.000000 0.000000 0.000000
vn 1.000000 0.000000 0.000000
vn 1.000000 0.000000 0.000000
vn 1.000000 0.000000 0.000000
vn 1.000000 0.000000 0.000000
vn 1.000000 0.000000 0.000000
vn 0.000000 0.998964 0.045515
vn 0.000000 0.990686 0.136167
vn 0.000000 0.998964 0.045515
vn 0.000000 0.990686 0.136167
vn 0.000000 0.974199 0.225691
vn 0.000000 0.949640 0.313344
vn 0.000000 0.974199 0.225691
vn 0.000000 0.949640 0.313344
vn 0.000000 0.917212 0.398401
vn 0.000000 0.877182 0.480157
vn 0.000000 0.917212 0.398401
vn 0.000000 0.877182 0.480157
vn 0.000000 0.829886 0.557934
vn 0.000000 0.775711 0.631088
vn 0.000000 0.829886 0.557934
vn 0.000000 0.775711 0.631088
vn 0.000000 0.715109 0.699013
vn 0.000000 0.715109 0.699013
vn 0.000000 0.648582 0.761145
vn 0.000000 0.576680 0.816970
vn 0.000000 0.648582 0.761145
vn 0.000000 0.576680 0.816970
vn 0.000000 0.500001 0.866025
vn 0.000000 0.500001 0.866025
vn 0.000000 0.419176 0.907905
vn 0.000000 0.419176 0.907905
vn 0.000000 0.334879 0.942261
vn 0.000000 0.334879 0.942261
vn 0.000000 0.247808 0.968809
vn 0.000000 0.247808 0.968809
vn 0.000000 0.158683 0.987330
vn 0.000000 0.158683 0.987330
vn 0.000000 0.068243 0.997669
vn 0.000000 0.068243 0.997669
vn 0.000000 -0.022764 0.999741
vn 0.000000 -0.022764 0.999741
vn 0.000000 -0.113580 0.993529
vn 0.000000 -0.113580 0.993529
vn 0.000000 -0.203456 0.979084
vn 0.000000 -0.203456 0.979084
vn 0.000000 -0.291646 0.956526
vn 0.000000 -0.291646 0.956526
vn 0.000000 -0.377419 0.926043
vn 0.000000 -0.377419 0.926043
vn 0.000000 -0.460066 0.887885
vn 0.000000 -0.460066 0.887885
vn 0.000000 -0.538899 0.842371
vn 0.000000 -0.538899 0.842371
vn 0.000000 -0.613266 0.789876
vn 0.000000 -0.613266 0.789876
vn 0.000000 -0.682553 0.730836
vn 0.000000 -0.682553 0.730836
vn 0.000000 -0.746184 0.665740
vn 0.000000 -0.746184 0.665740
vn 0.000000 -0.803631 0.595128
vn 0.000000 -0.803631 0.595128
vn 0.000000 -0.854420 0.519583
vn 0.000000 -0.854420 0.519583
vn 0.000000 -0.898128 0.439735
vn 0.000000 -0.898128 0.439735
vn 0.000000 -0.934394 0.356242
vn 0.000000 -0.934394 0.356242
vn 0.000000 -0.962917 0.269796
vn 0.000000 -0.962917 0.269796
vn 0.000000 -0.983462 0.181116
vn 0.000000 -0.983462 0.181116
vn 0.000000 -0.995857 0.090935
vn -0.000000 -1.000000 0.000000
vn 0.000000 -0.995857 0.090935
vn 0.000000 -1.000000 0.000000
vn -0.000000 -0.995857 -0.090935
vn -0.000000 -0.983462 -0.181116
vn 0.000000 -0.995857 -0.090935
vn -0.000000 -0.983462 -0.181116
vn -0.000000 -0.962917 -0.269796
vn 0.000000 -0.962917 -0.269796
vn -0.000000 -0.934394 -0.356242
vn 0.000000 -0.934394 -0.356242
vn 0.000000 -0.898128 -0.439735
vn -0.000000 -0.898128 -0.439735
vn 0.000000 -0.854420 -0.519583
vn -0.000000 -0.854420 -0.519583
vn -0.000000 -0.803631 -0.595128
vn -0.000000 -0.803631 -0.595128
vn 0.000000 -0.746184 -0.665740
vn -0.000000 -0.746184 -0.665740
vn 0.000000 -0.682553 -0.730836
vn -0.000000 -0.682553 -0.730836
vn -0.000000 -0.613266 -0.789876
vn -0.000000 -0.613266 -0.789876
vn -0.000000 -0.538899 -0.842371
vn -0.000000 -0.538899 -0.842371
vn 0.000000 -0.460066 -0.887885
vn -0.000000 -0.460066 -0.887885
vn 0.000000 -0.377419 -0.926043
vn -0.000000 -0.377419 -0.926043
vn -0.000000 -0.291646 -0.956526
vn -0.000000 -0.291646 -0.956526
vn 0.000000 -0.203456 -0.979084
vn -0.000000 -0.203456 -0.979084
vn -0.000000 -0.113580 -0.993529
vn -0.000000 -0.113580 -0.993529
vn 0.000000 -0.022764 -0.999741
vn -0.000000 -0.022764 -0.999741
vn 0.000000 0.068243 -0.997669
vn 0.000000 0.158683 -0.987330
vn 0.000000 0.068243 -0.997669
vn 0.000000 0.158683 -0.987330
vn 0.000000 0.247808 -0.968809
vn 0.000000 0.247808 -0.968809
vn 0.000000 0.334879 -0.942261
vn 0.000000 0.334879 -0.942261
vn 0.000000 0.419176 -0.907905
vn 0.000000 0.419176 -0.907905
vn 0.000000 0.500001 -0.866025
vn 0.000000 0.576680 -0.816970
vn 0.000000 0.500001 -0.866025
vn 0.000000 0.576680 -0.816970
vn 0.000000 0.648582 -0.761145
vn 0.000000 0.648582 -0.761145
vn 0.000000 0.715109 -0.699013
vn 0.000000 0.715109 -0.699013
vn 0.000000 0.775711 -0.631088
vn 0.000000 0.775711 -0.631088
vn 0.000000 0.829886 -0.557934
vn 0.000000 0.877182 -0.480157
vn 0.000000 0.829886 -0.557934
vn 0.000000 0.877182 -0.480157
vn 0.000000 0.917212 -0.398401
vn 0.000000 0.917212 -0.398401
vn 0.000000 0.949640 -0.313344
vn 0.000000 0.949640 -0.313344
vn 0.000000 0.974199 -0.225691
vn 0.000000 0.974199 -0.225691
vn 0.000000 0.990686 -0.136167
vn 0.000000 0.990686 -0.136167
vn 0.000000 0.998964 -0.045515
vn 0.000000 0.998964 -0.045515
vn 1.000000 0.000000 0.000000
vn 1.000000 0.000000 0.000000
vn 1.000000 0.000000 0.000000
vn 1.000000 0.000000 0.000000
vn 1.000000 0.000000 0.000000
vn 1.000000 0.000000 0.000000
vn 1.000000 0.000000 0.000000
vn 1.000000 0.000000 0.000000
vn 1.000000 0.000000 0.000000
vn 1.000000 0.000000 0.000000
vn 1.000000 0.000000 0.000000
vn 1.000000 0.000000 0.000000
vn 1.000000 0.000000 0.000000
vn 1.000000 0.000000 0.000000
vn 1.000000 0.000000 0.000000
vn 1.000000 0.000000 0.000000
vn 1.000000 0.000000 0.000000
vn 1.000000 0.000000 0.000000
vn 1.000000 0.000000 0.000000
vn 1.000000 0.000000 0.000000
vn 1.000000 0.000000 0.000000
vn 1.000000 0.000000 0.000000
vn 1.000000 0.000000 0.000000
vn 1.000000 0.000000 0.000000
vn 1.000000 0.000000 0.000000
vn 1.000000 0.000000 0.000000
vn 1.000000 0.000000 0.000000
vn 1.000000 0.000000 0.000000
vn 1.000000 0.000000 0.000000
vn 1.000000 0.000000 0.000000
vn 1.000000 0.000000 0.000000
vn 1.000000 0.000000 0.000000
vn 1.000000 0.000000 0.000000
vn 1.000000 0.000000 0.000000
vn 1.000000 0.000000 0.000000
vn 1.000000 0.000000 0.000000
vn 1.000000 0.000000 0.000000
vn 1.000000 0.000000 0.000000
vn 1.000000 0.000000 0.000000
vn 1.000000 0.000000 0.000000
vn 1.000000 0.000000 0.000000
vn 1.000000 0.000000 0.000000
vn 1.000000 0.000000 0.000000
vn 1.000000 0.000000 0.000000
vn 1.000000 0.000000 0.000000
vn 1.000000 0.000000 0.000000
vn 1.000000 0.000000 0.000000
vn 1.000000 0.000000 0.000000
vn 1.000000 0.000000 0.000000
vn 1.000000 0.000000 0.000000
vn 1.000000 0.000000 0.000000
vn 1.000000 0.000000 0.000000
vn 1.000000 0.000000 0.000000
vn 1.000000 0.000000 0.000000
vn 1.000000 0.000000 0.000000
vn 1.000000 0.000000 0.000000
vn 1.000000 0.000000 0.000000
vn 1.000000 0.000000 0.000000
vn 1.000000 0.000000 0.000000
vn 1.000000 0.000000 0.000000
vn 1.000000 0.000000 0.000000
vn 1.000000 0.000000 0.000000
vn 1.000000 0.000000 0.000000
vn 1.000000 0.000000 0.000000
vn 1.000000 0.000000 0.000000
vn 1.000000 0.000000 0.000000
vn 1.000000 0.000000 0.000000
vn 1.000000 0.000000 0.000000
vn 1.000000 0.000000 0.000000
vn 1.000000 0.000000 0.000000
vn 1.000000 0.000000 0.000000
vn 1.000000 0.000000 0.000000
vn 1.000000 0.000000 0.000000
vn 1.000000 0.000000 0.000000
vn 1.000000 0.000000 0.000000
vn 1.000000 0.000000 0.000000
vn 1.000000 0.000000 0.000000
vn 1.000000 0.000000 0.000000
vn 1.000000 0.000000 0.000000
vn 1.000000 0.000000 0.000000
vn 1.000000 0.000000 0.000000
vn 1.000000 0.000000 0.000000
vn 1.000000 0.000000 0.000000
vn 1.000000 0.000000 0.000000
vn 1.000000 0.000000 0.000000
vn 1.000000 0.000000 0.000000
vn 1.000000 0.000000 0.000000
vn 1.000000 0.000000 0.000000
vn 1.000000 0.000000 0.000000
vn 1.000000 0.000000 0.000000
vn 1.000000 0.000000 0.000000
vn 1.000000 0.000000 0.000000
vn 1.000000 0.000000 0.000000
vn 1.000000 0.000000 0.000000
vn 1.000000 0.000000 0.000000
vn 1.000000 0.000000 0.000000
vn 1.000000 0.000000 0.000000
vn 1.000000 0.000000 0.000000
vn 1.000000 0.000000 0.000000
vn 1.000000 0.000000 0.000000
vn 1.000000 0.000000 0.000000
vn 1.000000 0.000000 0.000000
vn 1.000000 0.000000 0.000000
vn 1.000000 0.000000 0.000000
vn 1.000000 0.000000 0.000000
vn 1.000000 0.000000 0.000000
vn 1.000000 0.000000 0.000000
vn 1.000000 0.000000 0.000000
vn 1.000000 0.000000 0.000000
vn 1.000000 0.000000 0.000000
vn 1.000000 0.000000 0.000000
vn 1.000000 0.000000 0.000000
vn 1.000000 0.000000 0.000000
vn 1.000000 0.000000 0.000000
vn 1.000000 0.000000 0.000000
vn 1.000000 0.000000 0.000000
vn 1.000000 0.000000 0.000000
vn 1.000000 0.000000 0.000000
vn 1.000000 0.000000 0.000000
vn 1.000000 0.000000 0.000000
vn 1.000000 0.000000 0.000000
vn 1.000000 0.000000 0.000000
vn 1.000000 0.000000 0.000000
vn 1.000000 0.000000 0.000000
vn 1.000000 0.000000 0.000000
vn 1.000000 0.000000 0.000000
vn 1.000000 0.000000 0.000000
vn 1.000000 0.000000 0.000000
vn 1.000000 0.000000 0.000000
vn 1.000000 0.000000 0.000000
vn 1.000000 0.000000 0.000000
vn 1.000000 0.000000 0.000000
vn 1.000000 0.000000 0.000000
vn 1.000000 0.000000 0.000000
vn 1.000000 0.000000 0.000000
vn 1.000000 0.000000 0.000000
vn 1.000000 0.000000 0.000000
vn 1.000000 0.000000 0.000000
vn 1.000000 0.000000 0.000000
vn 1.000000 0.000000 0.000000
vn 0.000000 0.999021 0.044234
vn 0.000000 0.999021 0.044234
vn 0.000000 0.991203 0.132354
vn 0.000000 0.991203 0.132354
vn 0.000000 0.975626 0.219438
vn 0.000000 0.975626 0.219438
vn 0.000000 0.952415 0.304806
vn 0.000000 0.952415 0.304806
vn 0.000000 0.921749 0.387787
vn 0.000000 0.921749 0.387787
vn 0.000000 0.883869 0.467734
vn 0.000000 0.839072 0.544021
vn 0.000000 0.883869 0.467734
vn 0.000000 0.839072 0.544021
vn 0.000000 0.787708 0.616049
vn 0.000000 0.787708 0.616049
vn 0.000000 0.730179 0.683256
vn 0.000000 0.730179 0.683256
vn 0.000000 0.666936 0.745115
vn 0.000000 0.666936 0.745115
vn 0.000000 0.598472 0.801143
vn 0.000000 0.598472 0.801143
vn 0.000000 0.525325 0.850902
vn 0.000000 0.448067 0.894000
vn 0.000000 0.525325 0.850902
vn 0.000000 0.367302 0.930102
vn 0.000000 0.448067 0.894000
vn 0.000000 0.367302 0.930102
vn 0.000000 0.283662 0.958924
vn 0.000000 0.283662 0.958924
vn 0.000000 0.197802 0.980242
vn 0.000000 0.197802 0.980242
vn 0.000000 0.110394 0.993888
vn 0.000000 0.110394 0.993888
vn 0.000000 0.022122 0.999755
vn 0.000000 0.022122 0.999755
vn 0.000000 -0.066322 0.997798
vn 0.000000 -0.066322 0.997798
vn 0.000000 -0.154249 0.988032
vn 0.000000 -0.154249 0.988032
vn 0.000000 -0.240967 0.970533
vn 0.000000 -0.240967 0.970533
vn 0.000000 -0.325800 0.945439
vn 0.000000 -0.325800 0.945439
vn 0.000000 -0.408084 0.912944
vn 0.000000 -0.487173 0.873305
vn 0.000000 -0.408084 0.912944
vn 0.000000 -0.487173 0.873305
vn 0.000000 -0.562449 0.826832
vn 0.000000 -0.633324 0.773887
vn 0.000000 -0.562449 0.826832
vn 0.000000 -0.633324 0.773887
vn 0.000000 -0.699242 0.714886
vn 0.000000 -0.759687 0.650289
vn 0.000000 -0.699242 0.714886
vn 0.000000 -0.759687 0.650289
vn 0.000000 -0.814187 0.580603
vn 0.000000 -0.814187 0.580603
vn 0.000000 -0.862315 0.506373
vn 0.000000 -0.862315 0.506373
vn 0.000000 -0.903693 0.428181
vn 0.000000 -0.903693 0.428181
vn 0.000000 -0.938000 0.346636
vn 0.000000 -0.964965 0.262378
vn 0.000000 -0.938000 0.346636
vn 0.000000 -0.964965 0.262378
vn 0.000000 -0.984378 0.176069
vn 0.000000 -0.996087 0.088380
vn 0.000000 -0.984378 0.176069
vn -0.000000 -1.000000 0.000000
vn 0.000000 -0.996087 0.088380
vn 0.000000 -1.000000 0.000000
vn -0.000000 -0.996087 -0.088380
vn 0.000000 -0.996087 -0.088380
vn -0.000000 -0.984378 -0.176069
vn -0.000000 -0.964965 -0.262378
vn 0.000000 -0.984378 -0.176069
vn -0.000000 -0.964965 -0.262378
vn 0.000000 -0.938000 -0.346636
vn -0.000000 -0.938000 -0.346636
vn 0.000000 -0.903693 -0.428181
vn -0.000000 -0.903693 -0.428181
vn 0.000000 -0.862315 -0.506373
vn -0.000000 -0.862315 -0.506373
vn 0.000000 -0.814187 -0.580603
vn -0.000000 -0.814187 -0.580603
vn 0.000000 -0.759687 -0.650289
vn -0.000000 -0.759687 -0.650289
vn 0.000000 -0.699242 -0.714886
vn -0.000000 -0.699242 -0.714886
vn 0.000000 -0.633324 -0.773887
vn -0.000000 -0.633324 -0.773887
vn -0.000000 -0.562449 -0.826832
vn -0.000000 -0.562449 -0.826832
vn 0.000000 -0.487173 -0.873305
vn -0.000000 -0.487173 -0.873305
vn -0.000000 -0.408084 -0.912944
vn -0.000000 -0.408084 -0.912944
vn -0.000000 -0.325800 -0.945439
vn -0.000000 -0.325800 -0.945439
vn -0.000000 -0.240967 -0.970533
vn -0.000000 -0.240967 -0.970533
vn -0.000000 -0.154249 -0.988032
vn -0.000000 -0.154249 -0.988032
vn -0.000000 -0.066322 -0.997798
vn 0.000000 -0.066322 -0.997798
vn 0.000000 0.022122 -0.999755
vn 0.000000 0.022122 -0.999755
vn 0.000000 0.110394 -0.993888
vn 0.000000 0.110394 -0.993888
vn 0.000000 0.197802 -0.980242
vn 0.000000 0.197802 -0.980242
vn 0.000000 0.283662 -0.958924
vn 0.000000 0.283662 -0.958924
vn 0.000000 0.367302 -0.930102
vn 0.000000 0.448067 -0.894000
vn 0.000000 0.367302 -0.930102
vn 0.000000 0.448067 -0.894000
vn 0.000000 0.525325 -0.850902
vn 0.000000 0.525325 -0.850902
vn 0.000000 0.598472 -0.801143
vn 0.000000 0.666936 -0.745115
vn 0.000000 0.598472 -0.801143
vn 0.000000 0.666936 -0.745115
vn 0.000000 0.730179 -0.683256
vn 0.000000 0.730179 -0.683256
vn 0.000000 0.787708 -0.616049
vn 0.000000 0.787708 -0.616049
vn 0.000000 0.839072 -0.544021
vn 0.000000 0.839072 -0.544021
vn 0.000000 0.883869 -0.467734
vn 0.000000 0.883869 -0.467734
vn 0.000000 0.921749 -0.387787
vn 0.000000 0.921749 -0.387787
vn 0.000000 0.952415 -0.304806
vn 0.000000 0.952415 -0.304806
vn 0.000000 0.975626 -0.219438
vn 0.000000 0.975626 -0.219438
vn 0.000000 0.991203 -0.132354
vn 0.000000 0.991203 -0.132354
vn 0.000000 0.999021 -0.044234
vn 0.000000 0.999021 -0.044234
vn -1.000000 0.000000 0.000000
vn -1.000000 0.000000 0.000000
vn -1.000000 0.000000 0.000000
vn -1.000000 0.000000 0.000000
vn -1.000000 0.000000 -0.000000
vn -1.000000 0.000000 0.000000
vn -1.000000 0.000000 0.000000
vn -1.000000 0.000000 0.000000
vn -1.000000 0.000000 0.000000
vn -1.000000 0.000000 -0.000000
vn -1.000000 0.000000 0.000000
vn -1.000000 0.000000 0.000000
vn -1.000000 0.000000 0.000000
vn -1.000000 0.000000 -0.000000
vn -1.000000 0.000000 0.000000
vn -1.000000 0.000000 0.000000
vn -1.000000 0.000000 0.000000
vn -1.000000 0.000000 0.000000
vn -1.000000 0.000000 0.000000
vn -1.000000 0.000000 0.000000
vn -1.000000 0.000000 -0.000000
vn -1.000000 0.000000 0.000000
vn -1.000000 0.000000 0.000000
vn -1.000000 0.000000 0.000000
vn -1.000000 0.000000 -0.000000
vn -1.000000 0.000000 -0.000000
vn -1.000000 0.000000 0.000000
vn -1.000000 0.000000 0.000000
vn -1.000000 0.000000 0.000000
vn -1.000000 0.000000 0.000000
vn -1.000000 0.000000 -0.000000
vn -1.000000 0.000000 -0.000000
vn -1.000000 0.000000 0.000000
vn -1.000000 0.000000 0.000000
vn -1.000000 0.000000 0.000000
vn -1.000000 0.000000 -0.000000
vn -1.000000 0.000000 0.000000
vn -1.000000 0.000000 0.000000
vn -1.000000 0.000000 0.000000
vn -1.000000 0.000000 0.000000
vn -1.000000 0.000000 0.000000
vn -1.000000 0.000000 0.000000
vn -1.000000 0.000000 -0.000000
vn -1.000000 0.000000 0.000000
vn -1.000000 0.000000 0.000000
vn -1.000000 0.000000 0.000000
vn -1.000000 0.000000 -0.000000
vn -1.000000 0.000000 0.000000
vn -1.000000 0.000000 0.000000
vn -1.000000 0.000000 -0.000000
vn -1.000000 0.000000 0.000000
vn -1.000000 0.000000 0.000000
vn -1.000000 0.000000 0.000000
vn -1.000000 0.000000 0.000000
vn -1.000000 0.000000 -0.000000
vn -1.000000 0.000000 -0.000000
vn -1.000000 0.000000 0.000000
vn -1.000000 0.000000 0.000000
vn -1.000000 0.000000 -0.000000
vn -1.000000 0.000000 -0.000000
vn -1.000000 0.000000 0.000000
vn -1.000000 0.000000 0.000000
vn -1.000000 0.000000 -0.000000
vn -1.000000 0.000000 0.000000
vn -1.000000 0.000000 0.000000
vn -1.000000 0.000000 -0.000000
vn -1.000000 0.000000 0.000000
vn -1.000000 0.000000 0.000000
vn -1.000000 0.000000 0.000000
vn -1.000000 0.000000 -0.000000
vn -1.000000 0.000000 0.000000
vn -1.000000 0.000000 0.000000
vn -1.000000 0.000000 -0.000000
vn -1.000000 0.000000 0.000000
vn -1.000000 0.000000 0.000000
vn -1.000000 0.000000 0.000000
vn -1.000000 0.000000 -0.000000
vn -1.000000 0.000000 0.000000
vn -1.000000 0.000000 0.000000
vn -1.000000 0.000000 0.000000
vn -1.000000 0.000000 -0.000000
vn -1.000000 0.000000 0.000000
vn -1.000000 0.000000 0.000000
vn -1.000000 0.000000 0.000000
vn -1.000000 0.000000 -0.000000
vn -1.000000 0.000000 0.000000
vn -1.000000 0.000000 -0.000000
vn -1.000000 0.000000 0.000000
vn -1.000000 0.000000 0.000000
vn -1.000000 0.000000 0.000000
vn -1.000000 0.000000 -0.000000
vn -1.000000 0.000000 0.000000
vn -1.000000 0.000000 0.000000
vn -1.000000 0.000000 0.000000
vn -1.000000 0.000000 0.000000
vn -1.000000 0.000000 -0.000000
vn -1.000000 0.000000 0.000000
vn -1.000000 0.000000 -0.000000
vn -1.000000 0.000000 0.000000
vn -1.000000 0.000000 0.000000
vn -1.000000 0.000000 0.000000
vn -1.000000 0.000000 -0.000000
vn -1.000000 0.000000 0.000000
vn -1.000000 0.000000 0.000000
vn -1.000000 0.000000 0.000000
vn -1.000000 0.000000 -0.000000
vn -1.000000 0.000000 0.000000
vn -1.000000 0.000000 0.000000
vn -1.000000 0.000000 0.000000
vn -1.000000 0.000000 -0.000000
vn -1.000000 0.000000 0.000000
vn -1.000000 0.000000 -0.000000
vn -1.000000 0.000000 0.000000
vn -1.000000 0.000000 0.000000
vn -1.000000 0.000000 0.000000
vn -1.000000 0.000000 -0.000000
vn -1.000000 0.000000 0.000000
vn -1.000000 0.000000 0.000000
vn -1.000000 0.000000 0.000000
vn -1.000000 0.000000 -0.000000
vn -1.000000 0.000000 0.000000
vn 0.000000 0.998027 0.062790
vn 0.000000 0.998027 0.062790
vn 0.000000 0.982287 0.187382
vn 0.000000 0.982287 0.187382
vn 0.000000 0.951057 0.309017
vn 0.000000 0.904827 0.425779
vn 0.000000 0.951057 0.309017
vn 0.000000 0.904827 0.425779
vn 0.000000 0.844328 0.535827
vn 0.000000 0.770513 0.637424
vn 0.000000 0.844328 0.535827
vn 0.000000 0.684547 0.728969
vn 0.000000 0.770513 0.637424
vn 0.000000 0.587785 0.809017
vn 0.000000 0.684547 0.728969
vn 0.000000 0.587785 0.809017
vn 0.000000 0.481754 0.876307
vn 0.000000 0.481754 0.876307
vn 0.000000 0.368125 0.929776
vn 0.000000 0.248690 0.968583
vn 0.000000 0.368125 0.929776
vn 0.000000 0.248690 0.968583
vn 0.000000 0.125334 0.992115
vn 0.000000 0.000000 1.000000
vn 0.000000 0.125334 0.992115
vn 0.000000 -0.000000 1.000000
vn 0.000000 -0.125334 0.992115
vn 0.000000 -0.248690 0.968583
vn 0.000000 -0.125334 0.992115
vn 0.000000 -0.248690 0.968583
vn 0.000000 -0.368125 0.929776
vn 0.000000 -0.481754 0.876307
vn 0.000000 -0.368125 0.929776
vn 0.000000 -0.481754 0.876307
vn 0.000000 -0.587785 0.809017
vn 0.000000 -0.587785 0.809017
vn 0.000000 -0.684547 0.728969
vn 0.000000 -0.684547 0.728969
vn 0.000000 -0.770513 0.637424
vn 0.000000 -0.844328 0.535827
vn 0.000000 -0.770513 0.637424
vn 0.000000 -0.904827 0.425779
vn 0.000000 -0.844328 0.535827
vn 0.000000 -0.951057 0.309017
vn 0.000000 -0.904827 0.425779
vn 0.000000 -0.951057 0.309017
vn 0.000000 -0.982287 0.187382
vn 0.000000 -0.982287 0.187382
vn 0.000000 -0.998027 0.062790
vn 0.000000 -0.998027 0.062790
vn -0.000000 -0.998027 -0.062790
vn -0.000000 -0.998027 -0.062790
vn 0.000000 -0.982287 -0.187382
vn -0.000000 -0.982287 -0.187382
vn 0.000000 -0.951057 -0.309017
vn -0.000000 -0.951057 -0.309017
vn 0.000000 -0.904827 -0.425779
vn -0.000000 -0.904827 -0.425779
vn 0.000000 -0.844328 -0.535827
vn -0.000000 -0.844328 -0.535827
vn 0.000000 -0.770513 -0.637424
vn -0.000000 -0.770513 -0.637424
vn -0.000000 -0.684547 -0.728969
vn 0.000000 -0.684547 -0.728969
vn -0.000000 -0.587785 -0.809017
vn 0.000000 -0.587785 -0.809017
vn -0.000000 -0.481754 -0.876307
vn 0.000000 -0.481754 -0.876307
vn -0.000000 -0.368125 -0.929776
vn 0.000000 -0.368125 -0.929776
vn -0.000000 -0.248690 -0.968583
vn -0.000000 -0.125334 -0.992115
vn 0.000000 -0.248690 -0.968583
vn -0.000000 -0.125334 -0.992115
vn -0.000000 0.000000 -1.000000
vn 0.000000 -0.000000 -1.000000
vn 0.000000 0.125334 -0.992115
vn 0.000000 0.125334 -0.992115
vn 0.000000 0.248690 -0.968583
vn 0.000000 0.368125 -0.929776
vn 0.000000 0.248690 -0.968583
vn 0.000000 0.368125 -0.929776
vn 0.000000 0.481754 -0.876307
vn 0.000000 0.481754 -0.876307
vn 0.000000 0.587785 -0.809017
vn 0.000000 0.587785 -0.809017
vn 0.000000 0.684547 -0.728969
vn 0.000000 0.684547 -0.728969
vn 0.000000 0.770513 -0.637424
vn 0.000000 0.770513 -0.637424
vn 0.000000 0.844328 -0.535827
vn 0.000000 0.844328 -0.535827
vn 0.000000 0.904827 -0.425779
vn 0.000000 0.904827 -0.425779
vn 0.000000 0.951057 -0.309017
vn 0.000000 0.951057 -0.309017
vn 0.000000 0.982287 -0.187382
vn 0.000000 0.982287 -0.187382
vn 0.000000 0.998027 -0.062790
vn 0.000000 0.998027 -0.062790
vn -1.000000 0.000000 0.000000
vn -1.000000 0.000000 0.000000
vn -1.000000 0.000000 0.000000
vn -1.000000 0.000000 0.000000
vn -1.000000 0.000000 -0.000000
vn -1.000000 0.000000 0.000000
vn -1.000000 0.000000 0.000000
vn -1.000000 0.000000 0.000000
vn -1.000000 0.000000 -0.000000
vn -1.000000 0.000000 0.000000
vn -1.000000 0.000000 0.000000
vn -1.000000 0.000000 0.000000
vn -1.000000 0.000000 -0.000000
vn -1.000000 0.000000 0.000000
vn -1.000000 0.000000 0.000000
vn -1.000000 0.000000 -0.000000
vn -1.000000 0.000000 0.000000
vn -1.000000 0.000000 -0.000000
vn -1.000000 0.000000 0.000000
vn -1.000000 0.000000 0.000000
vn -1.000000 0.000000 -0.000000
vn -1.000000 0.000000 0.000000
vn -1.000000 0.000000 -0.000000
vn -1.000000 0.000000 0.000000
vn -1.000000 0.000000 0.000000
vn -1.000000 0.000000 -0.000000
vn -1.000000 0.000000 0.000000
vn -1.000000 0.000000 0.000000
vn -1.000000 0.000000 -0.000000
vn -1.000000 0.000000 0.000000
vn -1.000000 0.000000 0.000000
vn -1.000000 0.000000 0.000000
vn -1.000000 0.000000 0.000000
vn -1.000000 0.000000 -0.000000
vn -1.000000 0.000000 0.000000
vn -1.000000 0.000000 0.000000
vn -1.000000 0.000000 0.000000
vn -1.000000 0.000000 -0.000000
vn -1.000000 0.000000 0.000000
vn -1.000000 0.000000 0.000000
vn -1.000000 0.000000 0.000000
vn -1.000000 0.000000 -0.000000
vn -1.000000 0.000000 0.000000
vn -1.000000 0.000000 0.000000
vn -1.000000 0.000000 0.000000
vn -1.000000 0.000000 -0.000000
vn -1.000000 0.000000 0.000000
vn -1.000000 0.000000 -0.000000
vn -1.000000 0.000000 0.000000
vn -1.000000 0.000000 -0.000000
vn -1.000000 0.000000 0.000000
vn -1.000000 0.000000 -0.000000
vn -1.000000 0.000000 0.000000
vn -1.000000 0.000000 0.000000
vn -1.000000 0.000000 0.000000
vn -1.000000 0.000000 -0.000000
vn -1.000000 0.000000 0.000000
vn -1.000000 0.000000 -0.000000
vn -1.000000 0.000000 0.000000
vn -1.000000 0.000000 0.000000
vn -1.000000 0.000000 0.000000
vn -1.000000 0.000000 -0.000000
vn -1.000000 0.000000 0.000000
vn -1.000000 0.000000 0.000000
vn -1.000000 0.000000 0.000000
vn -1.000000 0.000000 -0.000000
vn -1.000000 0.000000 0.000000
vn -1.000000 0.000000 0.000000
vn -1.000000 0.000000 0.000000
vn -1.000000 0.000000 -0.000000
vn -1.000000 0.000000 -0.000000
vn -1.000000 0.000000 0.000000
vn -1.000000 0.000000 0.000000
vn -1.000000 0.000000 0.000000
vn -1.000000 0.000000 -0.000000
vn -1.000000 0.000000 0.000000
vn -1.000000 0.000000 0.000000
vn -1.000000 0.000000 0.000000
vn -1.000000 0.000000 -0.000000
vn -1.000000 0.000000 0.000000
vn -1.000000 0.000000 0.000000
vn -1.000000 0.000000 -0.000000
vn -1.000000 0.000000 0.000000
vn -1.000000 0.000000 0.000000
vn -1.000000 0.000000 -0.000000
vn -1.000000 0.000000 0.000000
vn -1.000000 0.000000 0.000000
vn -1.000000 0.000000 0.000000
vn -1.000000 0.000000 0.000000
vn -1.000000 0.000000 -0.000000
vn -1.000000 0.000000 0.000000
vn 0.000000 -0.997066 -0.076549
vn 0.000000 -0.997066 -0.076549
vn 0.000000 -0.973696 -0.227853
vn 0.000000 -0.927502 -0.373817
vn 0.000000 -0.973696 -0.227853
vn 0.000000 -0.927502 -0.373817
vn 0.000000 -0.859570 -0.511019
vn 0.000000 -0.771489 -0.636242
vn 0.000000 -0.859570 -0.511019
vn 0.000000 -0.771489 -0.636242
vn 0.000000 -0.665326 -0.746553
vn 0.000000 -0.665326 -0.746553
vn 0.000000 -0.543567 -0.839365
vn 0.000000 -0.543567 -0.839365
vn 0.000000 -0.409069 -0.912504
vn 0.000000 -0.409069 -0.912504
vn 0.000000 -0.264982 -0.964253
vn 0.000000 -0.264982 -0.964253
vn 0.000000 -0.114683 -0.993402
vn 0.000000 -0.114683 -0.993402
vn 0.000000 0.038303 -0.999266
vn 0.000000 0.038303 -0.999266
vn 0.000000 0.190391 -0.981708
vn 0.000000 0.190391 -0.981708
vn 0.000000 0.338017 -0.941140
vn 0.000000 0.338017 -0.941140
vn 0.000000 0.477720 -0.878512
vn 0.000000 0.477720 -0.878512
vn 0.000000 0.606225 -0.795293
vn 0.000000 0.606225 -0.795293
vn 0.000000 0.720521 -0.693433
vn 0.000000 0.720521 -0.693433
vn 0.000000 0.817929 -0.575319
vn 0.000000 0.817929 -0.575319
vn 0.000000 0.896166 -0.443720
vn 0.000000 0.896166 -0.443720
vn 0.000000 0.953396 -0.301720
vn 0.000000 0.953396 -0.301720
vn 0.000000 0.988280 -0.152650
vn 0.000000 0.988280 -0.152650
vn 0.000000 1.000000 0.000000
vn 0.000000 1.000000 0.000000
vn -0.000000 0.988280 0.152650
vn 0.000000 0.988280 0.152650
vn -0.000000 0.953396 0.301720
vn 0.000000 0.953396 0.301720
vn -0.000000 0.896166 0.443720
vn -0.000000 0.817929 0.575319
vn 0.000000 0.896166 0.443720
vn -0.000000 0.817929 0.575319
vn -0.000000 0.720521 0.693433
vn -0.000000 0.606225 0.795293
vn 0.000000 0.720521 0.693433
vn -0.000000 0.606225 0.795293
vn -0.000000 0.477720 0.878512
vn 0.000000 0.477720 0.878512
vn 0.000000 0.338017 0.941140
vn -0.000000 0.338017 0.941140
vn -0.000000 0.190391 0.981708
vn -0.000000 0.038303 0.999266
vn -0.000000 0.190391 0.981708
vn -0.000000 0.038303 0.999266
vn 0.000000 -0.114683 0.993402
vn 0.000000 -0.114683 0.993402
vn 0.000000 -0.264982 0.964253
vn 0.000000 -0.264982 0.964253
vn 0.000000 -0.409069 0.912504
vn 0.000000 -0.409069 0.912504
vn 0.000000 -0.543567 0.839365
vn 0.000000 -0.543567 0.839365
vn 0.000000 -0.665326 0.746553
vn 0.000000 -0.665326 0.746553
vn 0.000000 -0.771489 0.636242
vn 0.000000 -0.771489 0.636242
vn 0.000000 -0.859570 0.511019
vn 0.000000 -0.859570 0.511019
vn 0.000000 -0.927502 0.373817
vn 0.000000 -0.927502 0.373817
vn 0.000000 -0.973696 0.227853
vn 0.000000 -0.973696 0.227853
vn 0.000000 -0.997066 0.076549
vn 0.000000 -0.997066 0.076549
vn 1.000000 0.000000 0.000000
vn 1.000000 0.000000 0.000000
vn 1.000000 0.000000 0.000000
vn 1.000000 0.000000 0.000000
vn 1.000000 0.000000 0.000000
vn 1.000000 0.000000 0.000000
vn 1.000000 0.000000 0.000000
vn 1.000000 0.000000 0.000000
vn 1.000000 0.000000 0.000000
vn 1.000000 0.000000 0.000000
vn 1.000000 0.000000 0.000000
vn 1.000000 0.000000 0.000000
vn 1.000000 0.000000 0.000000
vn 1.000000 0.000000 0.000000
vn 1.000000 0.000000 0.000000
vn 1.000000 0.000000 0.000000
vn 1.000000 0.000000 0.000000
vn 1.000000 0.000000 0.000000
vn 1.000000 0.000000 0.000000
vn 1.000000 0.000000 0.000000
vn 1.000000 0.000000 0.000000
vn 1.000000 0.000000 0.000000
vn 1.000000 0.000000 0.000000
vn 1.000000 0.000000 0.000000
vn 1.000000 0.000000 0.000000
vn 1.000000 0.000000 0.000000
vn 1.000000 0.000000 0.000000
vn 1.000000 0.000000 0.000000
vn 1.000000 0.000000 0.000000
vn 1.000000 0.000000 0.000000
vn 1.000000 0.000000 0.000000
vn 1.000000 0.000000 0.000000
vn 1.000000 0.000000 0.000000
vn 1.000000 0.000000 0.000000
vn 1.000000 0.000000 0.000000
vn 1.000000 0.000000 0.000000
vn 1.000000 0.000000 0.000000
vn 1.000000 0.000000 0.000000
vn 1.000000 0.000000 0.000000
vn 1.000000 0.000000 0.000000
vn 1.000000 0.000000 0.000000
vn 1.000000 0.000000 0.000000
vn 1.000000 0.000000 0.000000
vn 1.000000 0.000000 0.000000
vn 1.000000 0.000000 0.000000
vn 1.000000 0.000000 0.000000
vn 1.000000 0.000000 0.000000
vn 1.000000 0.000000 0.000000
vn 1.000000 0.000000 0.000000
vn 1.000000 0.000000 0.000000
vn 1.000000 0.000000 0.000000
vn 1.000000 0.000000 0.000000
vn 1.000000 0.000000 0.000000
vn 1.000000 0.000000 0.000000
vn 1.000000 0.000000 0.000000
vn 1.000000 0.000000 0.000000
vn 1.000000 0.000000 0.000000
vn 1.000000 0.000000 0.000000
vn 1.000000 0.000000 0.000000
vn 1.000000 0.000000 0.000000
vn 1.000000 0.000000 0.000000
vn 1.000000 0.000000 0.000000
vn 1.000000 0.000000 0.000000
vn 1.000000 0.000000 0.000000
vn 1.000000 0.000000 0.000000
vn 1.000000 0.000000 0.000000
vn 1.000000 0.000000 0.000000
vn 1.000000 0.000000 0.000000
vn 1.000000 0.000000 0.000000
vn 1.000000 0.000000 0.000000
vn 1.000000 0.000000 0.000000
vn 1.000000 0.000000 0.000000
vn 1.000000 0.000000 0.000000
vn 1.000000 0.000000 0.000000
vn 1.000000 0.000000 0.000000
vn 1.000000 0.000000 0.000000
vn 1.000000 0.000000 0.000000
vn 1.000000 0.000000 0.000000
vn 1.000000 0.000000 0.000000
vn 1.000000 0.000000 0.000000
vn 1.000000 0.000000 0.000000
vn 1.000000 0.000000 0.000000
vn 1.000000 0.000000 0.000000
vn 1.000000 0.000000 0.000000
vn 1.000000 0.000000 0.000000
vn 1.000000 0.000000 0.000000
vn 1.000000 0.000000 0.000000
vn 1.000000 0.000000 0.000000
vn 1.000000 0.000000 0.000000
vn 1.000000 0.000000 0.000000
vn 1.000000 0.000000 0.000000
vn 1.000000 0.000000 0.000000
vn 0.000000 0.998103 0.061561
vn 0.000000 0.982973 0.183750
vn 0.000000 0.998103 0.061561
vn 0.000000 0.982973 0.183750
vn 0.000000 0.952942 0.303153
vn 0.000000 0.952942 0.303153
vn 0.000000 0.908465 0.417960
vn 0.000000 0.908465 0.417960
vn 0.000000 0.850217 0.526432
vn 0.000000 0.779081 0.626924
vn 0.000000 0.850217 0.526432
vn 0.000000 0.779081 0.626924
vn 0.000000 0.696134 0.717912
vn 0.000000 0.602635 0.798017
vn 0.000000 0.696134 0.717912
vn 0.000000 0.602635 0.798017
vn 0.000000 0.500000 0.866025
vn 0.000000 0.500000 0.866025
vn 0.000000 0.389786 0.920906
vn 0.000000 0.273663 0.961826
vn 0.000000 0.389786 0.920906
vn 0.000000 0.273663 0.961826
vn 0.000000 0.153391 0.988166
vn 0.000000 0.030795 0.999526
vn 0.000000 0.153391 0.988166
vn 0.000000 0.030795 0.999526
vn 0.000000 -0.092268 0.995734
vn 0.000000 -0.213933 0.976848
vn 0.000000 -0.092268 0.995734
vn 0.000000 -0.213933 0.976848
vn 0.000000 -0.332355 0.943154
vn 0.000000 -0.332355 0.943154
vn 0.000000 -0.445739 0.895163
vn 0.000000 -0.552365 0.833602
vn 0.000000 -0.445739 0.895163
vn 0.000000 -0.552365 0.833602
vn 0.000000 -0.650618 0.759405
vn 0.000000 -0.739009 0.673696
vn 0.000000 -0.650618 0.759405
vn 0.000000 -0.816197 0.577774
vn 0.000000 -0.739009 0.673696
vn 0.000000 -0.816197 0.577774
vn 0.000000 -0.881012 0.473093
vn 0.000000 -0.881012 0.473093
vn 0.000000 -0.932472 0.361242
vn 0.000000 -0.932472 0.361242
vn 0.000000 -0.969797 0.243914
vn 0.000000 -0.969797 0.243914
vn 0.000000 -0.992420 0.122889
vn 0.000000 -0.992420 0.122889
vn 0.000000 -1.000000 0.000000
vn 0.000000 -1.000000 0.000000
vn -0.000000 -0.992420 -0.122889
vn -0.000000 -0.992420 -0.122889
vn 0.000000 -0.969797 -0.243914
vn -0.000000 -0.969797 -0.243914
vn 0.000000 -0.932472 -0.361242
vn -0.000000 -0.932472 -0.361242
vn 0.000000 -0.881012 -0.473093
vn -0.000000 -0.881012 -0.473093
vn -0.000000 -0.816197 -0.577774
vn -0.000000 -0.816197 -0.577774
vn -0.000000 -0.739009 -0.673696
vn -0.000000 -0.650618 -0.759405
vn 0.000000 -0.739009 -0.673696
vn -0.000000 -0.650618 -0.759405
vn -0.000000 -0.552365 -0.833602
vn 0.000000 -0.552365 -0.833602
vn -0.000000 -0.445739 -0.895163
vn 0.000000 -0.445739 -0.895163
vn -0.000000 -0.332355 -0.943154
vn 0.000000 -0.332355 -0.943154
vn -0.000000 -0.213933 -0.976848
vn -0.000000 -0.092268 -0.995734
vn 0.000000 -0.213933 -0.976848
vn -0.000000 -0.092268 -0.995734
vn 0.000000 0.030795 -0.999526
vn 0.000000 0.030795 -0.999526
vn 0.000000 0.153391 -0.988166
vn 0.000000 0.273663 -0.961826
vn 0.000000 0.153391 -0.988166
vn 0.000000 0.273663 -0.961826
vn 0.000000 0.389786 -0.920906
vn 0.000000 0.389786 -0.920906
vn 0.000000 0.500000 -0.866025
vn 0.000000 0.602635 -0.798017
vn 0.000000 0.500000 -0.866025
vn 0.000000 0.602635 -0.798017
vn 0.000000 0.696134 -0.717912
vn 0.000000 0.779081 -0.626924
vn 0.000000 0.696134 -0.717912
vn 0.000000 0.779081 -0.626924
vn 0.000000 0.850217 -0.526432
vn 0.000000 0.850217 -0.526432
vn 0.000000 0.908465 -0.417960
vn 0.000000 0.952942 -0.303153
vn 0.000000 0.908465 -0.417960
vn 0.000000 0.952942 -0.303153
vn 0.000000 0.982973 -0.183750
vn 0.000000 0.982973 -0.183750
vn 0.000000 0.998103 -0.061561
vn 0.000000 0.998103 -0.061561
vn 1.000000 0.000000 0.000000
vn 1.000000 0.000000 0.000000
vn 1.000000 0.000000 0.000000
vn 1.000000 0.000000 0.000000
vn 1.000000 0.000000 0.000000
vn 1.000000 0.000000 0.000000
vn 1.000000 0.000000 0.000000
vn 1.000000 0.000000 0.000000
vn 1.000000 0.000000 0.000000
vn 1.000000 0.000000 0.000000
vn 1.000000 0.000000 0.000000
vn 1.000000 0.000000 0.000000
vn 1.000000 0.000000 0.000000
vn 1.000000 0.000000 0.000000
vn 1.000000 0.000000 0.000000
vn 1.000000 0.000000 0.000000
vn 1.000000 0.000000 0.000000
vn 1.000000 0.000000 0.000000
vn 1.000000 0.000000 0.000000
vn 1.000000 0.000000 0.000000
vn 1.000000 0.000000 0.000000
vn 1.000000 0.000000 0.000000
vn 1.000000 0.000000 0.000000
vn 1.000000 0.000000 0.000000
vn 1.000000 0.000000 0.000000
vn 1.000000 0.000000 0.000000
vn 1.000000 0.000000 0.000000
vn 1.000000 0.000000 0.000000
vn 1.000000 0.000000 0.000000
vn 1.000000 0.000000 0.000000
vn 1.000000 0.000000 0.000000
vn 1.000000 0.000000 0.000000
vn 1.000000 0.000000 0.000000
vn 1.000000 0.000000 0.000000
vn 1.000000 0.000000 0.000000
vn 1.000000 0.000000 0.000000
vn 1.000000 0.000000 0.000000
vn 1.000000 0.000000 0.000000
vn 1.000000 0.000000 0.000000
vn 1.000000 0.000000 0.000000
vn 1.000000 0.000000 0.000000
vn 1.000000 0.000000 0.000000
vn 1.000000 0.000000 0.000000
vn 1.000000 0.000000 0.000000
vn 1.000000 0.000000 0.000000
vn 1.000000 0.000000 0.000000
vn 1.000000 0.000000 0.000000
vn 1.000000 0.000000 0.000000
vn 1.000000 0.000000 0.000000
vn 1.000000 0.000000 0.000000
vn 1.000000 0.000000 0.000000
vn 1.000000 0.000000 0.000000
vn 1.000000 0.000000 0.000000
vn 1.000000 0.000000 0.000000
vn 1.000000 0.000000 0.000000
vn 1.000000 0.000000 0.000000
vn 1.000000 0.000000 0.000000
vn 1.000000 0.000000 0.000000
vn 1.000000 0.000000 0.000000
vn 1.000000 0.000000 0.000000
vn 1.000000 0.000000 0.000000
vn 1.000000 0.000000 0.000000
vn 1.000000 0.000000 0.000000
vn 1.000000 0.000000 0.000000
vn 1.000000 0.000000 0.000000
vn 1.000000 0.000000 0.000000
vn 1.000000 0.000000 0.000000
vn 1.000000 0.000000 0.000000
vn 1.000000 0.000000 0.000000
vn 1.000000 0.000000 0.000000
vn 1.000000 0.000000 0.000000
vn 1.000000 0.000000 0.000000
vn 1.000000 0.000000 0.000000
vn 1.000000 0.000000 0.000000
vn 1.000000 0.000000 0.000000
vn 1.000000 0.000000 0.000000
vn 1.000000 0.000000 0.000000
vn 1.000000 0.000000 0.000000
vn 1.000000 0.000000 0.000000
vn 1.000000 0.000000 0.000000
vn 1.000000 0.000000 0.000000
vn 1.000000 0.000000 0.000000
vn 1.000000 0.000000 0.000000
vn 1.000000 0.000000 0.000000
vn 1.000000 0.000000 0.000000
vn 1.000000 0.000000 0.000000
vn 1.000000 0.000000 0.000000
vn 1.000000 0.000000 0.000000
vn 1.000000 0.000000 0.000000
vn 1.000000 0.000000 0.000000
vn 1.000000 0.000000 0.000000
vn 1.000000 0.000000 0.000000
vn 1.000000 0.000000 0.000000
vn 1.000000 0.000000 0.000000
vn 1.000000 0.000000 0.000000
vn 1.000000 0.000000 0.000000
vn 1.000000 0.000000 0.000000
vn 1.000000 0.000000 0.000000
vn 1.000000 0.000000 0.000000
vn 1.000000 0.000000 0.000000
vn 1.000000 0.000000 0.000000
vn 1.000000 0.000000 0.000000
vn 1.000000 0.000000 0.000000
vn 1.000000 0.000000 0.000000
vn 1.000000 0.000000 0.000000
vn 1.000000 0.000000 0.000000
vn 1.000000 0.000000 0.000000
vn 1.000000 0.000000 0.000000
vn 1.000000 0.000000 0.000000
vn 1.000000 0.000000 0.000000
vn 1.000000 0.000000 0.000000
vn 1.000000 0.000000 0.000000
vn 1.000000 0.000000 0.000000
vn 1.000000 0.000000 0.000000
vn 1.000000 0.000000 0.000000
vn 1.000000 0.000000 0.000000
vn 1.000000 0.000000 0.000000
vn 1.000000 0.000000 0.000000
vn 1.000000 0.000000 0.000000
vn 1.000000 0.000000 0.000000
vn 0.000000 0.998964 0.045515
vn 0.000000 0.990686 0.136167
vn 0.000000 0.998964 0.045515
vn 0.000000 0.990686 0.136167
vn 0.000000 0.974199 0.225691
vn 0.000000 0.949640 0.313344
vn 0.000000 0.974199 0.225691
vn 0.000000 0.949640 0.313344
vn 0.000000 0.917212 0.398401
vn 0.000000 0.877182 0.480157
vn 0.000000 0.917212 0.398401
vn 0.000000 0.877182 0.480157
vn 0.000000 0.829886 0.557934
vn 0.000000 0.775711 0.631088
vn 0.000000 0.829886 0.557934
vn 0.000000 0.775711 0.631088
vn 0.000000 0.715109 0.699013
vn 0.000000 0.715109 0.699013
vn 0.000000 0.648582 0.761145
vn 0.000000 0.576680 0.816970
vn 0.000000 0.648582 0.761145
vn 0.000000 0.576680 0.816970
vn 0.000000 0.500001 0.866025
vn 0.000000 0.500001 0.866025
vn 0.000000 0.419176 0.907905
vn 0.000000 0.419176 0.907905
vn 0.000000 0.334879 0.942261
vn 0.000000 0.334879 0.942261
vn 0.000000 0.247808 0.968809
vn 0.000000 0.247808 0.968809
vn 0.000000 0.158683 0.987330
vn 0.000000 0.158683 0.987330
vn 0.000000 0.068243 0.997669
vn 0.000000 0.068243 0.997669
vn 0.000000 -0.022764 0.999741
vn 0.000000 -0.022764 0.999741
vn 0.000000 -0.113580 0.993529
vn 0.000000 -0.113580 0.993529
vn 0.000000 -0.203456 0.979084
vn 0.000000 -0.203456 0.979084
vn 0.000000 -0.291646 0.956526
vn 0.000000 -0.291646 0.956526
vn 0.000000 -0.377419 0.926043
vn 0.000000 -0.377419 0.926043
vn 0.000000 -0.460066 0.887885
vn 0.000000 -0.460066 0.887885
vn 0.000000 -0.538899 0.842371
vn 0.000000 -0.538899 0.842371
vn 0.000000 -0.613266 0.789876
vn 0.000000 -0.613266 0.789876
vn 0.000000 -0.682553 0.730836
vn 0.000000 -0.682553 0.730836
vn 0.000000 -0.746184 0.665740
vn 0.000000 -0.746184 0.665740
vn 0.000000 -0.803631 0.595128
vn 0.000000 -0.803631 0.595128
vn 0.000000 -0.854420 0.519583
vn 0.000000 -0.854420 0.519583
vn 0.000000 -0.898128 0.439735
vn 0.000000 -0.898128 0.439735
vn 0.000000 -0.934394 0.356242
vn 0.000000 -0.934394 0.356242
vn 0.000000 -0.962917 0.269796
vn 0.000000 -0.962917 0.269796
vn 0.000000 -0.983462 0.181116
vn 0.000000 -0.983462 0.181116
vn 0.000000 -0.995857 0.090935
vn -0.000000 -1.000000 0.000000
vn 0.000000 -0.995857 0.090935
vn 0.000000 -1.000000 0.000000
vn -0.000000 -0.995857 -0.090935
vn -0.000000 -0.983462 -0.181116
vn 0.000000 -0.995857 -0.090935
vn -0.000000 -0.983462 -0.181116
vn -0.000000 -0.962917 -0.269796
vn 0.000000 -0.962917 -0.269796
vn -0.000000 -0.934394 -0.356242
vn 0.000000 -0.934394 -0.356242
vn 0.000000 -0.898128 -0.439735
vn -0.000000 -0.898128 -0.439735
vn 0.000000 -0.854420 -0.519583
vn -0.000000 -0.854420 -0.519583
vn -0.000000 -0.803631 -0.595128
vn -0.000000 -0.803631 -0.595128
vn 0.000000 -0.746184 -0.665740
vn -0.000000 -0.746184 -0.665740
vn 0.000000 -0.682553 -0.730836
vn -0.000000 -0.682553 -0.730836
vn -0.000000 -0.613266 -0.789876
vn -0.000000 -0.613266 -0.789876
vn -0.000000 -0.538899 -0.842371
vn -0.000000 -0.538899 -0.842371
vn 0.000000 -0.460066 -0.887885
vn -0.000000 -0.460066 -0.887885
vn 0.000000 -0.377419 -0.926043
vn -0.000000 -0.377419 -0.926043
vn -0.000000 -0.291646 -0.956526
vn -0.000000 -0.291646 -0.956526
vn 0.000000 -0.203456 -0.979084
vn -0.000000 -0.203456 -0.979084
vn -0.000000 -0.113580 -0.993529
vn -0.000000 -0.113580 -0.993529
vn 0.000000 -0.022764 -0.999741
vn -0.000000 -0.022764 -0.999741
vn 0.000000 0.068243 -0.997669
vn 0.000000 0.158683 -0.987330
vn 0.000000 0.068243 -0.997669
vn 0.000000 0.158683 -0.987330
vn 0.000000 0.247808 -0.968809
vn 0.000000 0.247808 -0.968809
vn 0.000000 0.334879 -0.942261
vn 0.000000 0.334879 -0.942261
vn 0.000000 0.419176 -0.907905
vn 0.000000 0.419176 -0.907905
vn 0.000000 0.500001 -0.866025
vn 0.000000 0.576680 -0.816970
vn 0.000000 0.500001 -0.866025
vn 0.000000 0.576680 -0.816970
vn 0.000000 0.648582 -0.761145
vn 0.000000 0.648582 -0.761145
vn 0.000000 0.715109 -0.699013
vn 0.000000 0.715109 -0.699013
vn 0.000000 0.775711 -0.631088
vn 0.000000 0.775711 -0.631088
vn 0.000000 0.829886 -0.557934
vn 0.000000 0.877182 -0.480157
vn 0.000000 0.829886 -0.557934
vn 0.000000 0.877182 -0.480157
vn 0.000000 0.917212 -0.398401
vn 0.000000 0.917212 -0.398401
vn 0.000000 0.949640 -0.313344
vn 0.000000 0.949640 -0.313344
vn 0.000000 0.974199 -0.225691
vn 0.000000 0.974199 -0.225691
vn 0.000000 0.990686 -0.136167
vn 0.000000 0.990686 -0.136167
vn 0.000000 0.998964 -0.045515
vn 0.000000 0.998964 -0.045515
vn 1.000000 0.000000 0.000000
vn 1.000000 0.000000 0.000000
vn 1.000000 0.000000 0.000000
vn 1.000000 0.000000 0.000000
vn 1.000000 0.000000 0.000000
vn 1.000000 0.000000 0.000000
vn 1.000000 0.000000 0.000000
vn 1.000000 0.000000 0.000000
vn 1.000000 0.000000 0.000000
vn 1.000000 0.000000 0.000000
vn 1.000000 0.000000 0.000000
vn 1.000000 0.000000 0.000000
vn 1.000000 0.000000 0.000000
vn 1.000000 0.000000 0.000000
vn 1.000000 0.000000 0.000000
vn 1.000000 0.000000 0.000000
vn 1.000000 0.000000 0.000000
vn 1.000000 0.000000 0.000000
vn 1.000000 0.000000 0.000000
vn 1.000000 0.000000 0.000000
vn 1.000000 0.000000 0.000000
vn 1.000000 0.000000 0.000000
vn 1.000000 0.000000 0.000000
vn 1.000000 0.000000 0.000000
vn 1.000000 0.000000 0.000000
vn 1.000000 0.000000 0.000000
vn 1.000000 0.000000 0.000000
vn 1.000000 0.000000 0.000000
vn 1.000000 0.000000 0.000000
vn 1.000000 0.000000 0.000000
vn 1.000000 0.000000 0.000000
vn 1.000000 0.000000 0.000000
vn 1.000000 0.000000 0.000000
vn 1.000000 0.000000 0.000000
vn 1.000000 0.000000 0.000000
vn 1.000000 0.000000 0.000000
vn 1.000000 0.000000 0.000000
vn 1.000000 0.000000 0.000000
vn 1.000000 0.000000 0.000000
vn 1.000000 0.000000 0.000000
vn 1.000000 0.000000 0.000000
vn 1.000000 0.000000 0.000000
vn 1.000000 0.000000 0.000000
vn 1.000000 0.000000 0.000000
vn 1.000000 0.000000 0.000000
vn 1.000000 0.000000 0.000000
vn 1.000000 0.000000 0.000000
vn 1.000000 0.000000 0.000000
vn 1.000000 0.000000 0.000000
vn 1.000000 0.000000 0.000000
vn 1.000000 0.000000 0.000000
vn 1.000000 0.000000 0.000000
vn 1.000000 0.000000 0.000000
vn 1.000000 0.000000 0.000000
vn 1.000000 0.000000 0.000000
vn 1.000000 0.000000 0.000000
vn 1.000000 0.000000 0.000000
vn 1.000000 0.000000 0.000000
vn 1.000000 0.000000 0.000000
vn 1.000000 0.000000 0.000000
vn 1.000000 0.000000 0.000000
vn 1.000000 0.000000 0.000000
vn 1.000000 0.000000 0.000000
vn 1.000000 0.000000 0.000000
vn 1.000000 0.000000 0.000000
vn 1.000000 0.000000 0.000000
vn 1.000000 0.000000 0.000000
vn 1.000000 0.000000 0.000000
vn 1.000000 0.000000 0.000000
vn 1.000000 0.000000 0.000000
vn 1.000000 0.000000 0.000000
vn 1.000000 0.000000 0.000000
vn 1.000000 0.000000 0.000000
vn 1.000000 0.000000 0.000000
vn 1.000000 0.000000 0.000000
vn 1.000000 0.000000 0.000000
vn 1.000000 0.000000 0.000000
vn 1.000000 0.000000 0.000000
vn 1.000000 0.000000 0.000000
vn 1.000000 0.000000 0.000000
vn 1.000000 0.000000 0.000000
vn 1.000000 0.000000 0.000000
vn 1.000000 0.000000 0.000000
vn 1.000000 0.000000 0.000000
vn 1.000000 0.000000 0.000000
vn 1.000000 0.000000 0.000000
vn 1.000000 0.000000 0.000000
vn 1.000000 0.000000 0.000000
vn 1.000000 0.000000 0.000000
vn 1.000000 0.000000 0.000000
vn 1.000000 0.000000 0.000000
vn 1.000000 0.000000 0.000000
vn 1.000000 0.000000 0.000000
vn 1.000000 0.000000 0.000000
vn 1.000000 0.000000 0.000000
vn 1.000000 0.000000 0.000000
vn 1.000000 0.000000 0.000000
vn 1.000000 0.000000 0.000000
vn 1.000000 0.000000 0.000000
vn 1.000000 0.000000 0.000000
vn 1.000000 0.000000 0.000000
vn 1.000000 0.000000 0.000000
vn 1.000000 0.000000 0.000000
vn 1.000000 0.000000 0.000000
vn 1.000000 0.000000 0.000000
vn 1.000000 0.000000 0.000000
vn 1.000000 0.000000 0.000000
vn 1.000000 0.000000 0.000000
vn 1.000000 0.000000 0.000000
vn 1.000000 0.000000 0.000000
vn 1.000000 0.000000 0.000000
vn 1.000000 0.000000 0.000000
vn 1.000000 0.000000 0.000000
vn 1.000000 0.000000 0.000000
vn 1.000000 0.000000 0.000000
vn 1.000000 0.000000 0.000000
vn 1.000000 0.000000 0.000000
vn 1.000000 0.000000 0.000000
vn 1.000000 0.000000 0.000000
vn 1.000000 0.000000 0.000000
vn 1.000000 0.000000 0.000000
vn 1.000000 0.000000 0.000000
vn 1.000000 0.000000 0.000000
vn 1.000000 0.000000 0.000000
vn 1.000000 0.000000 0.000000
vn 1.000000 0.000000 0.000000
vn 1.000000 0.000000 0.000000
vn 1.000000 0.000000 0.000000
vn 1.000000 0.000000 0.000000
vn 1.000000 0.000000 0.000000
vn 1.000000 0.000000 0.000000
vn 1.000000 0.000000 0.000000
vn 1.000000 0.000000 0.000000
vn 1.000000 0.000000 0.000000
vn 1.000000 0.000000 0.000000
vn 1.000000 0.000000 0.000000
vn 1.000000 0.000000 0.000000
vn 1.000000 0.000000 0.000000
vn 1.000000 0.000000 0.000000
vn 1.000000 0.000000 0.000000
vn 0.000000 0.999021 0.044234
vn 0.000000 0.999021 0.044234
vn 0.000000 0.991203 0.132354
vn 0.000000 0.991203 0.132354
vn 0.000000 0.975626 0.219438
vn 0.000000 0.975626 0.219438
vn 0.000000 0.952415 0.304806
vn 0.000000 0.952415 0.304806
vn 0.000000 0.921749 0.387787
vn 0.000000 0.921749 0.387787
vn 0.000000 0.883869 0.467734
vn 0.000000 0.839072 0.544021
vn 0.000000 0.883869 0.467734
vn 0.000000 0.839072 0.544021
vn 0.000000 0.787708 0.616049
vn 0.000000 0.787708 0.616049
vn 0.000000 0.730179 0.683256
vn 0.000000 0.730179 0.683256
vn 0.000000 0.666936 0.745115
vn 0.000000 0.666936 0.745115
vn 0.000000 0.598472 0.801143
vn 0.000000 0.598472 0.801143
vn 0.000000 0.525325 0.850902
vn 0.000000 0.448067 0.894000
vn 0.000000 0.525325 0.850902
vn 0.000000 0.367302 0.930102
vn 0.000000 0.448067 0.894000
vn 0.000000 0.367302 0.930102
vn 0.000000 0.283662 0.958924
vn 0.000000 0.283662 0.958924
vn 0.000000 0.197802 0.980242
vn 0.000000 0.197802 0.980242
vn 0.000000 0.110394 0.993888
vn 0.000000 0.110394 0.993888
vn 0.000000 0.022122 0.999755
vn 0.000000 0.022122 0.999755
vn 0.000000 -0.066322 0.997798
vn 0.000000 -0.066322 0.997798
vn 0.000000 -0.154249 0.988032
vn 0.000000 -0.154249 0.988032
vn 0.000000 -0.240967 0.970533
vn 0.000000 -0.240967 0.970533
vn 0.000000 -0.325800 0.945439
vn 0.000000 -0.325800 0.945439
vn 0.000000 -0.408084 0.912944
vn 0.000000 -0.487173 0.873305
vn 0.000000 -0.408084 0.912944
vn 0.000000 -0.487173 0.873305
vn 0.000000 -0.562449 0.826832
vn 0.000000 -0.633324 0.773887
vn 0.000000 -0.562449 0.826832
vn 0.000000 -0.633324 0.773887
vn 0.000000 -0.699242 0.714886
vn 0.000000 -0.759687 0.650289
vn 0.000000 -0.699242 0.714886
vn 0.000000 -0.759687 0.650289
vn 0.000000 -0.814187 0.580603
vn 0.000000 -0.814187 0.580603
vn 0.000000 -0.862315 0.506373
vn 0.000000 -0.862315 0.506373
vn 0.000000 -0.903693 0.428181
vn 0.000000 -0.903693 0.428181
vn 0.000000 -0.938000 0.346636
vn 0.000000 -0.964965 0.262378
vn 0.000000 -0.938000 0.346636
vn 0.000000 -0.964965 0.262378
vn 0.000000 -0.984378 0.176069
vn 0.000000 -0.996087 0.088380
vn 0.000000 -0.984378 0.176069
vn -0.000000 -1.000000 0.000000
vn 0.000000 -0.996087 0.088380
vn 0.000000 -1.000000 0.000000
vn -0.000000 -0.996087 -0.088380
vn 0.000000 -0.996087 -0.088380
vn -0.000000 -0.984378 -0.176069
vn -0.000000 -0.964965 -0.262378
vn 0.000000 -0.984378 -0.176069
vn -0.000000 -0.964965 -0.262378
vn 0.000000 -0.938000 -0.346636
vn -0.000000 -0.938000 -0.346636
vn 0.000000 -0.903693 -0.428181
vn -0.000000 -0.903693 -0.428181
vn 0.000000 -0.862315 -0.506373
vn -0.000000 -0.862315 -0.506373
vn 0.000000 -0.814187 -0.580603
vn -0.000000 -0.814187 -0.580603
vn 0.000000 -0.759687 -0.650289
vn -0.000000 -0.759687 -0.650289
vn 0.000000 -0.699242 -0.714886
vn -0.000000 -0.699242 -0.714886
vn 0.000000 -0.633324 -0.773887
vn -0.000000 -0.633324 -0.773887
vn -0.000000 -0.562449 -0.826832
vn -0.000000 -0.562449 -0.826832
vn 0.000000 -0.487173 -0.873305
vn -0.000000 -0.487173 -0.873305
vn -0.000000 -0.408084 -0.912944
vn -0.000000 -0.408084 -0.912944
vn -0.000000 -0.325800 -0.945439
vn -0.000000 -0.325800 -0.945439
vn -0.000000 -0.240967 -0.970533
vn -0.000000 -0.240967 -0.970533
vn -0.000000 -0.154249 -0.988032
vn -0.000000 -0.154249 -0.988032
vn -0.000000 -0.066322 -0.997798
vn 0.000000 -0.066322 -0.997798
vn 0.000000 0.022122 -0.999755
vn 0.000000 0.022122 -0.999755
vn 0.000000 0.110394 -0.993888
vn 0.000000 0.110394 -0.993888
vn 0.000000 0.197802 -0.980242
vn 0.000000 0.197802 -0.980242
vn 0.000000 0.283662 -0.958924
vn 0.000000 0.283662 -0.958924
vn 0.000000 0.367302 -0.930102
vn 0.000000 0.448067 -0.894000
vn 0.000000 0.367302 -0.930102
vn 0.000000 0.448067 -0.894000
vn 0.000000 0.525325 -0.850902
vn 0.000000 0.525325 -0.850902
vn 0.000000 0.598472 -0.801143
vn 0.000000 0.666936 -0.745115
vn 0.000000 0.598472 -0.801143
vn 0.000000 0.666936 -0.745115
vn 0.000000 0.730179 -0.683256
vn 0.000000 0.730179 -0.683256
vn 0.000000 0.787708 -0.616049
vn 0.000000 0.787708 -0.616049
vn 0.000000 0.839072 -0.544021
vn 0.000000 0.839072 -0.544021
vn 0.000000 0.883869 -0.467734
vn 0.000000 0.883869 -0.467734
vn 0.000000 0.921749 -0.387787
vn 0.000000 0.921749 -0.387787
vn 0.000000 0.952415 -0.304806
vn 0.000000 0.952415 -0.304806
vn 0.000000 0.975626 -0.219438
vn 0.000000 0.975626 -0.219438
vn 0.000000 0.991203 -0.132354
vn 0.000000 0.991203 -0.132354
vn 0.000000 0.999021 -0.044234
vn 0.000000 0.999021 -0.044234
vn -1.000000 0.000000 0.000000
vn -1.000000 0.000000 0.000000
vn -1.000000 0.000000 0.000000
vn -1.000000 0.000000 0.000000
vn -1.000000 0.000000 -0.000000
vn -1.000000 0.000000 0.000000
vn -1.000000 0.000000 0.000000
vn -1.000000 0.000000 0.000000
vn -1.000000 0.000000 0.000000
vn -1.000000 0.000000 -0.000000
vn -1.000000 0.000000 0.000000
vn -1.000000 0.000000 0.000000
vn -1.000000 0.000000 0.000000
vn -1.000000 0.000000 -0.000000
vn -1.000000 0.000000 0.000000
vn -1.000000 0.000000 0.000000
vn -1.000000 0.000000 0.000000
vn -1.000000 0.000000 0.000000
vn -1.000000 0.000000 0.000000
vn -1.000000 0.000000 0.000000
vn -1.000000 0.000000 -0.000000
vn -1.000000 0.000000 0.000000
vn -1.000000 0.000000 0.000000
vn -1.000000 0.000000 0.000000
vn -1.000000 0.000000 -0.000000
vn -1.000000 0.000000 -0.000000
vn -1.000000 0.000000 0.000000
vn -1.000000 0.000000 0.000000
vn -1.000000 0.000000 0.000000
vn -1.000000 0.000000 0.000000
vn -1.000000 0.000000 -0.000000
vn -1.000000 0.000000 -0.000000
vn -1.000000 0.000000 0.000000
vn -1.000000 0.000000 0.000000
vn -1.000000 0.000000 0.000000
vn -1.000000 0.000000 -0.000000
vn -1.000000 0.000000 0.000000
vn -1.000000 0.000000 0.000000
vn -1.000000 0.000000 0.000000
vn -1.000000 0.000000 0.000000
vn -1.000000 0.000000 0.000000
vn -1.000000 0.000000 0.000000
vn -1.000000 0.000000 -0.000000
vn -1.000000 0.000000 0.000000
vn -1.000000 0.000000 0.000000
vn -1.000000 0.000000 0.000000
vn -1.000000 0.000000 -0.000000
vn -1.000000 0.000000 0.000000
vn -1.000000 0.000000 0.000000
vn -1.000000 0.000000 -0.000000
vn -1.000000 0.000000 0.000000
vn -1.000000 0.000000 0.000000
vn -1.000000 0.000000 0.000000
vn -1.000000 0.000000 0.000000
vn -1.000000 0.000000 -0.000000
vn -1.000000 0.000000 -0.000000
vn -1.000000 0.000000 0.000000
vn -1.000000 0.000000 0.000000
vn -1.000000 0.000000 -0.000000
vn -1.000000 0.000000 -0.000000
vn -1.000000 0.000000 0.000000
vn -1.000000 0.000000 0.000000
vn -1.000000 0.000000 -0.000000
vn -1.000000 0.000000 0.000000
vn -1.000000 0.000000 0.000000
vn -1.000000 0.000000 -0.000000
vn -1.000000 0.000000 0.000000
vn -1.000000 0.000000 0.000000
vn -1.000000 0.000000 0.000000
vn -1.000000 0.000000 -0.000000
vn -1.000000 0.000000 0.000000
vn -1.000000 0.000000 0.000000
vn -1.000000 0.000000 -0.000000
vn -1.000000 0.000000 0.000000
vn -1.000000 0.000000 0.000000
vn -1.000000 0.000000 0.000000
vn -1.000000 0.000000 -0.000000
vn -1.000000 0.000000 0.000000
vn -1.000000 0.000000 0.000000
vn -1.000000 0.000000 0.000000
vn -1.000000 0.000000 -0.000000
vn -1.000000 0.000000 0.000000
vn -1.000000 0.000000 0.000000
vn -1.000000 0.000000 0.000000
vn -1.000000 0.000000 -0.000000
vn -1.000000 0.000000 0.000000
vn -1.000000 0.000000 -0.000000
vn -1.000000 0.000000 0.000000
vn -1.000000 0.000000 0.000000
vn -1.000000 0.000000 0.000000
vn -1.000000 0.000000 -0.000000
vn -1.000000 0.000000 0.000000
vn -1.000000 0.000000 0.000000
vn -1.000000 0.000000 0.000000
vn -1.000000 0.000000 0.000000
vn -1.000000 0.000000 -0.000000
vn -1.000000 0.000000 0.000000
vn -1.000000 0.000000 -0.000000
vn -1.000000 0.000000 0.000000
vn -1.000000 0.000000 0.000000
vn -1.000000 0.000000 0.000000
vn -1.000000 0.000000 -0.000000
vn -1.000000 0.000000 0.000000
vn -1.000000 0.000000 0.000000
vn -1.000000 0.000000 0.000000
vn -1.000000 0.000000 -0.000000
vn -1.000000 0.000000 0.000000
vn -1.000000 0.000000 0.000000
vn -1.000000 0.000000 0.000000
vn -1.000000 0.000000 -0.000000
vn -1.000000 0.000000 0.000000
vn -1.000000 0.000000 -0.000000
vn -1.000000 0.000000 0.000000
vn -1.000000 0.000000 0.000000
vn -1.000000 0.000000 0.000000
vn -1.000000 0.000000 -0.000000
vn -1.000000 0.000000 0.000000
vn -1.000000 0.000000 0.000000
vn -1.000000 0.000000 0.000000
vn -1.000000 0.000000 -0.000000
vn -1.000000 0.000000 0.000000
vn 0.000000 0.998027 0.062790
vn 0.000000 0.998027 0.062790
vn 0.000000 0.982287 0.187382
vn 0.000000 0.982287 0.187382
vn 0.000000 0.951057 0.309017
vn 0.000000 0.904827 0.425779
vn 0.000000 0.951057 0.309017
vn 0.000000 0.904827 0.425779
vn 0.000000 0.844328 0.535827
vn 0.000000 0.770513 0.637424
vn 0.000000 0.844328 0.535827
vn 0.000000 0.684547 0.728969
vn 0.000000 0.770513 0.637424
vn 0.000000 0.587785 0.809017
vn 0.000000 0.684547 0.728969
vn 0.000000 0.587785 0.809017
vn 0.000000 0.481754 0.876307
vn 0.000000 0.481754 0.876307
vn 0.000000 0.368125 0.929776
vn 0.000000 0.248690 0.968583
vn 0.000000 0.368125 0.929776
vn 0.000000 0.248690 0.968583
vn 0.000000 0.125334 0.992115
vn 0.000000 0.000000 1.000000
vn 0.000000 0.125334 0.992115
vn 0.000000 -0.000000 1.000000
vn 0.000000 -0.125334 0.992115
vn 0.000000 -0.248690 0.968583
vn 0.000000 -0.125334 0.992115
vn 0.000000 -0.248690 0.968583
vn 0.000000 -0.368125 0.929776
vn 0.000000 -0.481754 0.876307
vn 0.000000 -0.368125 0.929776
vn 0.000000 -0.481754 0.876307
vn 0.000000 -0.587785 0.809017
vn 0.000000 -0.587785 0.809017
vn 0.000000 -0.684547 0.728969
vn 0.000000 -0.684547 0.728969
vn 0.000000 -0.770513 0.637424
vn 0.000000 -0.844328 0.535827
vn 0.000000 -0.770513 0.637424
vn 0.000000 -0.904827 0.425779
vn 0.000000 -0.844328 0.535827
vn 0.000000 -0.951057 0.309017
vn 0.000000 -0.904827 0.425779
vn 0.000000 -0.951057 0.309017
vn 0.000000 -0.982287 0.187382
vn 0.000000 -0.982287 0.187382
vn 0.000000 -0.998027 0.062790
vn 0.000000 -0.998027 0.062790
vn -0.000000 -0.998027 -0.062790
vn -0.000000 -0.998027 -0.062790
vn 0.000000 -0.982287 -0.187382
vn -0.000000 -0.982287 -0.187382
vn 0.000000 -0.951057 -0.309017
vn -0.000000 -0.951057 -0.309017
vn 0.000000 -0.904827 -0.425779
vn -0.000000 -0.904827 -0.425779
vn 0.000000 -0.844328 -0.535827
vn -0.000000 -0.844328 -0.535827
vn 0.000000 -0.770513 -0.637424
vn -0.000000 -0.770513 -0.637424
vn -0.000000 -0.684547 -0.728969
vn 0.000000 -0.684547 -0.728969
vn -0.000000 -0.587785 -0.809017
vn 0.000000 -0.587785 -0.809017
vn -0.000000 -0.481754 -0.876307
vn 0.000000 -0.481754 -0.876307
vn -0.000000 -0.368125 -0.929776
vn 0.000000 -0.368125 -0.929776
vn -0.000000 -0.248690 -0.968583
vn -0.000000 -0.125334 -0.992115
vn 0.000000 -0.248690 -0.968583
vn -0.000000 -0.125334 -0.992115
vn -0.000000 0.000000 -1.000000
vn 0.000000 -0.000000 -1.000000
vn 0.000000 0.125334 -0.992115
vn 0.000000 0.125334 -0.992115
vn 0.000000 0.248690 -0.968583
vn 0.000000 0.368125 -0.929776
vn 0.000000 0.248690 -0.968583
vn 0.000000 0.368125 -0.929776
vn 0.000000 0.481754 -0.876307
vn 0.000000 0.481754 -0.876307
vn 0.000000 0.587785 -0.809017
vn 0.000000 0.587785 -0.809017
vn 0.000000 0.684547 -0.728969
vn 0.000000 0.684547 -0.728969
vn 0.000000 0.770513 -0.637424
vn 0.000000 0.770513 -0.637424
vn 0.000000 0.844328 -0.535827
vn 0.000000 0.844328 -0.535827
vn 0.000000 0.904827 -0.425779
vn 0.000000 0.904827 -0.425779
vn 0.000000 0.951057 -0.309017
vn 0.000000 0.951057 -0.309017
vn 0.000000 0.982287 -0.187382
vn 0.000000 0.982287 -0.187382
vn 0.000000 0.998027 -0.062790
vn 0.000000 0.998027 -0.062790
vn -1.000000 0.000000 0.000000
vn -1.000000 0.000000 0.000000
vn -1.000000 0.000000 0.000000
vn -1.000000 0.000000 0.000000
vn -1.000000 0.000000 -0.000000
vn -1.000000 0.000000 0.000000
vn -1.000000 0.000000 0.000000
vn -1.000000 0.000000 0.000000
vn -1.000000 0.000000 -0.000000
vn -1.000000 0.000000 0.000000
vn -1.000000 0.000000 0.000000
vn -1.000000 0.000000 0.000000
vn -1.000000 0.000000 -0.000000
vn -1.000000 0.000000 0.000000
vn -1.000000 0.000000 0.000000
vn -1.000000 0.000000 -0.000000
vn -1.000000 0.000000 0.000000
vn -1.000000 0.000000 -0.000000
vn -1.000000 0.000000 0.000000
vn -1.000000 0.000000 0.000000
vn -1.000000 0.000000 -0.000000
vn -1.000000 0.000000 0.000000
vn -1.000000 0.000000 -0.000000
vn -1.000000 0.000000 0.000000
vn -1.000000 0.000000 0.000000
vn -1.000000 0.000000 -0.000000
vn -1.000000 0.000000 0.000000
vn -1.000000 0.000000 0.000000
vn -1.000000 0.000000 -0.000000
vn -1.000000 0.000000 0.000000
vn -1.000000 0.000000 0.000000
vn -1.000000 0.000000 0.000000
vn -1.000000 0.000000 0.000000
vn -1.000000 0.000000 -0.000000
vn -1.000000 0.000000 0.000000
vn -1.000000 0.000000 0.000000
vn -1.000000 0.000000 0.000000
vn -1.000000 0.000000 -0.000000
vn -1.000000 0.000000 0.000000
vn -1.000000 0.000000 0.000000
vn -1.000000 0.000000 0.000000
vn -1.000000 0.000000 -0.000000
vn -1.000000 0.000000 0.000000
vn -1.000000 0.000000 0.000000
vn -1.000000 0.000000 0.000000
vn -1.000000 0.000000 -0.000000
vn -1.000000 0.000000 0.000000
vn -1.000000 0.000000 -0.000000
vn -1.000000 0.000000 0.000000
vn -1.000000 0.000000 -0.000000
vn -1.000000 0.000000 0.000000
vn -1.000000 0.000000 -0.000000
vn -1.000000 0.000000 0.000000
vn -1.000000 0.000000 0.000000
vn -1.000000 0.000000 0.000000
vn -1.000000 0.000000 -0.000000
vn -1.000000 0.000000 0.000000
vn -1.000000 0.000000 -0.000000
vn -1.000000 0.000000 0.000000
vn -1.000000 0.000000 0.000000
vn -1.000000 0.000000 0.000000
vn -1.000000 0.000000 -0.000000
vn -1.000000 0.000000 0.000000
vn -1.000000 0.000000 0.000000
vn -1.000000 0.000000 0.000000
vn -1.000000 0.000000 -0.000000
vn -1.000000 0.000000 0.000000
vn -1.000000 0.000000 0.000000
vn -1.000000 0.000000 0.000000
vn -1.000000 0.000000 -0.000000
vn -1.000000 0.000000 -0.000000
vn -1.000000 0.000000 0.000000
vn -1.000000 0.000000 0.000000
vn -1.000000 0.000000 0.000000
vn -1.000000 0.000000 -0.000000
vn -1.000000 0.000000 0.000000
vn -1.000000 0.000000 0.000000
vn -1.000000 0.000000 0.000000
vn -1.000000 0.000000 -0.000000
vn -1.000000 0.000000 0.000000
vn -1.000000 0.000000 0.000000
vn -1.000000 0.000000 -0.000000
vn -1.000000 0.000000 0.000000
vn -1.000000 0.000000 0.000000
vn -1.000000 0.000000 -0.000000
vn -1.000000 0.000000 0.000000
vn -1.000000 0.000000 0.000000
vn -1.000000 0.000000 0.000000
vn -1.000000 0.000000 0.000000
vn -1.000000 0.000000 -0.000000
vn -1.000000 0.000000 0.000000
f 1//1 2//1 3//1
f 1//2 3//2 4//2
f 5//3 4//3 6//3
f 5//4 6//4 7//4
f 5//5 1//5 4//5
f 8//6 5//6 7//6
f 9//7 7//7 10//7
f 9//8 10//8 11//8
f 9//9 8//9 7//9
f 12//10 9//10 11//10
f 13//11 12//11 11//11
f 13//12 11//12 14//12
f 13//13 14//13 15//13
f 16//14 13//14 15//14
f 17//15 16//15 15//15
f 17//16 15//16 18//16
f 17//17 18//17 19//17
f 20//18 17//18 19//18
f 21//19 20//19 19//19
f 21//20 19//20 22//20
f 21//21 22//21 23//21
f 24//22 21//22 23//22
f 24//23 23//23 25//23
f 26//24 24//24 25//24
f 27//25 26//25 25//25
f 27//26 25//26 28//26
f 29//27 27//27 28//27
f 29//28 28//28 30//28
f 31//29 29//29 30//29
f 31//30 30//30 32//30
f 33//31 31//31 32//31
f 33//32 32//32 34//32
f 35//33 33//33 34//33
f 35//34 34//34 36//34
f 37//35 36//35 38//35
f 37//36 35//36 36//36
f 39//37 38//37 40//37
f 39//38 37//38 38//38
f 41//39 39//39 40//39
f 41//40 40//40 42//40
f 43//41 42//41 44//41
f 43//42 41//42 42//42
f 45//43 44//43 46//43
f 45//44 43//44 44//44
f 47//45 46//45 48//45
f 47//46 45//46 46//46
f 49//47 48//47 50//47
f 49//48 50//48 51//48
f 49//49 47//49 48//49
f 52//50 49//50 51//50
f 53//51 51//51 54//51
f 53//52 54//52 55//52
f 53//53 52//53 51//53
f 56//54 53//54 55//54
f 57//55 55//55 58//55
f 57//56 56//56 55//56
f 59//57 57//57 58//57
f 59//58 58//58 60//58
f 59//59 60//59 61//59
f 62//60 61//60 63//60
f 62//61 59//61 61//61
f 64//62 62//62 63//62
f 65//63 64//63 63//63
f 65//64 63//64 66//64
f 65//65 66//65 67//65
f 68//66 65//66 67//66
f 69//67 68//67 67//67
f 69//68 67//68 70//68
f 71//69 69//69 70//69
f 71//70 70//70 72//70
f 73//71 71//71 72//71
f 73//72 72//72 74//72
f 73//73 74//73 75//73
f 76//74 73//74 75//74
f 77//75 76//75 75//75
f 77//76 75//76 78//76
f 79//77 77//77 78//77
f 79//78 78//78 80//78
f 79//79 80//79 81//79
f 82//80 79//80 81//80
f 2//81 82//81 81//81
f 2//82 81//82 3//82
f 54//83 83//83 84//83
f 51//84 83//84 54//84
f 51//85 85//85 86//85
f 51//86 86//86 83//86
f 55//87 84//87 87//87
f 55//88 54//88 84//88
f 50//89 85//89 51//89
f 50//90 88//90 85//90
f 58//91 55//91 87//91
f 58//92 87//92 89//92
f 48//93 90//93 88//93
f 48//94 88//94 50//94
f 60//95 58//95 89//95
f 60//96 89//96 91//96
f 60//97 91//97 92//97
f 46//98 90//98 48//98
f 46//99 93//99 90//99
f 61//100 92//100 94//100
f 61//101 60//101 92//101
f 44//102 95//102 96//102
f 44//103 96//103 93//103
f 44//104 93//104 46//104
f 63//105 94//105 97//105
f 63//106 61//106 94//106
f 42//107 98//107 95//107
f 42//108 95//108 44//108
f 66//109 97//109 99//109
f 66//110 63//110 97//110
f 40//111 100//111 98//111
f 40//112 98//112 42//112
f 67//113 66//113 99//113
f 67//114 99//114 101//114
f 67//115 101//115 102//115
f 38//116 103//116 100//116
f 38//117 100//117 40//117
f 70//118 102//118 104//118
f 70//119 67//119 102//119
f 36//120 105//120 103//120
f 36//121 103//121 38//121
f 72//122 70//122 104//122
f 106//123 72//123 104//123
f 34//124 107//124 105//124
f 34//125 105//125 36//125
f 74//126 72//126 106//126
f 108//127 107//127 34//127
f 32//128 108//128 34//128
f 109//129 74//129 106//129
f 75//130 74//130 109//130
f 110//131 32//131 30//131
f 110//132 108//132 32//132
f 111//133 75//133 109//133
f 112//134 30//134 28//134
f 112//135 110//135 30//135
f 113//136 75//136 111//136
f 113//137 78//137 75//137
f 114//138 112//138 28//138
f 114//139 28//139 25//139
f 115//140 80//140 78//140
f 115//141 78//141 113//141
f 116//142 114//142 25//142
f 117//143 80//143 115//143
f 117//144 81//144 80//144
f 118//145 116//145 25//145
f 118//146 25//146 23//146
f 119//147 81//147 117//147
f 119//148 3//148 81//148
f 120//149 118//149 23//149
f 120//150 23//150 22//150
f 121//151 3//151 119//151
f 122//152 120//152 22//152
f 122//153 22//153 19//153
f 123//154 3//154 121//154
f 123//155 4//155 3//155
f 124//156 122//156 19//156
f 124//157 19//157 18//157
f 125//158 4//158 123//158
f 125//159 6//159 4//159
f 126//160 124//160 18//160
f 127//161 6//161 125//161
f 127//162 7//162 6//162
f 128//163 18//163 15//163
f 128//164 126//164 18//164
f 129//165 7//165 127//165
f 129//166 10//166 7//166
f 130//167 15//167 14//167
f 130//168 128//168 15//168
f 131//169 10//169 129//169
f 132//170 14//170 11//170
f 132//171 130//171 14//171
f 133//172 132//172 11//172
f 133//173 11//173 10//173
f 133//174 10//174 131//174
f 121//175 134//175 135//175
f 123//176 135//176 136//176
f 123//177 121//177 135//177
f 125//178 123//178 136//178
f 127//179 136//179 137//179
f 127//180 125//180 136//180
f 129//181 137//181 138//181
f 129//182 127//182 137//182
f 131//183 138//183 139//183
f 131//184 139//184 140//184
f 131//185 129//185 138//185
f 133//186 131//186 140//186
f 132//187 140//187 141//187
f 132//188 141//188 142//188
f 132//189 133//189 140//189
f 130//190 132//190 142//190
f 128//191 142//191 143//191
f 128//192 130//192 142//192
f 126//193 143//193 144//193
f 126//194 144//194 145//194
f 126//195 128//195 143//195
f 124//196 126//196 145//196
f 122//197 145//197 146//197
f 122//198 146//198 147//198
f 122//199 124//199 145//199
f 120//200 122//200 147//200
f 118//201 147//201 148//201
f 118//202 148//202 149//202
f 118//203 120//203 147//203
f 116//204 118//204 149//204
f 114//205 149//205 150//205
f 114//206 116//206 149//206
f 112//207 150//207 151//207
f 112//208 151//208 152//208
f 112//209 114//209 150//209
f 110//210 112//210 152//210
f 108//211 152//211 153//211
f 108//212 153//212 154//212
f 108//213 110//213 152//213
f 107//214 154//214 155//214
f 107//215 108//215 154//215
f 105//216 107//216 155//216
f 103//217 155//217 156//217
f 103//218 105//218 155//218
f 100//219 156//219 157//219
f 100//220 103//220 156//220
f 98//221 100//221 157//221
f 98//222 157//222 158//222
f 95//223 98//223 158//223
f 95//224 158//224 159//224
f 96//225 95//225 159//225
f 96//226 159//226 160//226
f 96//227 160//227 161//227
f 93//228 96//228 161//228
f 90//229 93//229 161//229
f 90//230 161//230 162//230
f 88//231 90//231 162//231
f 88//232 162//232 163//232
f 85//233 88//233 163//233
f 85//234 163//234 164//234
f 85//235 164//235 165//235
f 86//236 85//236 165//236
f 83//237 165//237 166//237
f 83//238 166//238 167//238
f 83//239 86//239 165//239
f 84//240 83//240 167//240
f 87//241 167//241 168//241
f 87//242 84//242 167//242
f 89//243 168//243 169//243
f 89//244 87//244 168//244
f 91//245 169//245 170//245
f 91//246 89//246 169//246
f 92//247 170//247 171//247
f 92//248 171//248 172//248
f 92//249 91//249 170//249
f 94//250 92//250 172//250
f 97//251 172//251 173//251
f 97//252 94//252 172//252
f 99//253 173//253 174//253
f 99//254 174//254 175//254
f 99//255 97//255 173//255
f 101//256 99//256 175//256
f 102//257 175//257 176//257
f 102//258 101//258 175//258
f 104//259 176//259 177//259
f 104//260 177//260 178//260
f 104//261 102//261 176//261
f 106//262 104//262 178//262
f 109//263 178//263 179//263
f 109//264 179//264 180//264
f 109//265 106//265 178//265
f 111//266 109//266 180//266
f 113//267 180//267 181//267
f 113//268 111//268 180//268
f 115//269 181//269 182//269
f 115//270 182//270 183//270
f 115//271 113//271 181//271
f 117//272 115//272 183//272
f 119//273 117//273 183//273
f 119//274 183//274 184//274
f 121//275 119//275 184//275
f 121//276 184//276 134//276
f 166//277 185//277 186//277
f 165//278 187//278 188//278
f 165//279 188//279 185//279
f 165//280 185//280 166//280
f 167//281 186//281 189//281
f 167//282 166//282 186//282
f 164//283 190//283 187//283
f 164//284 187//284 165//284
f 168//285 189//285 191//285
f 168//286 191//286 192//286
f 168//287 167//287 189//287
f 163//288 193//288 190//288
f 163//289 190//289 164//289
f 169//290 192//290 194//290
f 169//291 168//291 192//291
f 162//292 195//292 196//292
f 162//293 193//293 163//293
f 162//294 196//294 193//294
f 170//295 169//295 194//295
f 170//296 194//296 197//296
f 161//297 198//297 195//297
f 161//298 195//298 162//298
f 171//299 197//299 199//299
f 171//300 199//300 200//300
f 171//301 170//301 197//301
f 160//302 201//302 198//302
f 160//303 198//303 161//303
f 172//304 171//304 200//304
f 172//305 200//305 202//305
f 159//306 203//306 204//306
f 159//307 204//307 201//307
f 159//308 201//308 160//308
f 173//309 202//309 205//309
f 173//310 172//310 202//310
f 158//311 206//311 203//311
f 158//312 203//312 159//312
f 174//313 173//313 205//313
f 174//314 205//314 207//314
f 174//315 207//315 208//315
f 157//316 206//316 158//316
f 157//317 209//317 210//317
f 157//318 210//318 206//318
f 175//319 174//319 208//319
f 175//320 208//320 211//320
f 156//321 212//321 209//321
f 156//322 209//322 157//322
f 176//323 175//323 211//323
f 176//324 211//324 213//324
f 155//325 212//325 156//325
f 155//326 214//326 212//326
f 177//327 176//327 213//327
f 177//328 213//328 215//328
f 177//329 215//329 216//329
f 154//330 217//330 214//330
f 154//331 214//331 155//331
f 178//332 177//332 216//332
f 218//333 178//333 216//333
f 219//334 217//334 154//334
f 153//335 219//335 154//335
f 179//336 178//336 218//336
f 220//337 179//337 218//337
f 221//338 219//338 153//338
f 221//339 153//339 152//339
f 222//340 180//340 179//340
f 222//341 179//341 220//341
f 223//342 221//342 152//342
f 223//343 152//343 151//343
f 224//344 181//344 180//344
f 224//345 180//345 222//345
f 225//346 223//346 151//346
f 226//347 182//347 181//347
f 226//348 181//348 224//348
f 227//349 225//349 151//349
f 227//350 151//350 150//350
f 228//351 182//351 226//351
f 229//352 227//352 150//352
f 229//353 150//353 149//353
f 230//354 183//354 182//354
f 230//355 182//355 228//355
f 231//356 149//356 148//356
f 231//357 229//357 149//357
f 232//358 184//358 183//358
f 232//359 183//359 230//359
f 233//360 231//360 148//360
f 234//361 184//361 232//361
f 234//362 134//362 184//362
f 235//363 233//363 148//363
f 235//364 148//364 147//364
f 236//365 134//365 234//365
f 237//366 235//366 147//366
f 237//367 147//367 146//367
f 238//368 134//368 236//368
f 238//369 135//369 134//369
f 239//370 237//370 146//370
f 239//371 146//371 145//371
f 240//372 135//372 238//372
f 240//373 136//373 135//373
f 241//374 239//374 145//374
f 242//375 136//375 240//375
f 242//376 137//376 136//376
f 243//377 241//377 145//377
f 243//378 145//378 144//378
f 244//379 137//379 242//379
f 245//380 243//380 144//380
f 245//381 144//381 143//381
f 246//382 137//382 244//382
f 246//383 138//383 137//383
f 247//384 245//384 143//384
f 248//385 138//385 246//385
f 248//386 139//386 138//386
f 249//387 247//387 143//387
f 249//388 143//388 142//388
f 250//389 139//389 248//389
f 250//390 140//390 139//390
f 251//391 249//391 142//391
f 251//392 142//392 141//392
f 252//393 140//393 250//393
f 253//394 251//394 141//394
f 253//395 140//395 252//395
f 253//396 141//396 140//396
f 238//397 254//397 255//397
f 238//398 255//398 256//398
f 238//399 236//399 254//399
f 240//400 238//400 256//400
f 242//401 256//401 257//401
f 242//402 257//402 258//402
f 242//403 240//403 256//403
f 244//404 242//404 258//404
f 246//405 258//405 259//405
f 246//406 259//406 260//406
f 246//407 244//407 258//407
f 248//408 246//408 260//408
f 250//409 260//409 261//409
f 250//410 261//410 262//410
f 250//411 248//411 260//411
f 252//412 250//412 262//412
f 253//413 262//413 263//413
f 253//414 252//414 262//414
f 251//415 263//415 264//415
f 251//416 264//416 265//416
f 251//417 253//417 263//417
f 249//418 251//418 265//418
f 247//419 265//419 266//419
f 247//420 249//420 265//420
f 245//421 266//421 267//421
f 245//422 247//422 266//422
f 243//423 267//423 268//423
f 243//424 245//424 267//424
f 241//425 243//425 268//425
f 241//426 268//426 269//426
f 239//427 241//427 269//427
f 239//428 269//428 270//428
f 239//429 270//429 271//429
f 237//430 239//430 271//430
f 235//431 237//431 271//431
f 235//432 271//432 272//432
f 233//433 272//433 273//433
f 233//434 235//434 272//434
f 231//435 273//435 274//435
f 231//436 233//436 273//436
f 229//437 274//437 275//437
f 229//438 231//438 274//438
f 227//439 229//439 275//439
f 227//440 275//440 276//440
f 225//441 276//441 277//441
f 225//442 227//442 276//442
f 223//443 277//443 278//443
f 223//444 225//444 277//444
f 221//445 278//445 279//445
f 221//446 223//446 278//446
f 219//447 279//447 280//447
f 219//448 221//448 279//448
f 217//449 280//449 281//449
f 217//450 219//450 280//450
f 214//451 281//451 282//451
f 214//452 217//452 281//452
f 212//453 282//453 283//453
f 212//454 214//454 282//454
f 209//455 283//455 284//455
f 209//456 212//456 283//456
f 210//457 284//457 285//457
f 210//458 209//458 284//458
f 206//459 285//459 286//459
f 206//460 210//460 285//460
f 203//461 286//461 287//461
f 203//462 206//462 286//462
f 204//463 287//463 288//463
f 204//464 288//464 289//464
f 204//465 203//465 287//465
f 201//466 204//466 289//466
f 198//467 289//467 290//467
f 198//468 290//468 291//468
f 198//469 201//469 289//469
f 195//470 198//470 291//470
f 196//471 291//471 292//471
f 196//472 195//472 291//472
f 193//473 292//473 293//473
f 193//474 196//474 292//474
f 190//475 193//475 293//475
f 190//476 293//476 294//476
f 187//477 190//477 294//477
f 187//478 294//478 295//478
f 187//479 295//479 296//479
f 188//480 187//480 296//480
f 185//481 188//481 296//481
f 185//482 296//482 297//482
f 186//483 185//483 297//483
f 186//484 297//484 298//484
f 186//485 298//485 299//485
f 189//486 186//486 299//486
f 189//487 299//487 300//487
f 191//488 189//488 300//488
f 192//489 191//489 300//489
f 192//490 300//490 301//490
f 194//491 192//491 301//491
f 194//492 301//492 302//492
f 194//493 302//493 303//493
f 197//494 194//494 303//494
f 199//495 197//495 303//495
f 199//496 303//496 304//496
f 199//497 304//497 305//497
f 200//498 199//498 305//498
f 202//499 200//499 305//499
f 202//500 305//500 306//500
f 205//501 306//501 307//501
f 205//502 307//502 308//502
f 205//503 202//503 306//503
f 207//504 205//504 308//504
f 208//505 308//505 309//505
f 208//506 207//506 308//506
f 211//507 309//507 310//507
f 211//508 208//508 309//508
f 213//509 310//509 311//509
f 213//510 211//510 310//510
f 215//511 311//511 312//511
f 215//512 312//512 313//512
f 215//513 213//513 311//513
f 216//514 215//514 313//514
f 218//515 313//515 314//515
f 218//516 216//516 313//516
f 220//517 314//517 315//517
f 220//518 218//518 314//518
f 222//519 315//519 316//519
f 222//520 220//520 315//520
f 224//521 316//521 317//521
f 224//522 317//522 318//522
f 224//523 222//523 316//523
f 226//524 224//524 318//524
f 228//525 226//525 318//525
f 228//526 318//526 319//526
f 230//527 228//527 319//527
f 230//528 319//528 320//528
f 232//529 230//529 320//529
f 232//530 320//530 321//530
f 232//531 321//531 322//531
f 234//532 232//532 322//532
f 236//533 234//533 322//533
f 236//534 322//534 254//534
f 297//535 323//535 324//535
f 298//536 324//536 325//536
f 298//537 297//537 324//537
f 296//538 326//538 323//538
f 296//539 323//539 297//539
f 299//540 325//540 327//540
f 299//541 298//541 325//541
f 295//542 328//542 326//542
f 295//543 326//543 296//543
f 300//544 327//544 329//544
f 300//545 299//545 327//545
f 294//546 330//546 328//546
f 294//547 328//547 295//547
f 301//548 329//548 331//548
f 301//549 300//549 329//549
f 293//550 332//550 330//550
f 293//551 330//551 294//551
f 302//552 331//552 333//552
f 302//553 301//553 331//553
f 292//554 334//554 332//554
f 292//555 332//555 293//555
f 303//556 333//556 335//556
f 303//557 302//557 333//557
f 291//558 336//558 334//558
f 291//559 334//559 292//559
f 304//560 335//560 337//560
f 304//561 303//561 335//561
f 290//562 338//562 336//562
f 290//563 336//563 291//563
f 305//564 304//564 337//564
f 339//565 305//565 337//565
f 289//566 340//566 338//566
f 289//567 338//567 290//567
f 306//568 305//568 339//568
f 341//569 306//569 339//569
f 288//570 342//570 340//570
f 288//571 340//571 289//571
f 343//572 342//572 288//572
f 307//573 306//573 341//573
f 344//574 307//574 341//574
f 287//575 343//575 288//575
f 345//576 343//576 287//576
f 308//577 307//577 344//577
f 346//578 308//578 344//578
f 286//579 345//579 287//579
f 347//580 345//580 286//580
f 309//581 308//581 346//581
f 348//582 309//582 346//582
f 285//583 347//583 286//583
f 349//584 347//584 285//584
f 310//585 309//585 348//585
f 350//586 310//586 348//586
f 284//587 349//587 285//587
f 351//588 349//588 284//588
f 311//589 310//589 350//589
f 352//590 311//590 350//590
f 283//591 351//591 284//591
f 353//592 351//592 283//592
f 312//593 311//593 352//593
f 354//594 312//594 352//594
f 282//595 353//595 283//595
f 355//596 353//596 282//596
f 313//597 312//597 354//597
f 356//598 313//598 354//598
f 281//599 355//599 282//599
f 357//600 355//600 281//600
f 314//601 313//601 356//601
f 358//602 314//602 356//602
f 280//603 357//603 281//603
f 315//604 314//604 358//604
f 359//605 357//605 280//605
f 279//606 359//606 280//606
f 360//607 315//607 358//607
f 316//608 315//608 360//608
f 361//609 359//609 279//609
f 278//610 361//610 279//610
f 362//611 316//611 360//611
f 317//612 316//612 362//612
f 363//613 361//613 278//613
f 277//614 363//614 278//614
f 364//615 317//615 362//615
f 318//616 317//616 364//616
f 365//617 363//617 277//617
f 276//618 365//618 277//618
f 366//619 318//619 364//619
f 319//620 318//620 366//620
f 367//621 365//621 276//621
f 275//622 367//622 276//622
f 368//623 319//623 366//623
f 320//624 319//624 368//624
f 369//625 367//625 275//625
f 274//626 369//626 275//626
f 370//627 320//627 368//627
f 321//628 320//628 370//628
f 371//629 369//629 274//629
f 273//630 371//630 274//630
f 372//631 321//631 370//631
f 322//632 321//632 372//632
f 373//633 371//633 273//633
f 272//634 373//634 273//634
f 374//635 322//635 372//635
f 254//636 322//636 374//636
f 375//637 373//637 272//637
f 271//638 375//638 272//638
f 376//639 254//639 374//639
f 377//640 375//640 271//640
f 377//641 271//641 270//641
f 378//642 254//642 376//642
f 378//643 255//643 254//643
f 379//644 377//644 270//644
f 379//645 270//645 269//645
f 380//646 255//646 378//646
f 380//647 256//647 255//647
f 381//648 379//648 269//648
f 381//649 269//649 268//649
f 382//650 256//650 380//650
f 382//651 257//651 256//651
f 383//652 381//652 268//652
f 383//653 268//653 267//653
f 384//654 258//654 257//654
f 384//655 257//655 382//655
f 385//656 267//656 266//656
f 385//657 383//657 267//657
f 386//658 258//658 384//658
f 386//659 259//659 258//659
f 387//660 266//660 265//660
f 387//661 385//661 266//661
f 388//662 260//662 259//662
f 388//663 259//663 386//663
f 389//664 265//664 264//664
f 389//665 387//665 265//665
f 390//666 260//666 388//666
f 390//667 261//667 260//667
f 391//668 389//668 264//668
f 391//669 264//669 263//669
f 392//670 262//670 261//670
f 392//671 261//671 390//671
f 393//672 391//672 263//672
f 393//673 262//673 392//673
f 393//674 263//674 262//674
f 378//675 394//675 395//675
f 378//676 376//676 394//676
f 380//677 395//677 396//677
f 380//678 378//678 395//678
f 382//679 396//679 397//679
f 382//680 380//680 396//680
f 384//681 397//681 398//681
f 384//682 382//682 397//682
f 386//683 398//683 399//683
f 386//684 384//684 398//684
f 388//685 399//685 400//685
f 388//686 400//686 401//686
f 388//687 386//687 399//687
f 390//688 388//688 401//688
f 392//689 401//689 402//689
f 392//690 390//690 401//690
f 393//691 402//691 403//691
f 393//692 392//692 402//692
f 391//693 403//693 404//693
f 391//694 393//694 403//694
f 389//695 404//695 405//695
f 389//696 391//696 404//696
f 387//697 405//697 406//697
f 387//698 406//698 407//698
f 387//699 389//699 405//699
f 385//700 407//700 408//700
f 385//701 387//701 407//701
f 383//702 385//702 408//702
f 381//703 383//703 408//703
f 381//704 408//704 409//704
f 379//705 381//705 409//705
f 379//706 409//706 410//706
f 377//707 379//707 410//707
f 377//708 410//708 411//708
f 377//709 411//709 412//709
f 375//710 377//710 412//710
f 373//711 412//711 413//711
f 373//712 375//712 412//712
f 371//713 373//713 413//713
f 371//714 413//714 414//714
f 369//715 414//715 415//715
f 369//716 371//716 414//716
f 367//717 415//717 416//717
f 367//718 369//718 415//718
f 365//719 416//719 417//719
f 365//720 417//720 418//720
f 365//721 367//721 416//721
f 363//722 365//722 418//722
f 361//723 418//723 419//723
f 361//724 419//724 420//724
f 361//725 363//725 418//725
f 359//726 361//726 420//726
f 357//727 420//727 421//727
f 357//728 421//728 422//728
f 357//729 359//729 420//729
f 355//730 357//730 422//730
f 353//731 422//731 423//731
f 353//732 355//732 422//732
f 351//733 423//733 424//733
f 351//734 353//734 423//734
f 349//735 424//735 425//735
f 349//736 351//736 424//736
f 347//737 425//737 426//737
f 347//738 426//738 427//738
f 347//739 349//739 425//739
f 345//740 347//740 427//740
f 343//741 427//741 428//741
f 343//742 428//742 429//742
f 343//743 345//743 427//743
f 342//744 429//744 430//744
f 342//745 343//745 429//745
f 340//746 342//746 430//746
f 338//747 430//747 431//747
f 338//748 340//748 430//748
f 336//749 431//749 432//749
f 336//750 432//750 433//750
f 336//751 338//751 431//751
f 334//752 336//752 433//752
f 332//753 334//753 433//753
f 332//754 433//754 434//754
f 330//755 332//755 434//755
f 330//756 434//756 435//756
f 328//757 330//757 435//757
f 328//758 435//758 436//758
f 326//759 328//759 436//759
f 326//760 436//760 437//760
f 323//761 326//761 437//761
f 323//762 437//762 438//762
f 324//763 323//763 438//763
f 324//764 438//764 439//764
f 325//765 324//765 439//765
f 325//766 439//766 440//766
f 325//767 440//767 441//767
f 327//768 325//768 441//768
f 329//769 327//769 441//769
f 329//770 441//770 442//770
f 329//771 442//771 443//771
f 331//772 329//772 443//772
f 331//773 443//773 444//773
f 333//774 331//774 444//774
f 333//775 444//775 445//775
f 335//776 333//776 445//776
f 335//777 445//777 446//777
f 337//778 335//778 446//778
f 339//779 446//779 447//779
f 339//780 337//780 446//780
f 341//781 447//781 448//781
f 341//782 339//782 447//782
f 344//783 448//783 449//783
f 344//784 341//784 448//784
f 346//785 449//785 450//785
f 346//786 344//786 449//786
f 348//787 450//787 451//787
f 348//788 346//788 450//788
f 350//789 451//789 452//789
f 350//790 452//790 453//790
f 350//791 348//791 451//791
f 352//792 350//792 453//792
f 354//793 453//793 454//793
f 354//794 352//794 453//794
f 356//795 454//795 455//795
f 356//796 455//796 456//796
f 356//797 354//797 454//797
f 358//798 356//798 456//798
f 360//799 456//799 457//799
f 360//800 358//800 456//800
f 362//801 360//801 457//801
f 362//802 457//802 458//802
f 364//803 362//803 458//803
f 364//804 458//804 459//804
f 364//805 459//805 460//805
f 366//806 364//806 460//806
f 368//807 366//807 460//807
f 368//808 460//808 461//808
f 370//809 368//809 461//809
f 370//810 461//810 462//810
f 372//811 370//811 462//811
f 372//812 462//812 463//812
f 374//813 372//813 463//813
f 374//814 463//814 464//814
f 376//815 374//815 464//815
f 376//816 464//816 394//816
f 465//817 457//817 456//817
f 466//818 465//818 456//818
f 466//819 455//819 454//819
f 466//820 456//820 455//820
f 467//821 457//821 465//821
f 467//822 458//822 457//822
f 467//823 459//823 458//823
f 468//824 454//824 453//824
f 468//825 466//825 454//825
f 469//826 459//826 467//826
f 469//827 460//827 459//827
f 470//828 468//828 453//828
f 470//829 453//829 452//829
f 471//830 460//830 469//830
f 471//831 461//831 460//831
f 472//832 470//832 452//832
f 472//833 451//833 450//833
f 472//834 452//834 451//834
f 473//835 462//835 461//835
f 473//836 463//836 462//836
f 473//837 461//837 471//837
f 474//838 472//838 450//838
f 474//839 450//839 449//839
f 475//840 464//840 463//840
f 475//841 463//841 473//841
f 476//842 448//842 447//842
f 476//843 449//843 448//843
f 476//844 474//844 449//844
f 477//845 395//845 394//845
f 477//846 394//846 464//846
f 477//847 464//847 475//847
f 478//848 447//848 446//848
f 478//849 476//849 447//849
f 479//850 396//850 395//850
f 479//851 395//851 477//851
f 480//852 478//852 446//852
f 480//853 445//853 444//853
f 480//854 446//854 445//854
f 481//855 397//855 396//855
f 481//856 398//856 397//856
f 481//857 396//857 479//857
f 482//858 444//858 443//858
f 482//859 480//859 444//859
f 483//860 399//860 398//860
f 483//861 398//861 481//861
f 484//862 443//862 442//862
f 484//863 482//863 443//863
f 485//864 400//864 399//864
f 485//865 399//865 483//865
f 486//866 484//866 442//866
f 486//867 441//867 440//867
f 486//868 442//868 441//868
f 487//869 401//869 400//869
f 487//870 400//870 485//870
f 402//871 401//871 487//871
f 488//872 486//872 440//872
f 488//873 440//873 439//873
f 489//874 402//874 487//874
f 403//875 402//875 489//875
f 490//876 488//876 439//876
f 438//877 490//877 439//877
f 491//878 403//878 489//878
f 404//879 403//879 491//879
f 437//880 492//880 490//880
f 437//881 490//881 438//881
f 405//882 404//882 491//882
f 405//883 491//883 493//883
f 436//884 494//884 492//884
f 436//885 492//885 437//885
f 406//886 405//886 493//886
f 406//887 493//887 495//887
f 435//888 494//888 436//888
f 407//889 406//889 495//889
f 407//890 495//890 496//890
f 434//891 494//891 435//891
f 434//892 497//892 494//892
f 408//893 407//893 496//893
f 433//894 497//894 434//894
f 433//895 498//895 497//895
f 409//896 496//896 499//896
f 409//897 408//897 496//897
f 432//898 498//898 433//898
f 432//899 500//899 498//899
f 410//900 499//900 501//900
f 410//901 409//901 499//901
f 431//902 500//902 432//902
f 411//903 410//903 501//903
f 430//904 500//904 431//904
f 430//905 502//905 500//905
f 412//906 411//906 501//906
f 412//907 501//907 503//907
f 429//908 502//908 430//908
f 429//909 504//909 502//909
f 413//910 412//910 503//910
f 413//911 503//911 505//911
f 428//912 504//912 429//912
f 414//913 413//913 505//913
f 427//914 504//914 428//914
f 427//915 506//915 504//915
f 415//916 414//916 505//916
f 415//917 505//917 507//917
f 426//918 506//918 427//918
f 426//919 508//919 506//919
f 416//920 507//920 509//920
f 416//921 415//921 507//921
f 425//922 508//922 426//922
f 425//923 510//923 508//923
f 417//924 416//924 509//924
f 417//925 509//925 511//925
f 424//926 510//926 425//926
f 418//927 417//927 511//927
f 423//928 510//928 424//928
f 423//929 512//929 510//929
f 419//930 418//930 511//930
f 419//931 511//931 513//931
f 422//932 512//932 423//932
f 422//933 514//933 512//933
f 420//934 419//934 513//934
f 420//935 513//935 514//935
f 421//936 514//936 422//936
f 421//937 420//937 514//937
f 479//938 515//938 516//938
f 479//939 477//939 515//939
f 481//940 516//940 517//940
f 481//941 479//941 516//941
f 483//942 517//942 518//942
f 483//943 518//943 519//943
f 483//944 481//944 517//944
f 485//945 483//945 519//945
f 487//946 519//946 520//946
f 487//947 520//947 521//947
f 487//948 485//948 519//948
f 489//949 521//949 522//949
f 489//950 487//950 521//950
f 491//951 522//951 523//951
f 491//952 489//952 522//952
f 493//953 491//953 523//953
f 495//954 523//954 524//954
f 495//955 493//955 523//955
f 496//956 524//956 525//956
f 496//957 525//957 526//957
f 496//958 495//958 524//958
f 499//959 496//959 526//959
f 501//960 526//960 527//960
f 501//961 527//961 528//961
f 501//962 499//962 526//962
f 503//963 501//963 528//963
f 505//964 528//964 529//964
f 505//965 529//965 530//965
f 505//966 503//966 528//966
f 507//967 505//967 530//967
f 509//968 530//968 531//968
f 509//969 531//969 532//969
f 509//970 507//970 530//970
f 511//971 509//971 532//971
f 513//972 532//972 533//972
f 513//973 511//973 532//973
f 514//974 533//974 534//974
f 514//975 513//975 533//975
f 512//976 534//976 535//976
f 512//977 535//977 536//977
f 512//978 514//978 534//978
f 510//979 536//979 537//979
f 510//980 512//980 536//980
f 508//981 537//981 538//981
f 508//982 510//982 537//982
f 506//983 508//983 538//983
f 504//984 506//984 538//984
f 504//985 538//985 539//985
f 504//986 539//986 540//986
f 502//987 504//987 540//987
f 502//988 540//988 541//988
f 500//989 502//989 541//989
f 498//990 500//990 541//990
f 498//991 541//991 542//991
f 497//992 498//992 542//992
f 497//993 542//993 543//993
f 494//994 497//994 543//994
f 494//995 543//995 544//995
f 492//996 494//996 544//996
f 492//997 544//997 545//997
f 490//998 492//998 545//998
f 490//999 545//999 546//999
f 488//1000 546//1000 547//1000
f 488//1001 490//1001 546//1001
f 486//1002 547//1002 548//1002
f 486//1003 488//1003 547//1003
f 484//1004 548//1004 549//1004
f 484//1005 486//1005 548//1005
f 482//1006 549//1006 550//1006
f 482//1007 484//1007 549//1007
f 480//1008 550//1008 551//1008
f 480//1009 551//1009 552//1009
f 480//1010 482//1010 550//1010
f 478//1011 480//1011 552//1011
f 476//1012 552//1012 553//1012
f 476//1013 478//1013 552//1013
f 474//1014 553//1014 554//1014
f 474//1015 476//1015 553//1015
f 472//1016 554//1016 555//1016
f 472//1017 555//1017 556//1017
f 472//1018 474//1018 554//1018
f 470//1019 472//1019 556//1019
f 468//1020 556//1020 557//1020
f 468//1021 470//1021 556//1021
f 466//1022 557//1022 558//1022
f 466//1023 468//1023 557//1023
f 465//1024 558//1024 559//1024
f 465//1025 466//1025 558//1025
f 467//1026 559//1026 560//1026
f 467//1027 465//1027 559//1027
f 469//1028 560//1028 561//1028
f 469//1029 467//1029 560//1029
f 471//1030 561//1030 562//1030
f 471//1031 469//1031 561//1031
f 473//1032 562//1032 563//1032
f 473//1033 471//1033 562//1033
f 475//1034 473//1034 563//1034
f 475//1035 563//1035 564//1035
f 477//1036 475//1036 564//1036
f 477//1037 564//1037 515//1037
f 73//1038 559//1038 558//1038
f 73//1039 560//1039 559//1039
f 71//1040 73//1040 558//1040
f 71//1041 558//1041 557//1041
f 76//1042 560//1042 73//1042
f 76//1043 561//1043 560//1043
f 69//1044 71//1044 557//1044
f 69//1045 557//1045 556//1045
f 77//1046 561//1046 76//1046
f 77//1047 562//1047 561//1047
f 68//1048 69//1048 556//1048
f 68//1049 556//1049 555//1049
f 79//1050 562//1050 77//1050
f 79//1051 563//1051 562//1051
f 65//1052 68//1052 555//1052
f 65//1053 554//1053 553//1053
f 65//1054 555//1054 554//1054
f 82//1055 563//1055 79//1055
f 82//1056 564//1056 563//1056
f 64//1057 65//1057 553//1057
f 64//1058 553//1058 552//1058
f 2//1059 516//1059 515//1059
f 2//1060 564//1060 82//1060
f 2//1061 515//1061 564//1061
f 62//1062 64//1062 552//1062
f 62//1063 552//1063 551//1063
f 1//1064 517//1064 516//1064
f 1//1065 516//1065 2//1065
f 59//1066 62//1066 551//1066
f 59//1067 551//1067 550//1067
f 5//1068 518//1068 517//1068
f 5//1069 517//1069 1//1069
f 57//1070 550//1070 549//1070
f 57//1071 59//1071 550//1071
f 8//1072 519//1072 518//1072
f 8//1073 518//1073 5//1073
f 56//1074 549//1074 548//1074
f 56//1075 57//1075 549//1075
f 9//1076 520//1076 519//1076
f 9//1077 519//1077 8//1077
f 547//1078 56//1078 548//1078
f 53//1079 56//1079 547//1079
f 12//1080 521//1080 520//1080
f 12//1081 520//1081 9//1081
f 546//1082 53//1082 547//1082
f 52//1083 53//1083 546//1083
f 522//1084 12//1084 13//1084
f 522//1085 521//1085 12//1085
f 545//1086 52//1086 546//1086
f 49//1087 52//1087 545//1087
f 523//1088 13//1088 16//1088
f 523//1089 522//1089 13//1089
f 544//1090 47//1090 49//1090
f 544//1091 49//1091 545//1091
f 524//1092 16//1092 17//1092
f 524//1093 523//1093 16//1093
f 543//1094 47//1094 544//1094
f 525//1095 524//1095 17//1095
f 525//1096 17//1096 20//1096
f 542//1097 47//1097 543//1097
f 542//1098 45//1098 47//1098
f 526//1099 525//1099 20//1099
f 541//1100 45//1100 542//1100
f 541//1101 43//1101 45//1101
f 527//1102 526//1102 20//1102
f 527//1103 20//1103 21//1103
f 540//1104 43//1104 541//1104
f 540//1105 41//1105 43//1105
f 528//1106 527//1106 21//1106
f 528//1107 21//1107 24//1107
f 539//1108 41//1108 540//1108
f 539//1109 39//1109 41//1109
f 529//1110 528//1110 24//1110
f 529//1111 24//1111 26//1111
f 538//1112 39//1112 539//1112
f 538//1113 37//1113 39//1113
f 530//1114 529//1114 26//1114
f 530//1115 26//1115 27//1115
f 537//1116 37//1116 538//1116
f 531//1117 530//1117 27//1117
f 531//1118 27//1118 29//1118
f 536//1119 37//1119 537//1119
f 536//1120 35//1120 37//1120
f 532//1121 531//1121 29//1121
f 535//1122 35//1122 536//1122
f 535//1123 33//1123 35//1123
f 533//1124 29//1124 31//1124
f 533//1125 532//1125 29//1125
f 534//1126 31//1126 33//1126
f 534//1127 33//1127 535//1127
f 534//1128 533//1128 31//1128
f 1//1129 2//1129 3//1129
f 1//1130 3//1130 4//1130
f 5//1131 4//1131 6//1131
f 5//1132 6//1132 7//1132
f 5//1133 1//1133 4//1133
f 8//1134 5//1134 7//1134
f 9//1135 7//1135 10//1135
f 9//1136 10//1136 11//1136
f 9//1137 8//1137 7//1137
f 12//1138 9//1138 11//1138
f 13//1139 12//1139 11//1139
f 13//1140 11//1140 14//1140
f 13//1141 14//1141 15//1141
f 16//1142 13//1142 15//1142
f 17//1143 16//1143 15//1143
f 17//1144 15//1144 18//1144
f 17//1145 18//1145 19//1145
f 20//1146 17//1146 19//1146
f 21//1147 20//1147 19//1147
f 21//1148 19//1148 22//1148
f 21//1149 22//1149 23//1149
f 24//1150 21//1150 23//1150
f 24//1151 23//1151 25//1151
f 26//1152 24//1152 25//1152
f 27//1153 26//1153 25//1153
f 27//1154 25//1154 28//1154
f 29//1155 27//1155 28//1155
f 29//1156 28//1156 30//1156
f 31//1157 29//1157 30//1157
f 31//1158 30//1158 32//1158
f 33//1159 31//1159 32//1159
f 33//1160 32//1160 34//1160
f 35//1161 33//1161 34//1161
f 35//1162 34//1162 36//1162
f 37//1163 36//1163 38//1163
f 37//1164 35//1164 36//1164
f 39//1165 38//1165 40//1165
f 39//1166 37//1166 38//1166
f 41//1167 39//1167 40//1167
f 41//1168 40//1168 42//1168
f 43//1169 42//1169 44//1169
f 43//1170 41//1170 42//1170
f 45//1171 44//1171 46//1171
f 45//1172 43//1172 44//1172
f 47//1173 46//1173 48//1173
f 47//1174 45//1174 46//1174
f 49//1175 48//1175 50//1175
f 49//1176 50//1176 51//1176
f 49//1177 47//1177 48//1177
f 52//1178 49//1178 51//1178
f 53//1179 51//1179 54//1179
f 53//1180 54//1180 55//1180
f 53//1181 52//1181 51//1181
f 56//1182 53//1182 55//1182
f 57//1183 55//1183 58//1183
f 57//1184 56//1184 55//1184
f 59//1185 57//1185 58//1185
f 59//1186 58//1186 60//1186
f 59//1187 60//1187 61//1187
f 62//1188 61//1188 63//1188
f 62//1189 59//1189 61//1189
f 64//1190 62//1190 63//1190
f 65//1191 64//1191 63//1191
f 65//1192 63//1192 66//1192
f 65//1193 66//1193 67//1193
f 68//1194 65//1194 67//1194
f 69//1195 68//1195 67//1195
f 69//1196 67//1196 70//1196
f 71//1197 69//1197 70//1197
f 71//1198 70//1198 72//1198
f 73//1199 71//1199 72//1199
f 73//1200 72//1200 74//1200
f 73//1201 74//1201 75//1201
f 76//1202 73//1202 75//1202
f 77//1203 76//1203 75//1203
f 77//1204 75//1204 78//1204
f 79//1205 77//1205 78//1205
f 79//1206 78//1206 80//1206
f 79//1207 80//1207 81//1207
f 82//1208 79//1208 81//1208
f 2//1209 82//1209 81//1209
f 2//1210 81//1210 3//1210
f 54//1211 83//1211 84//1211
f 51//1212 83//1212 54//1212
f 51//1213 85//1213 86//1213
f 51//1214 86//1214 83//1214
f 55//1215 84//1215 87//1215
f 55//1216 54//1216 84//1216
f 50//1217 85//1217 51//1217
f 50//1218 88//1218 85//1218
f 58//1219 55//1219 87//1219
f 58//1220 87//1220 89//1220
f 48//1221 90//1221 88//1221
f 48//1222 88//1222 50//1222
f 60//1223 58//1223 89//1223
f 60//1224 89//1224 91//1224
f 60//1225 91//1225 92//1225
f 46//1226 90//1226 48//1226
f 46//1227 93//1227 90//1227
f 61//1228 92//1228 94//1228
f 61//1229 60//1229 92//1229
f 44//1230 95//1230 96//1230
f 44//1231 96//1231 93//1231
f 44//1232 93//1232 46//1232
f 63//1233 94//1233 97//1233
f 63//1234 61//1234 94//1234
f 42//1235 98//1235 95//1235
f 42//1236 95//1236 44//1236
f 66//1237 97//1237 99//1237
f 66//1238 63//1238 97//1238
f 40//1239 100//1239 98//1239
f 40//1240 98//1240 42//1240
f 67//1241 66//1241 99//1241
f 67//1242 99//1242 101//1242
f 67//1243 101//1243 102//1243
f 38//1244 103//1244 100//1244
f 38//1245 100//1245 40//1245
f 70//1246 102//1246 104//1246
f 70//1247 67//1247 102//1247
f 36//1248 105//1248 103//1248
f 36//1249 103//1249 38//1249
f 72//1250 70//1250 104//1250
f 106//1251 72//1251 104//1251
f 34//1252 107//1252 105//1252
f 34//1253 105//1253 36//1253
f 74//1254 72//1254 106//1254
f 108//1255 107//1255 34//1255
f 32//1256 108//1256 34//1256
f 109//1257 74//1257 106//1257
f 75//1258 74//1258 109//1258
f 110//1259 32//1259 30//1259
f 110//1260 108//1260 32//1260
f 111//1261 75//1261 109//1261
f 112//1262 30//1262 28//1262
f 112//1263 110//1263 30//1263
f 113//1264 75//1264 111//1264
f 113//1265 78//1265 75//1265
f 114//1266 112//1266 28//1266
f 114//1267 28//1267 25//1267
f 115//1268 80//1268 78//1268
f 115//1269 78//1269 113//1269
f 116//1270 114//1270 25//1270
f 117//1271 80//1271 115//1271
f 117//1272 81//1272 80//1272
f 118//1273 116//1273 25//1273
f 118//1274 25//1274 23//1274
f 119//1275 81//1275 117//1275
f 119//1276 3//1276 81//1276
f 120//1277 118//1277 23//1277
f 120//1278 23//1278 22//1278
f 121//1279 3//1279 119//1279
f 122//1280 120//1280 22//1280
f 122//1281 22//1281 19//1281
f 123//1282 3//1282 121//1282
f 123//1283 4//1283 3//1283
f 124//1284 122//1284 19//1284
f 124//1285 19//1285 18//1285
f 125//1286 4//1286 123//1286
f 125//1287 6//1287 4//1287
f 126//1288 124//1288 18//1288
f 127//1289 6//1289 125//1289
f 127//1290 7//1290 6//1290
f 128//1291 18//1291 15//1291
f 128//1292 126//1292 18//1292
f 129//1293 7//1293 127//1293
f 129//1294 10//1294 7//1294
f 130//1295 15//1295 14//1295
f 130//1296 128//1296 15//1296
f 131//1297 10//1297 129//1297
f 132//1298 14//1298 11//1298
f 132//1299 130//1299 14//1299
f 133//1300 132//1300 11//1300
f 133//1301 11//1301 10//1301
f 133//1302 10//1302 131//1302
f 121//1303 134//1303 135//1303
f 123//1304 135//1304 136//1304
f 123//1305 121//1305 135//1305
f 125//1306 123//1306 136//1306
f 127//1307 136//1307 137//1307
f 127//1308 125//1308 136//1308
f 129//1309 137//1309 138//1309
f 129//1310 127//1310 137//1310
f 131//1311 138//1311 139//1311
f 131//1312 139//1312 140//1312
f 131//1313 129//1313 138//1313
f 133//1314 131//1314 140//1314
f 132//1315 140//1315 141//1315
f 132//1316 141//1316 142//1316
f 132//1317 133//1317 140//1317
f 130//1318 132//1318 142//1318
f 128//1319 142//1319 143//1319
f 128//1320 130//1320 142//1320
f 126//1321 143//1321 144//1321
f 126//1322 144//1322 145//1322
f 126//1323 128//1323 143//1323
f 124//1324 126//1324 145//1324
f 122//1325 145//1325 146//1325
f 122//1326 146//1326 147//1326
f 122//1327 124//1327 145//1327
f 120//1328 122//1328 147//1328
f 118//1329 147//1329 148//1329
f 118//1330 148//1330 149//1330
f 118//1331 120//1331 147//1331
f 116//1332 118//1332 149//1332
f 114//1333 149//1333 150//1333
f 114//1334 116//1334 149//1334
f 112//1335 150//1335 151//1335
f 112//1336 151//1336 152//1336
f 112//1337 114//1337 150//1337
f 110//1338 112//1338 152//1338
f 108//1339 152//1339 153//1339
f 108//1340 153//1340 154//1340
f 108//1341 110//1341 152//1341
f 107//1342 154//1342 155//1342
f 107//1343 108//1343 154//1343
f 105//1344 107//1344 155//1344
f 103//1345 155//1345 156//1345
f 103//1346 105//1346 155//1346
f 100//1347 156//1347 157//1347
f 100//1348 103//1348 156//1348
f 98//1349 100//1349 157//1349
f 98//1350 157//1350 158//1350
f 95//1351 98//1351 158//1351
f 95//1352 158//1352 159//1352
f 96//1353 95//1353 159//1353
f 96//1354 159//1354 160//1354
f 96//1355 160//1355 161//1355
f 93//1356 96//1356 161//1356
f 90//1357 93//1357 161//1357
f 90//1358 161//1358 162//1358
f 88//1359 90//1359 162//1359
f 88//1360 162//1360 163//1360
f 85//1361 88//1361 163//1361
f 85//1362 163//1362 164//1362
f 85//1363 164//1363 165//1363
f 86//1364 85//1364 165//1364
f 83//1365 165//1365 166//1365
f 83//1366 166//1366 167//1366
f 83//1367 86//1367 165//1367
f 84//1368 83//1368 167//1368
f 87//1369 167//1369 168//1369
f 87//1370 84//1370 167//1370
f 89//1371 168//1371 169//1371
f 89//1372 87//1372 168//1372
f 91//1373 169//1373 170//1373
f 91//1374 89//1374 169//1374
f 92//1375 170//1375 171//1375
f 92//1376 171//1376 172//1376
f 92//1377 91//1377 170//1377
f 94//1378 92//1378 172//1378
f 97//1379 172//1379 173//1379
f 97//1380 94//1380 172//1380
f 99//1381 173//1381 174//1381
f 99//1382 174//1382 175//1382
f 99//1383 97//1383 173//1383
f 101//1384 99//1384 175//1384
f 102//1385 175//1385 176//1385
f 102//1386 101//1386 175//1386
f 104//1387 176//1387 177//1387
f 104//1388 177//1388 178//1388
f 104//1389 102//1389 176//1389
f 106//1390 104//1390 178//1390
f 109//1391 178//1391 179//1391
f 109//1392 179//1392 180//1392
f 109//1393 106//1393 178//1393
f 111//1394 109//1394 180//1394
f 113//1395 180//1395 181//1395
f 113//1396 111//1396 180//1396
f 115//1397 181//1397 182//1397
f 115//1398 182//1398 183//1398
f 115//1399 113//1399 181//1399
f 117//1400 115//1400 183//1400
f 119//1401 117//1401 183//1401
f 119//1402 183//1402 184//1402
f 121//1403 119//1403 184//1403
f 121//1404 184//1404 134//1404
f 166//1405 185//1405 186//1405
f 165//1406 187//1406 188//1406
f 165//1407 188//1407 185//1407
f 165//1408 185//1408 166//1408
f 167//1409 186//1409 189//1409
f 167//1410 166//1410 186//1410
f 164//1411 190//1411 187//1411
f 164//1412 187//1412 165//1412
f 168//1413 189//1413 191//1413
f 168//1414 191//1414 192//1414
f 168//1415 167//1415 189//1415
f 163//1416 193//1416 190//1416
f 163//1417 190//1417 164//1417
f 169//1418 192//1418 194//1418
f 169//1419 168//1419 192//1419
f 162//1420 195//1420 196//1420
f 162//1421 193//1421 163//1421
f 162//1422 196//1422 193//1422
f 170//1423 169//1423 194//1423
f 170//1424 194//1424 197//1424
f 161//1425 198//1425 195//1425
f 161//1426 195//1426 162//1426
f 171//1427 197//1427 199//1427
f 171//1428 199//1428 200//1428
f 171//1429 170//1429 197//1429
f 160//1430 201//1430 198//1430
f 160//1431 198//1431 161//1431
f 172//1432 171//1432 200//1432
f 172//1433 200//1433 202//1433
f 159//1434 203//1434 204//1434
f 159//1435 204//1435 201//1435
f 159//1436 201//1436 160//1436
f 173//1437 202//1437 205//1437
f 173//1438 172//1438 202//1438
f 158//1439 206//1439 203//1439
f 158//1440 203//1440 159//1440
f 174//1441 173//1441 205//1441
f 174//1442 205//1442 207//1442
f 174//1443 207//1443 208//1443
f 157//1444 206//1444 158//1444
f 157//1445 209//1445 210//1445
f 157//1446 210//1446 206//1446
f 175//1447 174//1447 208//1447
f 175//1448 208//1448 211//1448
f 156//1449 212//1449 209//1449
f 156//1450 209//1450 157//1450
f 176//1451 175//1451 211//1451
f 176//1452 211//1452 213//1452
f 155//1453 212//1453 156//1453
f 155//1454 214//1454 212//1454
f 177//1455 176//1455 213//1455
f 177//1456 213//1456 215//1456
f 177//1457 215//1457 216//1457
f 154//1458 217//1458 214//1458
f 154//1459 214//1459 155//1459
f 178//1460 177//1460 216//1460
f 218//1461 178//1461 216//1461
f 219//1462 217//1462 154//1462
f 153//1463 219//1463 154//1463
f 179//1464 178//1464 218//1464
f 220//1465 179//1465 218//1465
f 221//1466 219//1466 153//1466
f 221//1467 153//1467 152//1467
f 222//1468 180//1468 179//1468
f 222//1469 179//1469 220//1469
f 223//1470 221//1470 152//1470
f 223//1471 152//1471 151//1471
f 224//1472 181//1472 180//1472
f 224//1473 180//1473 222//1473
f 225//1474 223//1474 151//1474
f 226//1475 182//1475 181//1475
f 226//1476 181//1476 224//1476
f 227//1477 225//1477 151//1477
f 227//1478 151//1478 150//1478
f 228//1479 182//1479 226//1479
f 229//1480 227//1480 150//1480
f 229//1481 150//1481 149//1481
f 230//1482 183//1482 182//1482
f 230//1483 182//1483 228//1483
f 231//1484 149//1484 148//1484
f 231//1485 229//1485 149//1485
f 232//1486 184//1486 183//1486
f 232//1487 183//1487 230//1487
f 233//1488 231//1488 148//1488
f 234//1489 184//1489 232//1489
f 234//1490 134//1490 184//1490
f 235//1491 233//1491 148//1491
f 235//1492 148//1492 147//1492
f 236//1493 134//1493 234//1493
f 237//1494 235//1494 147//1494
f 237//1495 147//1495 146//1495
f 238//1496 134//1496 236//1496
f 238//1497 135//1497 134//1497
f 239//1498 237//1498 146//1498
f 239//1499 146//1499 145//1499
f 240//1500 135//1500 238//1500
f 240//1501 136//1501 135//1501
f 241//1502 239//1502 145//1502
f 242//1503 136//1503 240//1503
f 242//1504 137//1504 136//1504
f 243//1505 241//1505 145//1505
f 243//1506 145//1506 144//1506
f 244//1507 137//1507 242//1507
f 245//1508 243//1508 144//1508
f 245//1509 144//1509 143//1509
f 246//1510 137//1510 244//1510
f 246//1511 138//1511 137//1511
f 247//1512 245//1512 143//1512
f 248//1513 138//1513 246//1513
f 248//1514 139//1514 138//1514
f 249//1515 247//1515 143//1515
f 249//1516 143//1516 142//1516
f 250//1517 139//1517 248//1517
f 250//1518 140//1518 139//1518
f 251//1519 249//1519 142//1519
f 251//1520 142//1520 141//1520
f 252//1521 140//1521 250//1521
f 253//1522 251//1522 141//1522
f 253//1523 140//1523 252//1523
f 253//1524 141//1524 140//1524
f 238//1525 254//1525 255//1525
f 238//1526 255//1526 256//1526
f 238//1527 236//1527 254//1527
f 240//1528 238//1528 256//1528
f 242//1529 256//1529 257//1529
f 242//1530 257//1530 258//1530
f 242//1531 240//1531 256//1531
f 244//1532 242//1532 258//1532
f 246//1533 258//1533 259//1533
f 246//1534 259//1534 260//1534
f 246//1535 244//1535 258//1535
f 248//1536 246//1536 260//1536
f 250//1537 260//1537 261//1537
f 250//1538 261//1538 262//1538
f 250//1539 248//1539 260//1539
f 252//1540 250//1540 262//1540
f 253//1541 262//1541 263//1541
f 253//1542 252//1542 262//1542
f 251//1543 263//1543 264//1543
f 251//1544 264//1544 265//1544
f 251//1545 253//1545 263//1545
f 249//1546 251//1546 265//1546
f 247//1547 265//1547 266//1547
f 247//1548 249//1548 265//1548
f 245//1549 266//1549 267//1549
f 245//1550 247//1550 266//1550
f 243//1551 267//1551 268//1551
f 243//1552 245//1552 267//1552
f 241//1553 243//1553 268//1553
f 241//1554 268//1554 269//1554
f 239//1555 241//1555 269//1555
f 239//1556 269//1556 270//1556
f 239//1557 270//1557 271//1557
f 237//1558 239//1558 271//1558
f 235//1559 237//1559 271//1559
f 235//1560 271//1560 272//1560
f 233//1561 272//1561 273//1561
f 233//1562 235//1562 272//1562
f 231//1563 273//1563 274//1563
f 231//1564 233//1564 273//1564
f 229//1565 274//1565 275//1565
f 229//1566 231//1566 274//1566
f 227//1567 229//1567 275//1567
f 227//1568 275//1568 276//1568
f 225//1569 276//1569 277//1569
f 225//1570 227//1570 276//1570
f 223//1571 277//1571 278//1571
f 223//1572 225//1572 277//1572
f 221//1573 278//1573 279//1573
f 221//1574 223//1574 278//1574
f 219//1575 279//1575 280//1575
f 219//1576 221//1576 279//1576
f 217//1577 280//1577 281//1577
f 217//1578 219//1578 280//1578
f 214//1579 281//1579 282//1579
f 214//1580 217//1580 281//1580
f 212//1581 282//1581 283//1581
f 212//1582 214//1582 282//1582
f 209//1583 283//1583 284//1583
f 209//1584 212//1584 283//1584
f 210//1585 284//1585 285//1585
f 210//1586 209//1586 284//1586
f 206//1587 285//1587 286//1587
f 206//1588 210//1588 285//1588
f 203//1589 286//1589 287//1589
f 203//1590 206//1590 286//1590
f 204//1591 287//1591 288//1591
f 204//1592 288//1592 289//1592
f 204//1593 203//1593 287//1593
f 201//1594 204//1594 289//1594
f 198//1595 289//1595 290//1595
f 198//1596 290//1596 291//1596
f 198//1597 201//1597 289//1597
f 195//1598 198//1598 291//1598
f 196//1599 291//1599 292//1599
f 196//1600 195//1600 291//1600
f 193//1601 292//1601 293//1601
f 193//1602 196//1602 292//1602
f 190//1603 193//1603 293//1603
f 190//1604 293//1604 294//1604
f 187//1605 190//1605 294//1605
f 187//1606 294//1606 295//1606
f 187//1607 295//1607 296//1607
f 188//1608 187//1608 296//1608
f 185//1609 188//1609 296//1609
f 185//1610 296//1610 297//1610
f 186//1611 185//1611 297//1611
f 186//1612 297//1612 298//1612
f 186//1613 298//1613 299//1613
f 189//1614 186//1614 299//1614
f 189//1615 299//1615 300//1615
f 191//1616 189//1616 300//1616
f 192//1617 191//1617 300//1617
f 192//1618 300//1618 301//1618
f 194//1619 192//1619 301//1619
f 194//1620 301//1620 302//1620
f 194//1621 302//1621 303//1621
f 197//1622 194//1622 303//1622
f 199//1623 197//1623 303//1623
f 199//1624 303//1624 304//1624
f 199//1625 304//1625 305//1625
f 200//1626 199//1626 305//1626
f 202//1627 200//1627 305//1627
f 202//1628 305//1628 306//1628
f 205//1629 306//1629 307//1629
f 205//1630 307//1630 308//1630
f 205//1631 202//1631 306//1631
f 207//1632 205//1632 308//1632
f 208//1633 308//1633 309//1633
f 208//1634 207//1634 308//1634
f 211//1635 309//1635 310//1635
f 211//1636 208//1636 309//1636
f 213//1637 310//1637 311//1637
f 213//1638 211//1638 310//1638
f 215//1639 311//1639 312//1639
f 215//1640 312//1640 313//1640
f 215//1641 213//1641 311//1641
f 216//1642 215//1642 313//1642
f 218//1643 313//1643 314//1643
f 218//1644 216//1644 313//1644
f 220//1645 314//1645 315//1645
f 220//1646 218//1646 314//1646
f 222//1647 315//1647 316//1647
f 222//1648 220//1648 315//1648
f 224//1649 316//1649 317//1649
f 224//1650 317//1650 318//1650
f 224//1651 222//1651 316//1651
f 226//1652 224//1652 318//1652
f 228//1653 226//1653 318//1653
f 228//1654 318//1654 319//1654
f 230//1655 228//1655 319//1655
f 230//1656 319//1656 320//1656
f 232//1657 230//1657 320//1657
f 232//1658 320//1658 321//1658
f 232//1659 321//1659 322//1659
f 234//1660 232//1660 322//1660
f 236//1661 234//1661 322//1661
f 236//1662 322//1662 254//1662
f 297//1663 323//1663 324//1663
f 298//1664 324//1664 325//1664
f 298//1665 297//1665 324//1665
f 296//1666 326//1666 323//1666
f 296//1667 323//1667 297//1667
f 299//1668 325//1668 327//1668
f 299//1669 298//1669 325//1669
f 295//1670 328//1670 326//1670
f 295//1671 326//1671 296//1671
f 300//1672 327//1672 329//1672
f 300//1673 299//1673 327//1673
f 294//1674 330//1674 328//1674
f 294//1675 328//1675 295//1675
f 301//1676 329//1676 331//1676
f 301//1677 300//1677 329//1677
f 293//1678 332//1678 330//1678
f 293//1679 330//1679 294//1679
f 302//1680 331//1680 333//1680
f 302//1681 301//1681 331//1681
f 292//1682 334//1682 332//1682
f 292//1683 332//1683 293//1683
f 303//1684 333//1684 335//1684
f 303//1685 302//1685 333//1685
f 291//1686 336//1686 334//1686
f 291//1687 334//1687 292//1687
f 304//1688 335//1688 337//1688
f 304//1689 303//1689 335//1689
f 290//1690 338//1690 336//1690
f 290//1691 336//1691 291//1691
f 305//1692 304//1692 337//1692
f 339//1693 305//1693 337//1693
f 289//1694 340//1694 338//1694
f 289//1695 338//1695 290//1695
f 306//1696 305//1696 339//1696
f 341//1697 306//1697 339//1697
f 288//1698 342//1698 340//1698
f 288//1699 340//1699 289//1699
f 343//1700 342//1700 288//1700
f 307//1701 306//1701 341//1701
f 344//1702 307//1702 341//1702
f 287//1703 343//1703 288//1703
f 345//1704 343//1704 287//1704
f 308//1705 307//1705 344//1705
f 346//1706 308//1706 344//1706
f 286//1707 345//1707 287//1707
f 347//1708 345//1708 286//1708
f 309//1709 308//1709 346//1709
f 348//1710 309//1710 346//1710
f 285//1711 347//1711 286//1711
f 349//1712 347//1712 285//1712
f 310//1713 309//1713 348//1713
f 350//1714 310//1714 348//1714
f 284//1715 349//1715 285//1715
f 351//1716 349//1716 284//1716
f 311//1717 310//1717 350//1717
f 352//1718 311//1718 350//1718
f 283//1719 351//1719 284//1719
f 353//1720 351//1720 283//1720
f 312//1721 311//1721 352//1721
f 354//1722 312//1722 352//1722
f 282//1723 353//1723 283//1723
f 355//1724 353//1724 282//1724
f 313//1725 312//1725 354//1725
f 356//1726 313//1726 354//1726
f 281//1727 355//1727 282//1727
f 357//1728 355//1728 281//1728
f 314//1729 313//1729 356//1729
f 358//1730 314//1730 356//1730
f 280//1731 357//1731 281//1731
f 315//1732 314//1732 358//1732
f 359//1733 357//1733 280//1733
f 279//1734 359//1734 280//1734
f 360//1735 315//1735 358//1735
f 316//1736 315//1736 360//1736
f 361//1737 359//1737 279//1737
f 278//1738 361//1738 279//1738
f 362//1739 316//1739 360//1739
f 317//1740 316//1740 362//1740
f 363//1741 361//1741 278//1741
f 277//1742 363//1742 278//1742
f 364//1743 317//1743 362//1743
f 318//1744 317//1744 364//1744
f 365//1745 363//1745 277//1745
f 276//1746 365//1746 277//1746
f 366//1747 318//1747 364//1747
f 319//1748 318//1748 366//1748
f 367//1749 365//1749 276//1749
f 275//1750 367//1750 276//1750
f 368//1751 319//1751 366//1751
f 320//1752 319//1752 368//1752
f 369//1753 367//1753 275//1753
f 274//1754 369//1754 275//1754
f 370//1755 320//1755 368//1755
f 321//1756 320//1756 370//1756
f 371//1757 369//1757 274//1757
f 273//1758 371//1758 274//1758
f 372//1759 321//1759 370//1759
f 322//1760 321//1760 372//1760
f 373//1761 371//1761 273//1761
f 272//1762 373//1762 273//1762
f 374//1763 322//1763 372//1763
f 254//1764 322//1764 374//1764
f 375//1765 373//1765 272//1765
f 271//1766 375//1766 272//1766
f 376//1767 254//1767 374//1767
f 377//1768 375//1768 271//1768
f 377//1769 271//1769 270//1769
f 378//1770 254//1770 376//1770
f 378//1771 255//1771 254//1771
f 379//1772 377//1772 270//1772
f 379//1773 270//1773 269//1773
f 380//1774 255//1774 378//1774
f 380//1775 256//1775 255//1775
f 381//1776 379//1776 269//1776
f 381//1777 269//1777 268//1777
f 382//1778 256//1778 380//1778
f 382//1779 257//1779 256//1779
f 383//1780 381//1780 268//1780
f 383//1781 268//1781 267//1781
f 384//1782 258//1782 257//1782
f 384//1783 257//1783 382//1783
f 385//1784 267//1784 266//1784
f 385//1785 383//1785 267//1785
f 386//1786 258//1786 384//1786
f 386//1787 259//1787 258//1787
f 387//1788 266//1788 265//1788
f 387//1789 385//1789 266//1789
f 388//1790 260//1790 259//1790
f 388//1791 259//1791 386//1791
f 389//1792 265//1792 264//1792
f 389//1793 387//1793 265//1793
f 390//1794 260//1794 388//1794
f 390//1795 261//1795 260//1795
f 391//1796 389//1796 264//1796
f 391//1797 264//1797 263//1797
f 392//1798 262//1798 261//1798
f 392//1799 261//1799 390//1799
f 393//1800 391//1800 263//1800
f 393//1801 262//1801 392//1801
f 393//1802 263//1802 262//1802
f 378//1803 394//1803 395//1803
f 378//1804 376//1804 394//1804
f 380//1805 395//1805 396//1805
f 380//1806 378//1806 395//1806
f 382//1807 396//1807 397//1807
f 382//1808 380//1808 396//1808
f 384//1809 397//1809 398//1809
f 384//1810 382//1810 397//1810
f 386//1811 398//1811 399//1811
f 386//1812 384//1812 398//1812
f 388//1813 399//1813 400//1813
f 388//1814 400//1814 401//1814
f 388//1815 386//1815 399//1815
f 390//1816 388//1816 401//1816
f 392//1817 401//1817 402//1817
f 392//1818 390//1818 401//1818
f 393//1819 402//1819 403//1819
f 393//1820 392//1820 402//1820
f 391//1821 403//1821 404//1821
f 391//1822 393//1822 403//1822
f 389//1823 404//1823 405//1823
f 389//1824 391//1824 404//1824
f 387//1825 405//1825 406//1825
f 387//1826 406//1826 407//1826
f 387//1827 389//1827 405//1827
f 385//1828 407//1828 408//1828
f 385//1829 387//1829 407//1829
f 383//1830 385//1830 408//1830
f 381//1831 383//1831 408//1831
f 381//1832 408//1832 409//1832
f 379//1833 381//1833 409//1833
f 379//1834 409//1834 410//1834
f 377//1835 379//1835 410//1835
f 377//1836 410//1836 411//1836
f 377//1837 411//1837 412//1837
f 375//1838 377//1838 412//1838
f 373//1839 412//1839 413//1839
f 373//1840 375//1840 412//1840
f 371//1841 373//1841 413//1841
f 371//1842 413//1842 414//1842
f 369//1843 414//1843 415//1843
f 369//1844 371//1844 414//1844
f 367//1845 415//1845 416//1845
f 367//1846 369//1846 415//1846
f 365//1847 416//1847 417//1847
f 365//1848 417//1848 418//1848
f 365//1849 367//1849 416//1849
f 363//1850 365//1850 418//1850
f 361//1851 418//1851 419//1851
f 361//1852 419//1852 420//1852
f 361//1853 363//1853 418//1853
f 359//1854 361//1854 420//1854
f 357//1855 420//1855 421//1855
f 357//1856 421//1856 422//1856
f 357//1857 359//1857 420//1857
f 355//1858 357//1858 422//1858
f 353//1859 422//1859 423//1859
f 353//1860 355//1860 422//1860
f 351//1861 423//1861 424//1861
f 351//1862 353//1862 423//1862
f 349//1863 424//1863 425//1863
f 349//1864 351//1864 424//1864
f 347//1865 425//1865 426//1865
f 347//1866 426//1866 427//1866
f 347//1867 349//1867 425//1867
f 345//1868 347//1868 427//1868
f 343//1869 427//1869 428//1869
f 343//1870 428//1870 429//1870
f 343//1871 345//1871 427//1871
f 342//1872 429//1872 430//1872
f 342//1873 343//1873 429//1873
f 340//1874 342//1874 430//1874
f 338//1875 430//1875 431//1875
f 338//1876 340//1876 430//1876
f 336//1877 431//1877 432//1877
f 336//1878 432//1878 433//1878
f 336//1879 338//1879 431//1879
f 334//1880 336//1880 433//1880
f 332//1881 334//1881 433//1881
f 332//1882 433//1882 434//1882
f 330//1883 332//1883 434//1883
f 330//1884 434//1884 435//1884
f 328//1885 330//1885 435//1885
f 328//1886 435//1886 436//1886
f 326//1887 328//1887 436//1887
f 326//1888 436//1888 437//1888
f 323//1889 326//1889 437//1889
f 323//1890 437//1890 438//1890
f 324//1891 323//1891 438//1891
f 324//1892 438//1892 439//1892
f 325//1893 324//1893 439//1893
f 325//1894 439//1894 440//1894
f 325//1895 440//1895 441//1895
f 327//1896 325//1896 441//1896
f 329//1897 327//1897 441//1897
f 329//1898 441//1898 442//1898
f 329//1899 442//1899 443//1899
f 331//1900 329//1900 443//1900
f 331//1901 443//1901 444//1901
f 333//1902 331//1902 444//1902
f 333//1903 444//1903 445//1903
f 335//1904 333//1904 445//1904
f 335//1905 445//1905 446//1905
f 337//1906 335//1906 446//1906
f 339//1907 446//1907 447//1907
f 339//1908 337//1908 446//1908
f 341//1909 447//1909 448//1909
f 341//1910 339//1910 447//1910
f 344//1911 448//1911 449//1911
f 344//1912 341//1912 448//1912
f 346//1913 449//1913 450//1913
f 346//1914 344//1914 449//1914
f 348//1915 450//1915 451//1915
f 348//1916 346//1916 450//1916
f 350//1917 451//1917 452//1917
f 350//1918 452//1918 453//1918
f 350//1919 348//1919 451//1919
f 352//1920 350//1920 453//1920
f 354//1921 453//1921 454//1921
f 354//1922 352//1922 453//1922
f 356//1923 454//1923 455//1923
f 356//1924 455//1924 456//1924
f 356//1925 354//1925 454//1925
f 358//1926 356//1926 456//1926
f 360//1927 456//1927 457//1927
f 360//1928 358//1928 456//1928
f 362//1929 360//1929 457//1929
f 362//1930 457//1930 458//1930
f 364//1931 362//1931 458//1931
f 364//1932 458//1932 459//1932
f 364//1933 459//1933 460//1933
f 366//1934 364//1934 460//1934
f 368//1935 366//1935 460//1935
f 368//1936 460//1936 461//1936
f 370//1937 368//1937 461//1937
f 370//1938 461//1938 462//1938
f 372//1939 370//1939 462//1939
f 372//1940 462//1940 463//1940
f 374//1941 372//1941 463//1941
f 374//1942 463//1942 464//1942
f 376//1943 374//1943 464//1943
f 376//1944 464//1944 394//1944
f 465//1945 457//1945 456//1945
f 466//1946 465//1946 456//1946
f 466//1947 455//1947 454//1947
f 466//1948 456//1948 455//1948
f 467//1949 457//1949 465//1949
f 467//1950 458//1950 457//1950
f 467//1951 459//1951 458//1951
f 468//1952 454//1952 453//1952
f 468//1953 466//1953 454//1953
f 469//1954 459//1954 467//1954
f 469//1955 460//1955 459//1955
f 470//1956 468//1956 453//1956
f 470//1957 453//1957 452//1957
f 471//1958 460//1958 469//1958
f 471//1959 461//1959 460//1959
f 472//1960 470//1960 452//1960
f 472//1961 451//1961 450//1961
f 472//1962 452//1962 451//1962
f 473//1963 462//1963 461//1963
f 473//1964 463//1964 462//1964
f 473//1965 461//1965 471//1965
f 474//1966 472//1966 450//1966
f 474//1967 450//1967 449//1967
f 475//1968 464//1968 463//1968
f 475//1969 463//1969 473//1969
f 476//1970 448//1970 447//1970
f 476//1971 449//1971 448//1971
f 476//1972 474//1972 449//1972
f 477//1973 395//1973 394//1973
f 477//1974 394//1974 464//1974
f 477//1975 464//1975 475//1975
f 478//1976 447//1976 446//1976
f 478//1977 476//1977 447//1977
f 479//1978 396//1978 395//1978
f 479//1979 395//1979 477//1979
f 480//1980 478//1980 446//1980
f 480//1981 445//1981 444//1981
f 480//1982 446//1982 445//1982
f 481//1983 397//1983 396//1983
f 481//1984 398//1984 397//1984
f 481//1985 396//1985 479//1985
f 482//1986 444//1986 443//1986
f 482//1987 480//1987 444//1987
f 483//1988 399//1988 398//1988
f 483//1989 398//1989 481//1989
f 484//1990 443//1990 442//1990
f 484//1991 482//1991 443//1991
f 485//1992 400//1992 399//1992
f 485//1993 399//1993 483//1993
f 486//1994 484//1994 442//1994
f 486//1995 441//1995 440//1995
f 486//1996 442//1996 441//1996
f 487//1997 401//1997 400//1997
f 487//1998 400//1998 485//1998
f 402//1999 401//1999 487//1999
f 488//2000 486//2000 440//2000
f 488//2001 440//2001 439//2001
f 489//2002 402//2002 487//2002
f 403//2003 402//2003 489//2003
f 490//2004 488//2004 439//2004
f 438//2005 490//2005 439//2005
f 491//2006 403//2006 489//2006
f 404//2007 403//2007 491//2007
f 437//2008 492//2008 490//2008
f 437//2009 490//2009 438//2009
f 405//2010 404//2010 491//2010
f 405//2011 491//2011 493//2011
f 436//2012 494//2012 492//2012
f 436//2013 492//2013 437//2013
f 406//2014 405//2014 493//2014
f 406//2015 493//2015 495//2015
f 435//2016 494//2016 436//2016
f 407//2017 406//2017 495//2017
f 407//2018 495//2018 496//2018
f 434//2019 494//2019 435//2019
f 434//2020 497//2020 494//2020
f 408//2021 407//2021 496//2021
f 433//2022 497//2022 434//2022
f 433//2023 498//2023 497//2023
f 409//2024 496//2024 499//2024
f 409//2025 408//2025 496//2025
f 432//2026 498//2026 433//2026
f 432//2027 500//2027 498//2027
f 410//2028 499//2028 501//2028
f 410//2029 409//2029 499//2029
f 431//2030 500//2030 432//2030
f 411//2031 410//2031 501//2031
f 430//2032 500//2032 431//2032
f 430//2033 502//2033 500//2033
f 412//2034 411//2034 501//2034
f 412//2035 501//2035 503//2035
f 429//2036 502//2036 430//2036
f 429//2037 504//2037 502//2037
f 413//2038 412//2038 503//2038
f 413//2039 503//2039 505//2039
f 428//2040 504//2040 429//2040
f 414//2041 413//2041 505//2041
f 427//2042 504//2042 428//2042
f 427//2043 506//2043 504//2043
f 415//2044 414//2044 505//2044
f 415//2045 505//2045 507//2045
f 426//2046 506//2046 427//2046
f 426//2047 508//2047 506//2047
f 416//2048 507//2048 509//2048
f 416//2049 415//2049 507//2049
f 425//2050 508//2050 426//2050
f 425//2051 510//2051 508//2051
f 417//2052 416//2052 509//2052
f 417//2053 509//2053 511//2053
f 424//2054 510//2054 425//2054
f 418//2055 417//2055 511//2055
f 423//2056 510//2056 424//2056
f 423//2057 512//2057 510//2057
f 419//2058 418//2058 511//2058
f 419//2059 511//2059 513//2059
f 422//2060 512//2060 423//2060
f 422//2061 514//2061 512//2061
f 420//2062 419//2062 513//2062
f 420//2063 513//2063 514//2063
f 421//2064 514//2064 422//2064
f 421//2065 420//2065 514//2065
f 479//2066 515//2066 516//2066
f 479//2067 477//2067 515//2067
f 481//2068 516//2068 517//2068
f 481//2069 479//2069 516//2069
f 483//2070 517//2070 518//2070
f 483//2071 518//2071 519//2071
f 483//2072 481//2072 517//2072
f 485//2073 483//2073 519//2073
f 487//2074 519//2074 520//2074
f 487//2075 520//2075 521//2075
f 487//2076 485//2076 519//2076
f 489//2077 521//2077 522//2077
f 489//2078 487//2078 521//2078
f 491//2079 522//2079 523//2079
f 491//2080 489//2080 522//2080
f 493//2081 491//2081 523//2081
f 495//2082 523//2082 524//2082
f 495//2083 493//2083 523//2083
f 496//2084 524//2084 525//2084
f 496//2085 525//2085 526//2085
f 496//2086 495//2086 524//2086
f 499//2087 496//2087 526//2087
f 501//2088 526//2088 527//2088
f 501//2089 527//2089 528//2089
f 501//2090 499//2090 526//2090
f 503//2091 501//2091 528//2091
f 505//2092 528//2092 529//2092
f 505//2093 529//2093 530//2093
f 505//2094 503//2094 528//2094
f 507//2095 505//2095 530//2095
f 509//2096 530//2096 531//2096
f 509//2097 531//2097 532//2097
f 509//2098 507//2098 530//2098
f 511//2099 509//2099 532//2099
f 513//2100 532//2100 533//2100
f 513//2101 511//2101 532//2101
f 514//2102 533//2102 534//2102
f 514//2103 513//2103 533//2103
f 512//2104 534//2104 535//2104
f 512//2105 535//2105 536//2105
f 512//2106 514//2106 534//2106
f 510//2107 536//2107 537//2107
f 510//2108 512//2108 536//2108
f 508//2109 537//2109 538//2109
f 508//2110 510//2110 537//2110
f 506//2111 508//2111 538//2111
f 504//2112 506//2112 538//2112
f 504//2113 538//2113 539//2113
f 504//2114 539//2114 540//2114
f 502//2115 504//2115 540//2115
f 502//2116 540//2116 541//2116
f 500//2117 502//2117 541//2117
f 498//2118 500//2118 541//2118
f 498//2119 541//2119 542//2119
f 497//2120 498//2120 542//2120
f 497//2121 542//2121 543//2121
f 494//2122 497//2122 543//2122
f 494//2123 543//2123 544//2123
f 492//2124 494//2124 544//2124
f 492//2125 544//2125 545//2125
f 490//2126 492//2126 545//2126
f 490//2127 545//2127 546//2127
f 488//2128 546//2128 547//2128
f 488//2129 490//2129 546//2129
f 486//2130 547//2130 548//2130
f 486//2131 488//2131 547//2131
f 484//2132 548//2132 549//2132
f 484//2133 486//2133 548//2133
f 482//2134 549//2134 550//2134
f 482//2135 484//2135 549//2135
f 480//2136 550//2136 551//2136
f 480//2137 551//2137 552//2137
f 480//2138 482//2138 550//2138
f 478//2139 480//2139 552//2139
f 476//2140 552//2140 553//2140
f 476//2141 478//2141 552//2141
f 474//2142 553//2142 554//2142
f 474//2143 476//2143 553//2143
f 472//2144 554//2144 555//2144
f 472//2145 555//2145 556//2145
f 472//2146 474//2146 554//2146
f 470//2147 472//2147 556//2147
f 468//2148 556//2148 557//2148
f 468//2149 470//2149 556//2149
f 466//2150 557//2150 558//2150
f 466//2151 468//2151 557//2151
f 465//2152 558//2152 559//2152
f 465//2153 466//2153 558//2153
f 467//2154 559//2154 560//2154
f 467//2155 465//2155 559//2155
f 469//2156 560//2156 561//2156
f 469//2157 467//2157 560//2157
f 471//2158 561//2158 562//2158
f 471//2159 469//2159 561//2159
f 473//2160 562//2160 563//2160
f 473//2161 471//2161 562//2161
f 475//2162 473//2162 563//2162
f 475//2163 563//2163 564//2163
f 477//2164 475//2164 564//2164
f 477//2165 564//2165 515//2165
f 73//2166 559//2166 558//2166
f 73//2167 560//2167 559//2167
f 71//2168 73//2168 558//2168
f 71//2169 558//2169 557//2169
f 76//2170 560//2170 73//2170
f 76//2171 561//2171 560//2171
f 69//2172 71//2172 557//2172
f 69//2173 557//2173 556//2173
f 77//2174 561//2174 76//2174
f 77//2175 562//2175 561//2175
f 68//2176 69//2176 556//2176
f 68//2177 556//2177 555//2177
f 79//2178 562//2178 77//2178
f 79//2179 563//2179 562//2179
f 65//2180 68//2180 555//2180
f 65//2181 554//2181 553//2181
f 65//2182 555//2182 554//2182
f 82//2183 563//2183 79//2183
f 82//2184 564//2184 563//2184
f 64//2185 65//2185 553//2185
f 64//2186 553//2186 552//2186
f 2//2187 516//2187 515//2187
f 2//2188 564//2188 82//2188
f 2//2189 515//2189 564//2189
f 62//2190 64//2190 552//2190
f 62//2191 552//2191 551//2191
f 1//2192 517//2192 516//2192
f 1//2193 516//2193 2//2193
f 59//2194 62//2194 551//2194
f 59//2195 551//2195 550//2195
f 5//2196 518//2196 517//2196
f 5//2197 517//2197 1//2197
f 57//2198 550//2198 549//2198
f 57//2199 59//2199 550//2199
f 8//2200 519//2200 518//2200
f 8//2201 518//2201 5//2201
f 56//2202 549//2202 548//2202
f 56//2203 57//2203 549//2203
f 9//2204 520//2204 519//2204
f 9//2205 519//2205 8//2205
f 547//2206 56//2206 548//2206
f 53//2207 56//2207 547//2207
f 12//2208 521//2208 520//2208
f 12//2209 520//2209 9//2209
f 546//2210 53//2210 547//2210
f 52//2211 53//2211 546//2211
f 522//2212 12//2212 13//2212
f 522//2213 521//2213 12//2213
f 545//2214 52//2214 546//2214
f 49//2215 52//2215 545//2215
f 523//2216 13//2216 16//2216
f 523//2217 522//2217 13//2217
f 544//2218 47//2218 49//2218
f 544//2219 49//2219 545//2219
f 524//2220 16//2220 17//2220
f 524//2221 523//2221 16//2221
f 543//2222 47//2222 544//2222
f 525//2223 524//2223 17//2223
f 525//2224 17//2224 20//2224
f 542//2225 47//2225 543//2225
f 542//2226 45//2226 47//2226
f 526//2227 525//2227 20//2227
f 541//2228 45//2228 542//2228
f 541//2229 43//2229 45//2229
f 527//2230 526//2230 20//2230
f 527//2231 20//2231 21//2231
f 540//2232 43//2232 541//2232
f 540//2233 41//2233 43//2233
f 528//2234 527//2234 21//2234
f 528//2235 21//2235 24//2235
f 539//2236 41//2236 540//2236
f 539//2237 39//2237 41//2237
f 529//2238 528//2238 24//2238
f 529//2239 24//2239 26//2239
f 538//2240 39//2240 539//2240
f 538//2241 37//2241 39//2241
f 530//2242 529//2242 26//2242
f 530//2243 26//2243 27//2243
f 537//2244 37//2244 538//2244
f 531//2245 530//2245 27//2245
f 531//2246 27//2246 29//2246
f 536//2247 37//2247 537//2247
f 536//2248 35//2248 37//2248
f 532//2249 531//2249 29//2249
f 535//2250 35//2250 536//2250
f 535//2251 33//2251 35//2251
f 533//2252 29//2252 31//2252
f 533//2253 532//2253 29//2253
f 534//2254 31//2254 33//2254
f 534//2255 33//2255 535//2255
f 534//2256 533//2256 31//2256
